tick,robot_id,x,y,battery,health,status,wait_counter
0,R0,1,8,99.95,100.0,idle,0
0,R1,3,8,99.95,100.0,idle,0
0,R2,5,8,99.95,100.0,idle,0
0,R3,7,8,99.95,100.0,idle,0
0,R4,9,8,99.95,100.0,idle,0
1,R0,1,8,99.9,100.0,idle,0
1,R1,3,8,99.9,100.0,idle,0
1,R2,5,8,99.9,100.0,idle,0
1,R3,7,8,99.9,100.0,idle,0
1,R4,9,8,99.9,100.0,idle,0
2,R0,1,8,99.85,100.0,idle,0
2,R1,3,8,99.85,100.0,idle,0
2,R2,5,8,99.85,100.0,idle,0
2,R3,7,8,99.85,100.0,idle,0
2,R4,9,8,99.85,100.0,idle,0
3,R0,1,8,99.8,100.0,idle,0
3,R1,3,8,99.8,100.0,idle,0
3,R2,5,8,99.8,100.0,idle,0
3,R3,7,8,99.8,100.0,idle,0
3,R4,9,8,99.8,100.0,idle,0
4,R0,1,8,99.75,100.0,idle,0
4,R1,3,8,99.75,100.0,idle,0
4,R2,5,8,99.75,100.0,idle,0
4,R3,7,8,99.75,100.0,idle,0
4,R4,9,8,99.75,100.0,idle,0
5,R0,1,8,99.7,100.0,idle,0
5,R1,3,8,99.7,100.0,idle,0
5,R2,5,8,99.7,100.0,idle,0
5,R3,7,8,99.7,100.0,idle,0
5,R4,9,8,99.7,100.0,idle,0
6,R0,1,8,99.65,100.0,idle,0
6,R1,3,8,99.65,100.0,idle,0
6,R2,5,8,99.65,100.0,idle,0
6,R3,7,8,99.65,100.0,idle,0
6,R4,9,8,99.65,100.0,idle,0
7,R0,1,8,99.6,100.0,idle,0
7,R1,3,8,99.6,100.0,idle,0
7,R2,5,8,99.6,100.0,idle,0
7,R3,7,8,99.6,100.0,idle,0
7,R4,9,8,99.6,100.0,idle,0
8,R0,1,8,99.55,100.0,idle,0
8,R1,3,8,99.55,100.0,idle,0
8,R2,5,8,99.55,100.0,idle,0
8,R3,7,8,99.55,100.0,idle,0
8,R4,9,8,99.55,100.0,idle,0
9,R0,1,8,99.5,100.0,idle,0
9,R1,3,8,99.5,100.0,idle,0
9,R2,5,8,99.5,100.0,idle,0
9,R3,7,8,99.5,100.0,idle,0
9,R4,9,8,99.5,100.0,idle,0
10,R0,1,8,99.45,100.0,idle,0
10,R1,3,8,99.45,100.0,idle,0
10,R2,5,8,99.45,100.0,idle,0
10,R3,7,8,99.45,100.0,idle,0
10,R4,9,8,99.45,100.0,idle,0
11,R0,1,8,99.4,100.0,idle,0
11,R1,3,8,99.4,100.0,idle,0
11,R2,5,8,99.4,100.0,idle,0
11,R3,7,8,99.4,100.0,idle,0
11,R4,9,8,99.4,100.0,idle,0
12,R0,1,8,99.35,100.0,idle,0
12,R1,3,8,99.35,100.0,idle,0
12,R2,5,8,99.35,100.0,idle,0
12,R3,7,8,99.35,100.0,idle,0
12,R4,9,8,99.35,100.0,idle,0
13,R0,1,8,99.3,100.0,idle,0
13,R1,3,8,99.3,100.0,idle,0
13,R2,5,8,99.3,100.0,idle,0
13,R3,7,8,99.3,100.0,idle,0
13,R4,9,8,99.3,100.0,idle,0
14,R0,1,8,99.25,100.0,idle,0
14,R1,3,8,99.25,100.0,idle,0
14,R2,5,8,99.25,100.0,idle,0
14,R3,7,8,99.25,100.0,idle,0
14,R4,9,8,99.25,100.0,idle,0
15,R0,1,8,99.2,100.0,idle,0
15,R1,3,8,99.2,100.0,idle,0
15,R2,5,8,99.2,100.0,idle,0
15,R3,7,8,99.2,100.0,idle,0
15,R4,9,8,99.2,100.0,idle,0
16,R0,1,8,99.15,100.0,idle,0
16,R1,3,8,99.15,100.0,idle,0
16,R2,5,8,99.15,100.0,idle,0
16,R3,7,8,99.15,0.0,broken,0
16,R4,9,8,99.15,100.0,idle,0
17,R0,1,8,99.1,100.0,idle,0
17,R1,3,8,99.1,100.0,idle,0
17,R2,5,8,99.1,100.0,idle,0
17,R3,7,8,99.1,0.0,broken,0
17,R4,9,8,99.1,100.0,idle,0
18,R0,1,8,99.05,100.0,idle,0
18,R1,3,8,99.05,100.0,idle,0
18,R2,5,8,99.05,100.0,idle,0
18,R3,7,8,99.05,0.0,broken,0
18,R4,9,8,99.05,100.0,idle,0
19,R0,1,8,99.0,100.0,idle,0
19,R1,3,8,99.0,100.0,idle,0
19,R2,5,8,99.0,100.0,idle,0
19,R3,7,8,99.0,0.0,broken,0
19,R4,9,8,99.0,100.0,idle,0
20,R0,1,8,98.95,100.0,idle,0
20,R1,3,8,98.95,100.0,idle,0
20,R2,5,8,98.95,100.0,idle,0
20,R3,7,8,98.95,0.0,broken,0
20,R4,9,8,98.95,100.0,idle,0
21,R0,1,8,98.9,100.0,idle,0
21,R1,3,8,98.9,100.0,idle,0
21,R2,5,8,98.9,100.0,idle,0
21,R3,7,8,98.9,0.0,broken,0
21,R4,9,8,98.9,100.0,idle,0
22,R0,1,8,98.85,100.0,idle,0
22,R1,3,8,98.85,100.0,idle,0
22,R2,5,8,98.85,100.0,idle,0
22,R3,7,8,98.85,0.0,broken,0
22,R4,9,8,98.85,100.0,idle,0
23,R0,1,8,98.8,100.0,idle,0
23,R1,3,8,98.8,100.0,idle,0
23,R2,5,8,98.8,100.0,idle,0
23,R3,7,8,98.8,0.0,broken,0
23,R4,9,8,98.8,100.0,idle,0
24,R0,1,8,98.75,100.0,idle,0
24,R1,3,8,98.75,100.0,idle,0
24,R2,5,8,98.75,100.0,idle,0
24,R3,7,8,98.75,0.0,broken,0
24,R4,9,8,98.75,100.0,idle,0
25,R0,1,8,98.7,100.0,idle,0
25,R1,3,8,98.7,100.0,idle,0
25,R2,5,8,98.7,100.0,idle,0
25,R3,7,8,98.7,0.0,broken,0
25,R4,9,8,98.7,100.0,idle,0
26,R0,1,8,98.65,100.0,idle,0
26,R1,3,8,98.65,100.0,idle,0
26,R2,5,8,98.65,100.0,idle,0
26,R3,7,8,98.65,0.0,broken,0
26,R4,9,8,98.65,100.0,idle,0
27,R0,1,8,98.6,100.0,idle,0
27,R1,3,8,98.6,100.0,idle,0
27,R2,5,8,98.6,100.0,idle,0
27,R3,7,8,98.6,0.0,broken,0
27,R4,9,8,98.6,100.0,idle,0
28,R0,1,8,98.55,100.0,idle,0
28,R1,3,8,98.55,100.0,idle,0
28,R2,5,8,98.55,100.0,idle,0
28,R3,7,8,98.55,0.0,broken,0
28,R4,9,8,98.55,100.0,idle,0
29,R0,1,8,98.5,100.0,idle,0
29,R1,3,8,98.5,100.0,idle,0
29,R2,5,8,98.5,100.0,idle,0
29,R3,7,8,98.5,0.0,broken,0
29,R4,9,8,98.5,100.0,idle,0
30,R0,1,8,98.45,100.0,idle,0
30,R1,3,8,98.45,100.0,idle,0
30,R2,5,8,98.45,100.0,idle,0
30,R3,7,8,98.45,0.0,broken,0
30,R4,9,8,98.45,100.0,idle,0
31,R0,1,8,98.4,100.0,idle,0
31,R1,3,8,98.4,100.0,idle,0
31,R2,5,8,98.4,100.0,idle,0
31,R3,7,8,98.4,0.0,broken,0
31,R4,9,8,98.4,100.0,idle,0
32,R0,1,8,98.35,100.0,idle,0
32,R1,3,8,98.35,100.0,idle,0
32,R2,5,8,98.35,100.0,idle,0
32,R3,7,8,98.35,0.0,broken,0
32,R4,9,8,98.35,100.0,idle,0
33,R0,1,8,98.3,100.0,idle,0
33,R1,3,8,98.3,100.0,idle,0
33,R2,5,8,98.3,100.0,idle,0
33,R3,7,8,98.3,0.0,broken,0
33,R4,9,8,98.3,100.0,idle,0
34,R0,1,8,98.25,100.0,idle,0
34,R1,3,8,98.25,100.0,idle,0
34,R2,5,8,98.25,100.0,idle,0
34,R3,7,8,98.25,0.0,broken,0
34,R4,9,8,98.25,100.0,idle,0
35,R0,1,8,98.2,100.0,idle,0
35,R1,3,8,98.2,100.0,idle,0
35,R2,5,8,98.2,100.0,idle,0
35,R3,7,8,98.2,0.0,broken,0
35,R4,9,8,98.2,100.0,idle,0
36,R0,1,8,98.15,100.0,idle,0
36,R1,3,8,98.15,100.0,idle,0
36,R2,5,8,98.15,100.0,idle,0
36,R3,7,8,98.15,0.0,broken,0
36,R4,9,8,98.15,100.0,idle,0
37,R0,1,8,98.1,100.0,idle,0
37,R1,3,8,98.1,100.0,idle,0
37,R2,5,8,98.1,100.0,idle,0
37,R3,7,8,98.1,0.0,broken,0
37,R4,9,8,98.1,100.0,idle,0
38,R0,1,8,98.05,100.0,idle,0
38,R1,3,8,98.05,100.0,idle,0
38,R2,5,8,98.05,100.0,idle,0
38,R3,7,8,98.05,0.0,broken,0
38,R4,9,8,98.05,100.0,idle,0
39,R0,1,8,98.0,100.0,idle,0
39,R1,3,8,98.0,100.0,idle,0
39,R2,5,8,98.0,100.0,idle,0
39,R3,7,8,98.0,0.0,broken,0
39,R4,9,8,98.0,100.0,idle,0
40,R0,1,8,97.95,100.0,idle,0
40,R1,3,8,97.95,100.0,idle,0
40,R2,5,8,97.95,100.0,idle,0
40,R3,7,8,97.95,0.0,broken,0
40,R4,9,8,97.95,100.0,idle,0
41,R0,1,8,97.9,100.0,idle,0
41,R1,3,8,97.9,100.0,idle,0
41,R2,5,8,97.9,100.0,idle,0
41,R3,7,8,97.9,0.0,broken,0
41,R4,9,8,97.9,100.0,idle,0
42,R0,1,8,97.85,100.0,idle,0
42,R1,3,8,97.85,100.0,idle,0
42,R2,5,8,97.85,100.0,idle,0
42,R3,7,8,97.85,0.0,broken,0
42,R4,9,8,97.85,100.0,idle,0
43,R0,1,8,97.8,100.0,idle,0
43,R1,3,8,97.8,100.0,idle,0
43,R2,5,8,97.8,100.0,idle,0
43,R3,7,8,97.8,0.0,broken,0
43,R4,9,8,97.8,100.0,idle,0
44,R0,1,8,97.75,100.0,idle,0
44,R1,3,8,97.75,100.0,idle,0
44,R2,5,8,97.75,100.0,idle,0
44,R3,7,8,97.75,0.0,broken,0
44,R4,9,8,97.75,100.0,idle,0
45,R0,1,8,97.7,100.0,idle,0
45,R1,3,8,97.7,100.0,idle,0
45,R2,5,8,97.7,100.0,idle,0
45,R3,7,8,97.7,0.0,broken,0
45,R4,9,8,97.7,100.0,idle,0
46,R0,1,8,97.65,100.0,idle,0
46,R1,3,8,97.65,100.0,idle,0
46,R2,5,8,97.65,100.0,idle,0
46,R3,7,8,97.65,0.0,broken,0
46,R4,9,8,97.65,100.0,idle,0
47,R0,1,8,97.6,100.0,idle,0
47,R1,3,8,97.6,100.0,idle,0
47,R2,5,8,97.6,100.0,idle,0
47,R3,7,8,97.6,0.0,broken,0
47,R4,9,8,97.6,100.0,idle,0
48,R0,1,8,97.55,100.0,idle,0
48,R1,3,8,97.55,100.0,idle,0
48,R2,5,8,97.55,100.0,idle,0
48,R3,7,8,97.55,0.0,broken,0
48,R4,9,8,97.55,100.0,idle,0
49,R0,1,8,97.5,100.0,idle,0
49,R1,3,8,97.5,100.0,idle,0
49,R2,5,8,97.5,100.0,idle,0
49,R3,7,8,97.5,0.0,broken,0
49,R4,9,8,97.5,100.0,idle,0
50,R0,1,8,97.45,100.0,idle,0
50,R1,3,8,97.45,100.0,idle,0
50,R2,5,8,97.45,100.0,idle,0
50,R3,7,8,97.45,0.0,broken,0
50,R4,9,8,97.45,100.0,idle,0
51,R0,1,8,97.4,100.0,idle,0
51,R1,3,8,97.4,100.0,idle,0
51,R2,5,8,97.4,100.0,idle,0
51,R3,7,8,97.4,0.0,broken,0
51,R4,9,8,97.4,100.0,idle,0
52,R0,1,8,97.35,100.0,idle,0
52,R1,3,8,97.35,100.0,idle,0
52,R2,5,8,97.35,100.0,idle,0
52,R3,7,8,97.35,0.0,broken,0
52,R4,9,8,97.35,100.0,idle,0
53,R0,1,8,97.3,100.0,idle,0
53,R1,3,8,97.3,100.0,idle,0
53,R2,5,8,97.3,100.0,idle,0
53,R3,7,8,97.3,0.0,broken,0
53,R4,9,8,97.3,100.0,idle,0
54,R0,1,8,97.25,100.0,idle,0
54,R1,3,8,97.25,100.0,idle,0
54,R2,5,8,97.25,100.0,idle,0
54,R3,7,8,97.25,0.0,broken,0
54,R4,9,8,97.25,100.0,idle,0
55,R0,1,8,97.2,100.0,idle,0
55,R1,3,8,97.2,100.0,idle,0
55,R2,5,8,97.2,100.0,idle,0
55,R3,7,8,97.2,0.0,broken,0
55,R4,9,8,97.2,100.0,idle,0
56,R0,1,8,97.15,100.0,idle,0
56,R1,3,8,97.15,100.0,idle,0
56,R2,5,8,97.15,100.0,idle,0
56,R3,7,8,97.15,0.0,broken,0
56,R4,9,8,97.15,100.0,idle,0
57,R0,1,8,97.1,100.0,idle,0
57,R1,3,8,97.1,100.0,idle,0
57,R2,5,8,97.1,100.0,idle,0
57,R3,7,8,97.1,0.0,broken,0
57,R4,9,8,97.1,100.0,idle,0
58,R0,1,8,97.05,100.0,idle,0
58,R1,3,8,97.05,100.0,idle,0
58,R2,5,8,97.05,100.0,idle,0
58,R3,7,8,97.05,0.0,broken,0
58,R4,9,8,97.05,100.0,idle,0
59,R0,1,8,97.0,100.0,idle,0
59,R1,3,8,97.0,100.0,idle,0
59,R2,5,8,97.0,100.0,idle,0
59,R3,7,8,97.0,0.0,broken,0
59,R4,9,8,97.0,100.0,idle,0
60,R0,1,8,96.95,100.0,idle,0
60,R1,3,8,96.95,100.0,idle,0
60,R2,5,8,96.95,100.0,idle,0
60,R3,7,8,96.95,0.0,broken,0
60,R4,9,8,96.95,100.0,idle,0
61,R0,1,8,96.9,100.0,idle,0
61,R1,3,8,96.9,100.0,idle,0
61,R2,5,8,96.9,100.0,idle,0
61,R3,7,8,96.9,0.0,broken,0
61,R4,9,8,96.9,100.0,idle,0
62,R0,1,8,96.85,100.0,idle,0
62,R1,3,8,96.85,100.0,idle,0
62,R2,5,8,96.85,100.0,idle,0
62,R3,7,8,96.85,0.0,broken,0
62,R4,9,8,96.85,100.0,idle,0
63,R0,1,8,96.8,100.0,idle,0
63,R1,3,8,96.8,100.0,idle,0
63,R2,5,8,96.8,100.0,idle,0
63,R3,7,8,96.8,0.0,broken,0
63,R4,9,8,96.8,100.0,idle,0
64,R0,1,8,96.75,100.0,idle,0
64,R1,3,8,96.75,100.0,idle,0
64,R2,5,8,96.75,100.0,idle,0
64,R3,7,8,96.75,0.0,broken,0
64,R4,9,8,96.75,100.0,idle,0
65,R0,1,8,96.7,100.0,idle,0
65,R1,3,8,96.7,100.0,idle,0
65,R2,5,8,96.7,100.0,idle,0
65,R3,7,8,96.7,0.0,broken,0
65,R4,9,8,96.7,100.0,idle,0
66,R0,1,8,96.65,100.0,idle,0
66,R1,3,8,96.65,100.0,idle,0
66,R2,5,8,96.65,100.0,idle,0
66,R3,7,8,96.65,0.0,broken,0
66,R4,9,8,96.65,100.0,idle,0
67,R0,1,8,96.6,100.0,idle,0
67,R1,3,8,96.6,100.0,idle,0
67,R2,5,8,96.6,100.0,idle,0
67,R3,7,8,96.6,0.0,broken,0
67,R4,9,8,96.6,100.0,idle,0
68,R0,1,8,96.55,100.0,idle,0
68,R1,3,8,96.55,100.0,idle,0
68,R2,5,8,96.55,100.0,idle,0
68,R3,7,8,96.55,0.0,broken,0
68,R4,9,8,96.55,100.0,idle,0
69,R0,1,8,96.5,100.0,idle,0
69,R1,3,8,96.5,100.0,idle,0
69,R2,5,8,96.5,100.0,idle,0
69,R3,7,8,96.5,0.0,broken,0
69,R4,9,8,96.5,100.0,idle,0
70,R0,1,8,96.45,100.0,idle,0
70,R1,3,8,96.45,100.0,idle,0
70,R2,5,8,96.45,100.0,idle,0
70,R3,7,8,96.45,0.0,broken,0
70,R4,9,8,96.45,100.0,idle,0
71,R0,1,8,96.4,100.0,idle,0
71,R1,3,8,96.4,100.0,idle,0
71,R2,5,8,96.4,100.0,idle,0
71,R3,7,8,96.4,0.0,broken,0
71,R4,9,8,96.4,100.0,idle,0
72,R0,1,8,96.35,100.0,idle,0
72,R1,3,8,96.35,100.0,idle,0
72,R2,5,8,96.35,100.0,idle,0
72,R3,7,8,96.35,0.0,broken,0
72,R4,9,8,96.35,100.0,idle,0
73,R0,1,8,96.3,100.0,idle,0
73,R1,3,8,96.3,100.0,idle,0
73,R2,5,8,96.3,100.0,idle,0
73,R3,7,8,96.3,0.0,broken,0
73,R4,9,8,96.3,100.0,idle,0
74,R0,1,8,96.25,100.0,idle,0
74,R1,3,8,96.25,100.0,idle,0
74,R2,5,8,96.25,100.0,idle,0
74,R3,7,8,96.25,0.0,broken,0
74,R4,9,8,96.25,100.0,idle,0
75,R0,1,8,96.2,100.0,idle,0
75,R1,3,8,96.2,100.0,idle,0
75,R2,5,8,96.2,100.0,idle,0
75,R3,7,8,96.2,0.0,broken,0
75,R4,9,8,96.2,100.0,idle,0
76,R0,1,8,96.15,100.0,idle,0
76,R1,3,8,96.15,100.0,idle,0
76,R2,5,8,96.15,100.0,idle,0
76,R3,7,8,96.15,0.0,broken,0
76,R4,9,8,96.15,100.0,idle,0
77,R0,1,8,96.1,100.0,idle,0
77,R1,3,8,96.1,100.0,idle,0
77,R2,5,8,96.1,100.0,idle,0
77,R3,7,8,96.1,0.0,broken,0
77,R4,9,8,96.1,100.0,idle,0
78,R0,1,8,96.05,100.0,idle,0
78,R1,3,8,96.05,100.0,idle,0
78,R2,5,8,96.05,100.0,idle,0
78,R3,7,8,96.05,0.0,broken,0
78,R4,9,8,96.05,100.0,idle,0
79,R0,1,8,96.0,100.0,idle,0
79,R1,3,8,96.0,100.0,idle,0
79,R2,5,8,96.0,100.0,idle,0
79,R3,7,8,96.0,0.0,broken,0
79,R4,9,8,96.0,100.0,idle,0
80,R0,1,8,95.95,100.0,idle,0
80,R1,3,8,95.95,100.0,idle,0
80,R2,5,8,95.95,100.0,idle,0
80,R3,7,8,95.95,0.0,broken,0
80,R4,9,8,95.95,100.0,idle,0
81,R0,1,8,95.9,100.0,idle,0
81,R1,3,8,95.9,100.0,idle,0
81,R2,5,8,95.9,100.0,idle,0
81,R3,7,8,95.9,0.0,broken,0
81,R4,9,8,95.9,100.0,idle,0
82,R0,1,8,95.85,100.0,idle,0
82,R1,3,8,95.85,100.0,idle,0
82,R2,5,8,95.85,100.0,idle,0
82,R3,7,8,95.85,0.0,broken,0
82,R4,9,8,95.85,100.0,idle,0
83,R0,1,8,95.8,100.0,idle,0
83,R1,3,8,95.8,100.0,idle,0
83,R2,5,8,95.8,100.0,idle,0
83,R3,7,8,95.8,0.0,broken,0
83,R4,9,8,95.8,100.0,idle,0
84,R0,1,8,95.75,100.0,idle,0
84,R1,3,8,95.75,100.0,idle,0
84,R2,5,8,95.75,100.0,idle,0
84,R3,7,8,95.75,0.0,broken,0
84,R4,9,8,95.75,100.0,idle,0
85,R0,1,8,95.7,100.0,idle,0
85,R1,3,8,95.7,100.0,idle,0
85,R2,5,8,95.7,100.0,idle,0
85,R3,7,8,95.7,0.0,broken,0
85,R4,9,8,95.7,100.0,idle,0
86,R0,1,8,95.65,100.0,idle,0
86,R1,3,8,95.65,100.0,idle,0
86,R2,5,8,95.65,100.0,idle,0
86,R3,7,8,95.65,0.0,broken,0
86,R4,9,8,95.65,100.0,idle,0
87,R0,1,8,95.6,100.0,idle,0
87,R1,3,8,95.6,100.0,idle,0
87,R2,5,8,95.6,100.0,idle,0
87,R3,7,8,95.6,0.0,broken,0
87,R4,9,8,95.6,100.0,idle,0
88,R0,1,8,95.55,100.0,idle,0
88,R1,3,8,95.55,100.0,idle,0
88,R2,5,8,95.55,100.0,idle,0
88,R3,7,8,95.55,0.0,broken,0
88,R4,9,8,95.55,100.0,idle,0
89,R0,1,8,95.5,100.0,idle,0
89,R1,3,8,95.5,100.0,idle,0
89,R2,5,8,95.5,100.0,idle,0
89,R3,7,8,95.5,0.0,broken,0
89,R4,9,8,95.5,100.0,idle,0
90,R0,1,8,95.45,100.0,idle,0
90,R1,3,8,95.45,100.0,idle,0
90,R2,5,8,95.45,100.0,idle,0
90,R3,7,8,95.45,0.0,broken,0
90,R4,9,8,95.45,100.0,idle,0
91,R0,1,8,95.4,100.0,idle,0
91,R1,3,8,95.4,100.0,idle,0
91,R2,5,8,95.4,100.0,idle,0
91,R3,7,8,95.4,0.0,broken,0
91,R4,9,8,95.4,100.0,idle,0
92,R0,1,8,95.35,100.0,idle,0
92,R1,3,8,95.35,100.0,idle,0
92,R2,5,8,95.35,100.0,idle,0
92,R3,7,8,95.35,0.0,broken,0
92,R4,9,8,95.35,100.0,idle,0
93,R0,1,8,95.3,100.0,idle,0
93,R1,3,8,95.3,100.0,idle,0
93,R2,5,8,95.3,100.0,idle,0
93,R3,7,8,95.3,0.0,broken,0
93,R4,9,8,95.3,100.0,idle,0
94,R0,1,8,95.25,100.0,idle,0
94,R1,3,8,95.25,100.0,idle,0
94,R2,5,8,95.25,100.0,idle,0
94,R3,7,8,95.25,0.0,broken,0
94,R4,9,8,95.25,100.0,idle,0
95,R0,1,8,95.2,100.0,idle,0
95,R1,3,8,95.2,100.0,idle,0
95,R2,5,8,95.2,100.0,idle,0
95,R3,7,8,95.2,0.0,broken,0
95,R4,9,8,95.2,100.0,idle,0
96,R0,1,8,95.15,100.0,idle,0
96,R1,3,8,95.15,100.0,idle,0
96,R2,5,8,95.15,100.0,idle,0
96,R3,7,8,95.15,0.0,broken,0
96,R4,9,8,95.15,100.0,idle,0
97,R0,1,8,95.1,100.0,idle,0
97,R1,3,8,95.1,100.0,idle,0
97,R2,5,8,95.1,100.0,idle,0
97,R3,7,8,95.1,0.0,broken,0
97,R4,9,8,95.1,100.0,idle,0
98,R0,1,8,95.05,100.0,idle,0
98,R1,3,8,95.05,100.0,idle,0
98,R2,5,8,95.05,100.0,idle,0
98,R3,7,8,95.05,0.0,broken,0
98,R4,9,8,95.05,100.0,idle,0
99,R0,1,8,95.0,100.0,idle,0
99,R1,3,8,95.0,100.0,idle,0
99,R2,5,8,95.0,100.0,idle,0
99,R3,7,8,95.0,0.0,broken,0
99,R4,9,8,95.0,100.0,idle,0
100,R0,1,8,94.95,100.0,idle,0
100,R1,3,8,94.95,100.0,idle,0
100,R2,5,8,94.95,100.0,idle,0
100,R3,7,8,94.95,0.0,broken,0
100,R4,9,8,94.95,100.0,idle,0
101,R0,1,8,94.9,100.0,idle,0
101,R1,3,8,94.9,100.0,idle,0
101,R2,5,8,94.9,100.0,idle,0
101,R3,7,8,94.9,0.0,broken,0
101,R4,9,8,94.9,100.0,idle,0
102,R0,1,8,94.85,100.0,idle,0
102,R1,3,8,94.85,100.0,idle,0
102,R2,5,8,94.85,100.0,idle,0
102,R3,7,8,94.85,0.0,broken,0
102,R4,9,8,94.85,100.0,idle,0
103,R0,1,8,94.8,100.0,idle,0
103,R1,3,8,94.8,100.0,idle,0
103,R2,5,8,94.8,100.0,idle,0
103,R3,7,8,94.8,0.0,broken,0
103,R4,9,8,94.8,100.0,idle,0
104,R0,1,8,94.75,100.0,idle,0
104,R1,3,8,94.75,100.0,idle,0
104,R2,5,8,94.75,100.0,idle,0
104,R3,7,8,94.75,0.0,broken,0
104,R4,9,8,94.75,100.0,idle,0
105,R0,1,8,94.7,100.0,idle,0
105,R1,3,8,94.7,100.0,idle,0
105,R2,5,8,94.7,100.0,idle,0
105,R3,7,8,94.7,0.0,broken,0
105,R4,9,8,94.7,100.0,idle,0
106,R0,1,8,94.65,100.0,idle,0
106,R1,3,8,94.65,100.0,idle,0
106,R2,5,8,94.65,100.0,idle,0
106,R3,7,8,94.65,0.0,broken,0
106,R4,9,8,94.65,100.0,idle,0
107,R0,1,8,94.6,100.0,idle,0
107,R1,3,8,94.6,100.0,idle,0
107,R2,5,8,94.6,100.0,idle,0
107,R3,7,8,94.6,0.0,broken,0
107,R4,9,8,94.6,100.0,idle,0
108,R0,1,8,94.55,100.0,idle,0
108,R1,3,8,94.55,100.0,idle,0
108,R2,5,8,94.55,100.0,idle,0
108,R3,7,8,94.55,0.0,broken,0
108,R4,9,8,94.55,100.0,idle,0
109,R0,1,8,94.5,100.0,idle,0
109,R1,3,8,94.5,100.0,idle,0
109,R2,5,8,94.5,100.0,idle,0
109,R3,7,8,94.5,0.0,broken,0
109,R4,9,8,94.5,100.0,idle,0
110,R0,1,8,94.45,100.0,idle,0
110,R1,3,8,94.45,100.0,idle,0
110,R2,5,8,94.45,100.0,idle,0
110,R3,7,8,94.45,0.0,broken,0
110,R4,9,8,94.45,100.0,idle,0
111,R0,1,8,94.4,100.0,idle,0
111,R1,3,8,94.4,100.0,idle,0
111,R2,5,8,94.4,100.0,idle,0
111,R3,7,8,94.4,0.0,broken,0
111,R4,9,8,94.4,100.0,idle,0
112,R0,1,8,94.35,100.0,idle,0
112,R1,3,8,94.35,100.0,idle,0
112,R2,5,8,94.35,100.0,idle,0
112,R3,7,8,94.35,0.0,broken,0
112,R4,9,8,94.35,100.0,idle,0
113,R0,1,8,94.3,100.0,idle,0
113,R1,3,8,94.3,100.0,idle,0
113,R2,5,8,94.3,100.0,idle,0
113,R3,7,8,94.3,0.0,broken,0
113,R4,9,8,94.3,100.0,idle,0
114,R0,1,8,94.25,100.0,idle,0
114,R1,3,8,94.25,100.0,idle,0
114,R2,5,8,94.25,100.0,idle,0
114,R3,7,8,94.25,0.0,broken,0
114,R4,9,8,94.25,100.0,idle,0
115,R0,1,8,94.2,100.0,idle,0
115,R1,3,8,94.2,100.0,idle,0
115,R2,5,8,94.2,100.0,idle,0
115,R3,7,8,94.2,0.0,broken,0
115,R4,9,8,94.2,100.0,idle,0
116,R0,1,8,94.15,100.0,idle,0
116,R1,3,8,94.15,100.0,idle,0
116,R2,5,8,94.15,100.0,idle,0
116,R3,7,8,94.15,0.0,broken,0
116,R4,9,8,94.15,100.0,idle,0
117,R0,1,8,94.1,100.0,idle,0
117,R1,3,8,94.1,100.0,idle,0
117,R2,5,8,94.1,100.0,idle,0
117,R3,7,8,94.1,0.0,broken,0
117,R4,9,8,94.1,100.0,idle,0
118,R0,1,8,94.05,100.0,idle,0
118,R1,3,8,94.05,100.0,idle,0
118,R2,5,8,94.05,100.0,idle,0
118,R3,7,8,94.05,0.0,broken,0
118,R4,9,8,94.05,100.0,idle,0
119,R0,1,8,94.0,100.0,idle,0
119,R1,3,8,94.0,100.0,idle,0
119,R2,5,8,94.0,100.0,idle,0
119,R3,7,8,94.0,0.0,broken,0
119,R4,9,8,94.0,100.0,idle,0
120,R0,1,8,93.95,100.0,idle,0
120,R1,3,8,93.95,100.0,idle,0
120,R2,5,8,93.95,100.0,idle,0
120,R3,7,8,93.95,0.0,broken,0
120,R4,9,8,93.95,100.0,idle,0
121,R0,1,8,93.9,100.0,idle,0
121,R1,3,8,93.9,100.0,idle,0
121,R2,5,8,93.9,100.0,idle,0
121,R3,7,8,93.9,0.0,broken,0
121,R4,9,8,93.9,100.0,idle,0
122,R0,1,8,93.85,100.0,idle,0
122,R1,3,8,93.85,100.0,idle,0
122,R2,5,8,93.85,100.0,idle,0
122,R3,7,8,93.85,0.0,broken,0
122,R4,9,8,93.85,100.0,idle,0
123,R0,1,8,93.8,100.0,idle,0
123,R1,3,8,93.8,100.0,idle,0
123,R2,5,8,93.8,100.0,idle,0
123,R3,7,8,93.8,0.0,broken,0
123,R4,9,8,93.8,100.0,idle,0
124,R0,1,8,93.75,100.0,idle,0
124,R1,3,8,93.75,100.0,idle,0
124,R2,5,8,93.75,100.0,idle,0
124,R3,7,8,93.75,0.0,broken,0
124,R4,9,8,93.75,100.0,idle,0
125,R0,1,8,93.7,100.0,idle,0
125,R1,3,8,93.7,100.0,idle,0
125,R2,5,8,93.7,100.0,idle,0
125,R3,7,8,93.7,0.0,broken,0
125,R4,9,8,93.7,100.0,idle,0
126,R0,1,8,93.65,100.0,idle,0
126,R1,3,8,93.65,100.0,idle,0
126,R2,5,8,93.65,100.0,idle,0
126,R3,7,8,93.65,0.0,broken,0
126,R4,9,8,93.65,100.0,idle,0
127,R0,1,8,93.6,100.0,idle,0
127,R1,3,8,93.6,100.0,idle,0
127,R2,5,8,93.6,100.0,idle,0
127,R3,7,8,93.6,0.0,broken,0
127,R4,9,8,93.6,100.0,idle,0
128,R0,1,8,93.55,100.0,idle,0
128,R1,3,8,93.55,100.0,idle,0
128,R2,5,8,93.55,100.0,idle,0
128,R3,7,8,93.55,0.0,broken,0
128,R4,9,8,93.55,100.0,idle,0
129,R0,1,8,93.5,100.0,idle,0
129,R1,3,8,93.5,100.0,idle,0
129,R2,5,8,93.5,100.0,idle,0
129,R3,7,8,93.5,0.0,broken,0
129,R4,9,8,93.5,100.0,idle,0
130,R0,1,8,93.45,100.0,idle,0
130,R1,3,8,93.45,100.0,idle,0
130,R2,5,8,93.45,100.0,idle,0
130,R3,7,8,93.45,0.0,broken,0
130,R4,9,8,93.45,100.0,idle,0
131,R0,1,8,93.4,100.0,idle,0
131,R1,3,8,93.4,100.0,idle,0
131,R2,5,8,93.4,100.0,idle,0
131,R3,7,8,93.4,0.0,broken,0
131,R4,9,8,93.4,100.0,idle,0
132,R0,1,8,93.35,100.0,idle,0
132,R1,3,8,93.35,100.0,idle,0
132,R2,5,8,93.35,100.0,idle,0
132,R3,7,8,93.35,0.0,broken,0
132,R4,9,8,93.35,100.0,idle,0
133,R0,1,8,93.3,100.0,idle,0
133,R1,3,8,93.3,100.0,idle,0
133,R2,5,8,93.3,100.0,idle,0
133,R3,7,8,93.3,0.0,broken,0
133,R4,9,8,93.3,100.0,idle,0
134,R0,1,8,93.25,100.0,idle,0
134,R1,3,8,93.25,100.0,idle,0
134,R2,5,8,93.25,100.0,idle,0
134,R3,7,8,93.25,0.0,broken,0
134,R4,9,8,93.25,100.0,idle,0
135,R0,1,8,93.2,100.0,idle,0
135,R1,3,8,93.2,100.0,idle,0
135,R2,5,8,93.2,100.0,idle,0
135,R3,7,8,93.2,0.0,broken,0
135,R4,9,8,93.2,100.0,idle,0
136,R0,1,8,93.15,100.0,idle,0
136,R1,3,8,93.15,100.0,idle,0
136,R2,5,8,93.15,100.0,idle,0
136,R3,7,8,93.15,0.0,broken,0
136,R4,9,8,93.15,100.0,idle,0
137,R0,1,8,93.1,100.0,idle,0
137,R1,3,8,93.1,100.0,idle,0
137,R2,5,8,93.1,100.0,idle,0
137,R3,7,8,93.1,0.0,broken,0
137,R4,9,8,93.1,100.0,idle,0
138,R0,1,8,93.05,100.0,idle,0
138,R1,3,8,93.05,100.0,idle,0
138,R2,5,8,93.05,100.0,idle,0
138,R3,7,8,93.05,0.0,broken,0
138,R4,9,8,93.05,100.0,idle,0
139,R0,1,8,93.0,100.0,idle,0
139,R1,3,8,93.0,100.0,idle,0
139,R2,5,8,93.0,100.0,idle,0
139,R3,7,8,93.0,0.0,broken,0
139,R4,9,8,93.0,100.0,idle,0
140,R0,1,8,92.95,100.0,idle,0
140,R1,3,8,92.95,100.0,idle,0
140,R2,5,8,92.95,100.0,idle,0
140,R3,7,8,92.95,0.0,broken,0
140,R4,9,8,92.95,100.0,idle,0
141,R0,1,8,92.9,100.0,idle,0
141,R1,3,8,92.9,100.0,idle,0
141,R2,5,8,92.9,100.0,idle,0
141,R3,7,8,92.9,0.0,broken,0
141,R4,9,8,92.9,100.0,idle,0
142,R0,1,8,92.85,100.0,idle,0
142,R1,3,8,92.85,100.0,idle,0
142,R2,5,8,92.85,100.0,idle,0
142,R3,7,8,92.85,0.0,broken,0
142,R4,9,8,92.85,100.0,idle,0
143,R0,1,8,92.8,100.0,idle,0
143,R1,3,8,92.8,100.0,idle,0
143,R2,5,8,92.8,100.0,idle,0
143,R3,7,8,92.8,0.0,broken,0
143,R4,9,8,92.8,100.0,idle,0
144,R0,1,8,92.75,100.0,idle,0
144,R1,3,8,92.75,100.0,idle,0
144,R2,5,8,92.75,100.0,idle,0
144,R3,7,8,92.75,0.0,broken,0
144,R4,9,8,92.75,100.0,idle,0
145,R0,1,8,92.7,100.0,idle,0
145,R1,3,8,92.7,100.0,idle,0
145,R2,5,8,92.7,100.0,idle,0
145,R3,7,8,92.7,0.0,broken,0
145,R4,9,8,92.7,100.0,idle,0
146,R0,1,8,92.65,100.0,idle,0
146,R1,3,8,92.65,100.0,idle,0
146,R2,5,8,92.65,100.0,idle,0
146,R3,7,8,92.65,0.0,broken,0
146,R4,9,8,92.65,100.0,idle,0
147,R0,1,8,92.6,100.0,idle,0
147,R1,3,8,92.6,100.0,idle,0
147,R2,5,8,92.6,100.0,idle,0
147,R3,7,8,92.6,0.0,broken,0
147,R4,9,8,92.6,100.0,idle,0
148,R0,1,8,92.55,100.0,idle,0
148,R1,3,8,92.55,100.0,idle,0
148,R2,5,8,92.55,100.0,idle,0
148,R3,7,8,92.55,0.0,broken,0
148,R4,9,8,92.55,100.0,idle,0
149,R0,1,8,92.5,100.0,idle,0
149,R1,3,8,92.5,100.0,idle,0
149,R2,5,8,92.5,100.0,idle,0
149,R3,7,8,92.5,0.0,broken,0
149,R4,9,8,92.5,100.0,idle,0
150,R0,1,8,92.45,100.0,idle,0
150,R1,3,8,92.45,100.0,idle,0
150,R2,5,8,92.45,100.0,idle,0
150,R3,7,8,92.45,0.0,broken,0
150,R4,9,8,92.45,100.0,idle,0
151,R0,1,8,92.4,100.0,idle,0
151,R1,3,8,92.4,100.0,idle,0
151,R2,5,8,92.4,100.0,idle,0
151,R3,7,8,92.4,0.0,broken,0
151,R4,9,8,92.4,100.0,idle,0
152,R0,1,8,92.35,100.0,idle,0
152,R1,3,8,92.35,100.0,idle,0
152,R2,5,8,92.35,100.0,idle,0
152,R3,7,8,92.35,0.0,broken,0
152,R4,9,8,92.35,100.0,idle,0
153,R0,1,8,92.3,100.0,idle,0
153,R1,3,8,92.3,100.0,idle,0
153,R2,5,8,92.3,100.0,idle,0
153,R3,7,8,92.3,0.0,broken,0
153,R4,9,8,92.3,100.0,idle,0
154,R0,1,8,92.25,100.0,idle,0
154,R1,3,8,92.25,100.0,idle,0
154,R2,5,8,92.25,100.0,idle,0
154,R3,7,8,92.25,0.0,broken,0
154,R4,9,8,92.25,100.0,idle,0
155,R0,1,8,92.2,100.0,idle,0
155,R1,3,8,92.2,100.0,idle,0
155,R2,5,8,92.2,100.0,idle,0
155,R3,7,8,92.2,0.0,broken,0
155,R4,9,8,92.2,100.0,idle,0
156,R0,1,8,92.15,100.0,idle,0
156,R1,3,8,92.15,100.0,idle,0
156,R2,5,8,92.15,100.0,idle,0
156,R3,7,8,92.15,0.0,broken,0
156,R4,9,8,92.15,100.0,idle,0
157,R0,1,8,92.1,100.0,idle,0
157,R1,3,8,92.1,100.0,idle,0
157,R2,5,8,92.1,100.0,idle,0
157,R3,7,8,92.1,0.0,broken,0
157,R4,9,8,92.1,100.0,idle,0
158,R0,1,8,92.05,100.0,idle,0
158,R1,3,8,92.05,100.0,idle,0
158,R2,5,8,92.05,100.0,idle,0
158,R3,7,8,92.05,0.0,broken,0
158,R4,9,8,92.05,100.0,idle,0
159,R0,1,8,92.0,100.0,idle,0
159,R1,3,8,92.0,100.0,idle,0
159,R2,5,8,92.0,100.0,idle,0
159,R3,7,8,92.0,0.0,broken,0
159,R4,9,8,92.0,100.0,idle,0
160,R0,1,8,91.95,100.0,idle,0
160,R1,3,8,91.95,100.0,idle,0
160,R2,5,8,91.95,100.0,idle,0
160,R3,7,8,91.95,0.0,broken,0
160,R4,9,8,91.95,100.0,idle,0
161,R0,1,8,91.9,100.0,idle,0
161,R1,3,8,91.9,100.0,idle,0
161,R2,5,8,91.9,100.0,idle,0
161,R3,7,8,91.9,0.0,broken,0
161,R4,9,8,91.9,100.0,idle,0
162,R0,1,8,91.85,100.0,idle,0
162,R1,3,8,91.85,100.0,idle,0
162,R2,5,8,91.85,100.0,idle,0
162,R3,7,8,91.85,0.0,broken,0
162,R4,9,8,91.85,100.0,idle,0
163,R0,1,8,91.8,100.0,idle,0
163,R1,3,8,91.8,100.0,idle,0
163,R2,5,8,91.8,100.0,idle,0
163,R3,7,8,91.8,0.0,broken,0
163,R4,9,8,91.8,100.0,idle,0
164,R0,1,8,91.75,100.0,idle,0
164,R1,3,8,91.75,100.0,idle,0
164,R2,5,8,91.75,100.0,idle,0
164,R3,7,8,91.75,0.0,broken,0
164,R4,9,8,91.75,100.0,idle,0
165,R0,1,8,91.7,100.0,idle,0
165,R1,3,8,91.7,100.0,idle,0
165,R2,5,8,91.7,100.0,idle,0
165,R3,7,8,91.7,0.0,broken,0
165,R4,9,8,91.7,100.0,idle,0
166,R0,1,8,91.65,100.0,idle,0
166,R1,3,8,91.65,100.0,idle,0
166,R2,5,8,91.65,100.0,idle,0
166,R3,7,8,91.65,0.0,broken,0
166,R4,9,8,91.65,100.0,idle,0
167,R0,1,8,91.6,100.0,idle,0
167,R1,3,8,91.6,100.0,idle,0
167,R2,5,8,91.6,100.0,idle,0
167,R3,7,8,91.6,0.0,broken,0
167,R4,9,8,91.6,100.0,idle,0
168,R0,1,8,91.55,100.0,idle,0
168,R1,3,8,91.55,100.0,idle,0
168,R2,5,8,91.55,100.0,idle,0
168,R3,7,8,91.55,0.0,broken,0
168,R4,9,8,91.55,100.0,idle,0
169,R0,1,8,91.5,100.0,idle,0
169,R1,3,8,91.5,100.0,idle,0
169,R2,5,8,91.5,100.0,idle,0
169,R3,7,8,91.5,0.0,broken,0
169,R4,9,8,91.5,100.0,idle,0
170,R0,1,8,91.45,100.0,idle,0
170,R1,3,8,91.45,100.0,idle,0
170,R2,5,8,91.45,100.0,idle,0
170,R3,7,8,91.45,0.0,broken,0
170,R4,9,8,91.45,100.0,idle,0
171,R0,1,8,91.4,100.0,idle,0
171,R1,3,8,91.4,100.0,idle,0
171,R2,5,8,91.4,100.0,idle,0
171,R3,7,8,91.4,0.0,broken,0
171,R4,9,8,91.4,100.0,idle,0
172,R0,1,8,91.35,100.0,idle,0
172,R1,3,8,91.35,100.0,idle,0
172,R2,5,8,91.35,100.0,idle,0
172,R3,7,8,91.35,0.0,broken,0
172,R4,9,8,91.35,100.0,idle,0
173,R0,1,8,91.3,100.0,idle,0
173,R1,3,8,91.3,100.0,idle,0
173,R2,5,8,91.3,100.0,idle,0
173,R3,7,8,91.3,0.0,broken,0
173,R4,9,8,91.3,100.0,idle,0
174,R0,1,8,91.25,100.0,idle,0
174,R1,3,8,91.25,100.0,idle,0
174,R2,5,8,91.25,100.0,idle,0
174,R3,7,8,91.25,0.0,broken,0
174,R4,9,8,91.25,100.0,idle,0
175,R0,1,8,91.2,100.0,idle,0
175,R1,3,8,91.2,100.0,idle,0
175,R2,5,8,91.2,100.0,idle,0
175,R3,7,8,91.2,0.0,broken,0
175,R4,9,8,91.2,100.0,idle,0
176,R0,1,8,91.15,100.0,idle,0
176,R1,3,8,91.15,100.0,idle,0
176,R2,5,8,91.15,100.0,idle,0
176,R3,7,8,91.15,0.0,broken,0
176,R4,9,8,91.15,100.0,idle,0
177,R0,1,8,91.1,100.0,idle,0
177,R1,3,8,91.1,100.0,idle,0
177,R2,5,8,91.1,100.0,idle,0
177,R3,7,8,91.1,0.0,broken,0
177,R4,9,8,91.1,100.0,idle,0
178,R0,1,8,91.05,100.0,idle,0
178,R1,3,8,91.05,100.0,idle,0
178,R2,5,8,91.05,100.0,idle,0
178,R3,7,8,91.05,0.0,broken,0
178,R4,9,8,91.05,100.0,idle,0
179,R0,1,8,91.0,100.0,idle,0
179,R1,3,8,91.0,100.0,idle,0
179,R2,5,8,91.0,100.0,idle,0
179,R3,7,8,91.0,0.0,broken,0
179,R4,9,8,91.0,100.0,idle,0
180,R0,1,8,90.95,100.0,idle,0
180,R1,3,8,90.95,100.0,idle,0
180,R2,5,8,90.95,100.0,idle,0
180,R3,7,8,90.95,0.0,broken,0
180,R4,9,8,90.95,100.0,idle,0
181,R0,1,8,90.9,100.0,idle,0
181,R1,3,8,90.9,100.0,idle,0
181,R2,5,8,90.9,100.0,idle,0
181,R3,7,8,90.9,0.0,broken,0
181,R4,9,8,90.9,100.0,idle,0
182,R0,1,8,90.85,100.0,idle,0
182,R1,3,8,90.85,100.0,idle,0
182,R2,5,8,90.85,100.0,idle,0
182,R3,7,8,90.85,0.0,broken,0
182,R4,9,8,90.85,100.0,idle,0
183,R0,1,8,90.8,100.0,idle,0
183,R1,3,8,90.8,100.0,idle,0
183,R2,5,8,90.8,100.0,idle,0
183,R3,7,8,90.8,0.0,broken,0
183,R4,9,8,90.8,100.0,idle,0
184,R0,1,8,90.75,100.0,idle,0
184,R1,3,8,90.75,100.0,idle,0
184,R2,5,8,90.75,100.0,idle,0
184,R3,7,8,90.75,0.0,broken,0
184,R4,9,8,90.75,100.0,idle,0
185,R0,1,8,90.7,100.0,idle,0
185,R1,3,8,90.7,100.0,idle,0
185,R2,5,8,90.7,100.0,idle,0
185,R3,7,8,90.7,0.0,broken,0
185,R4,9,8,90.7,100.0,idle,0
186,R0,1,8,90.65,100.0,idle,0
186,R1,3,8,90.65,100.0,idle,0
186,R2,5,8,90.65,100.0,idle,0
186,R3,7,8,90.65,0.0,broken,0
186,R4,9,8,90.65,100.0,idle,0
187,R0,1,8,90.6,100.0,idle,0
187,R1,3,8,90.6,100.0,idle,0
187,R2,5,8,90.6,100.0,idle,0
187,R3,7,8,90.6,0.0,broken,0
187,R4,9,8,90.6,100.0,idle,0
188,R0,1,8,90.55,100.0,idle,0
188,R1,3,8,90.55,100.0,idle,0
188,R2,5,8,90.55,100.0,idle,0
188,R3,7,8,90.55,0.0,broken,0
188,R4,9,8,90.55,100.0,idle,0
189,R0,1,8,90.5,100.0,idle,0
189,R1,3,8,90.5,100.0,idle,0
189,R2,5,8,90.5,100.0,idle,0
189,R3,7,8,90.5,0.0,broken,0
189,R4,9,8,90.5,100.0,idle,0
190,R0,1,8,90.45,100.0,idle,0
190,R1,3,8,90.45,100.0,idle,0
190,R2,5,8,90.45,100.0,idle,0
190,R3,7,8,90.45,0.0,broken,0
190,R4,9,8,90.45,100.0,idle,0
191,R0,1,8,90.4,100.0,idle,0
191,R1,3,8,90.4,100.0,idle,0
191,R2,5,8,90.4,100.0,idle,0
191,R3,7,8,90.4,0.0,broken,0
191,R4,9,8,90.4,100.0,idle,0
192,R0,1,8,90.35,100.0,idle,0
192,R1,3,8,90.35,100.0,idle,0
192,R2,5,8,90.35,100.0,idle,0
192,R3,7,8,90.35,0.0,broken,0
192,R4,9,8,90.35,100.0,idle,0
193,R0,1,8,90.3,100.0,idle,0
193,R1,3,8,90.3,100.0,idle,0
193,R2,5,8,90.3,100.0,idle,0
193,R3,7,8,90.3,0.0,broken,0
193,R4,9,8,90.3,100.0,idle,0
194,R0,1,8,90.25,100.0,idle,0
194,R1,3,8,90.25,100.0,idle,0
194,R2,5,8,90.25,100.0,idle,0
194,R3,7,8,90.25,0.0,broken,0
194,R4,9,8,90.25,100.0,idle,0
195,R0,1,8,90.2,100.0,idle,0
195,R1,3,8,90.2,100.0,idle,0
195,R2,5,8,90.2,100.0,idle,0
195,R3,7,8,90.2,0.0,broken,0
195,R4,9,8,90.2,100.0,idle,0
196,R0,1,8,90.15,100.0,idle,0
196,R1,3,8,90.15,100.0,idle,0
196,R2,5,8,90.15,100.0,idle,0
196,R3,7,8,90.15,0.0,broken,0
196,R4,9,8,90.15,100.0,idle,0
197,R0,1,8,90.1,100.0,idle,0
197,R1,3,8,90.1,100.0,idle,0
197,R2,5,8,90.1,100.0,idle,0
197,R3,7,8,90.1,0.0,broken,0
197,R4,9,8,90.1,100.0,idle,0
198,R0,1,8,90.05,100.0,idle,0
198,R1,3,8,90.05,100.0,idle,0
198,R2,5,8,90.05,100.0,idle,0
198,R3,7,8,90.05,0.0,broken,0
198,R4,9,8,90.05,100.0,idle,0
199,R0,1,8,90.0,100.0,idle,0
199,R1,3,8,90.0,100.0,idle,0
199,R2,5,8,90.0,100.0,idle,0
199,R3,7,8,90.0,0.0,broken,0
199,R4,9,8,90.0,100.0,idle,0
200,R0,1,8,89.95,100.0,idle,0
200,R1,3,8,89.95,100.0,idle,0
200,R2,5,8,89.95,100.0,idle,0
200,R3,7,8,89.95,0.0,broken,0
200,R4,9,8,89.95,100.0,idle,0
201,R0,1,8,89.9,100.0,idle,0
201,R1,3,8,89.9,100.0,idle,0
201,R2,5,8,89.9,100.0,idle,0
201,R3,7,8,89.9,0.0,broken,0
201,R4,9,8,89.9,100.0,idle,0
202,R0,1,8,89.85,100.0,idle,0
202,R1,3,8,89.85,100.0,idle,0
202,R2,5,8,89.85,100.0,idle,0
202,R3,7,8,89.85,0.0,broken,0
202,R4,9,8,89.85,100.0,idle,0
203,R0,1,8,89.8,100.0,idle,0
203,R1,3,8,89.8,100.0,idle,0
203,R2,5,8,89.8,100.0,idle,0
203,R3,7,8,89.8,0.0,broken,0
203,R4,9,8,89.8,100.0,idle,0
204,R0,1,8,89.75,100.0,idle,0
204,R1,3,8,89.75,100.0,idle,0
204,R2,5,8,89.75,100.0,idle,0
204,R3,7,8,89.75,0.0,broken,0
204,R4,9,8,89.75,100.0,idle,0
205,R0,1,8,89.7,100.0,idle,0
205,R1,3,8,89.7,100.0,idle,0
205,R2,5,8,89.7,100.0,idle,0
205,R3,7,8,89.7,0.0,broken,0
205,R4,9,8,89.7,100.0,idle,0
206,R0,1,8,89.65,100.0,idle,0
206,R1,3,8,89.65,100.0,idle,0
206,R2,5,8,89.65,100.0,idle,0
206,R3,7,8,89.65,0.0,broken,0
206,R4,9,8,89.65,100.0,idle,0
207,R0,1,8,89.6,100.0,idle,0
207,R1,3,8,89.6,100.0,idle,0
207,R2,5,8,89.6,100.0,idle,0
207,R3,7,8,89.6,0.0,broken,0
207,R4,9,8,89.6,100.0,idle,0
208,R0,1,8,89.55,100.0,idle,0
208,R1,3,8,89.55,100.0,idle,0
208,R2,5,8,89.55,100.0,idle,0
208,R3,7,8,89.55,0.0,broken,0
208,R4,9,8,89.55,100.0,idle,0
209,R0,1,8,89.5,100.0,idle,0
209,R1,3,8,89.5,100.0,idle,0
209,R2,5,8,89.5,100.0,idle,0
209,R3,7,8,89.5,0.0,broken,0
209,R4,9,8,89.5,100.0,idle,0
210,R0,1,8,89.45,100.0,idle,0
210,R1,3,8,89.45,100.0,idle,0
210,R2,5,8,89.45,100.0,idle,0
210,R3,7,8,89.45,0.0,broken,0
210,R4,9,8,89.45,100.0,idle,0
211,R0,1,8,89.4,100.0,idle,0
211,R1,3,8,89.4,100.0,idle,0
211,R2,5,8,89.4,100.0,idle,0
211,R3,7,8,89.4,0.0,broken,0
211,R4,9,8,89.4,100.0,idle,0
212,R0,1,8,89.35,100.0,idle,0
212,R1,3,8,89.35,100.0,idle,0
212,R2,5,8,89.35,100.0,idle,0
212,R3,7,8,89.35,0.0,broken,0
212,R4,9,8,89.35,100.0,idle,0
213,R0,1,8,89.3,100.0,idle,0
213,R1,3,8,89.3,100.0,idle,0
213,R2,5,8,89.3,100.0,idle,0
213,R3,7,8,89.3,0.0,broken,0
213,R4,9,8,89.3,100.0,idle,0
214,R0,1,8,89.25,100.0,idle,0
214,R1,3,8,89.25,100.0,idle,0
214,R2,5,8,89.25,100.0,idle,0
214,R3,7,8,89.25,0.0,broken,0
214,R4,9,8,89.25,100.0,idle,0
215,R0,1,8,89.2,100.0,idle,0
215,R1,3,8,89.2,100.0,idle,0
215,R2,5,8,89.2,100.0,idle,0
215,R3,7,8,89.2,0.0,broken,0
215,R4,9,8,89.2,100.0,idle,0
216,R0,1,8,89.15,100.0,idle,0
216,R1,3,8,89.15,100.0,idle,0
216,R2,5,8,89.15,100.0,idle,0
216,R3,7,8,89.15,0.0,broken,0
216,R4,9,8,89.15,100.0,idle,0
217,R0,1,8,89.1,100.0,idle,0
217,R1,3,8,89.1,100.0,idle,0
217,R2,5,8,89.1,100.0,idle,0
217,R3,7,8,89.1,0.0,broken,0
217,R4,9,8,89.1,100.0,idle,0
218,R0,1,8,89.05,100.0,idle,0
218,R1,3,8,89.05,100.0,idle,0
218,R2,5,8,89.05,100.0,idle,0
218,R3,7,8,89.05,0.0,broken,0
218,R4,9,8,89.05,100.0,idle,0
219,R0,1,8,89.0,100.0,idle,0
219,R1,3,8,89.0,100.0,idle,0
219,R2,5,8,89.0,100.0,idle,0
219,R3,7,8,89.0,0.0,broken,0
219,R4,9,8,89.0,100.0,idle,0
220,R0,1,8,88.95,100.0,idle,0
220,R1,3,8,88.95,100.0,idle,0
220,R2,5,8,88.95,100.0,idle,0
220,R3,7,8,88.95,0.0,broken,0
220,R4,9,8,88.95,100.0,idle,0
221,R0,1,8,88.9,100.0,idle,0
221,R1,3,8,88.9,100.0,idle,0
221,R2,5,8,88.9,100.0,idle,0
221,R3,7,8,88.9,0.0,broken,0
221,R4,9,8,88.9,100.0,idle,0
222,R0,1,8,88.85,100.0,idle,0
222,R1,3,8,88.85,100.0,idle,0
222,R2,5,8,88.85,100.0,idle,0
222,R3,7,8,88.85,0.0,broken,0
222,R4,9,8,88.85,100.0,idle,0
223,R0,1,8,88.8,100.0,idle,0
223,R1,3,8,88.8,100.0,idle,0
223,R2,5,8,88.8,100.0,idle,0
223,R3,7,8,88.8,0.0,broken,0
223,R4,9,8,88.8,100.0,idle,0
224,R0,1,8,88.75,100.0,idle,0
224,R1,3,8,88.75,100.0,idle,0
224,R2,5,8,88.75,100.0,idle,0
224,R3,7,8,88.75,0.0,broken,0
224,R4,9,8,88.75,100.0,idle,0
225,R0,1,8,88.7,100.0,idle,0
225,R1,3,8,88.7,100.0,idle,0
225,R2,5,8,88.7,100.0,idle,0
225,R3,7,8,88.7,0.0,broken,0
225,R4,9,8,88.7,100.0,idle,0
226,R0,1,8,88.65,100.0,idle,0
226,R1,3,8,88.65,100.0,idle,0
226,R2,5,8,88.65,100.0,idle,0
226,R3,7,8,88.65,0.0,broken,0
226,R4,9,8,88.65,100.0,idle,0
227,R0,1,8,88.6,100.0,idle,0
227,R1,3,8,88.6,100.0,idle,0
227,R2,5,8,88.6,100.0,idle,0
227,R3,7,8,88.6,0.0,broken,0
227,R4,9,8,88.6,100.0,idle,0
228,R0,1,8,88.55,100.0,idle,0
228,R1,3,8,88.55,100.0,idle,0
228,R2,5,8,88.55,100.0,idle,0
228,R3,7,8,88.55,0.0,broken,0
228,R4,9,8,88.55,100.0,idle,0
229,R0,1,8,88.5,100.0,idle,0
229,R1,3,8,88.5,100.0,idle,0
229,R2,5,8,88.5,100.0,idle,0
229,R3,7,8,88.5,0.0,broken,0
229,R4,9,8,88.5,100.0,idle,0
230,R0,1,8,88.45,100.0,idle,0
230,R1,3,8,88.45,100.0,idle,0
230,R2,5,8,88.45,100.0,idle,0
230,R3,7,8,88.45,0.0,broken,0
230,R4,9,8,88.45,100.0,idle,0
231,R0,1,8,88.4,100.0,idle,0
231,R1,3,8,88.4,100.0,idle,0
231,R2,5,8,88.4,100.0,idle,0
231,R3,7,8,88.4,0.0,broken,0
231,R4,9,8,88.4,100.0,idle,0
232,R0,1,8,88.35,100.0,idle,0
232,R1,3,8,88.35,100.0,idle,0
232,R2,5,8,88.35,100.0,idle,0
232,R3,7,8,88.35,0.0,broken,0
232,R4,9,8,88.35,100.0,idle,0
233,R0,1,8,88.3,100.0,idle,0
233,R1,3,8,88.3,100.0,idle,0
233,R2,5,8,88.3,100.0,idle,0
233,R3,7,8,88.3,0.0,broken,0
233,R4,9,8,88.3,100.0,idle,0
234,R0,1,8,88.25,100.0,idle,0
234,R1,3,8,88.25,100.0,idle,0
234,R2,5,8,88.25,100.0,idle,0
234,R3,7,8,88.25,0.0,broken,0
234,R4,9,8,88.25,100.0,idle,0
235,R0,1,8,88.2,100.0,idle,0
235,R1,3,8,88.2,100.0,idle,0
235,R2,5,8,88.2,100.0,idle,0
235,R3,7,8,88.2,0.0,broken,0
235,R4,9,8,88.2,100.0,idle,0
236,R0,1,8,88.15,100.0,idle,0
236,R1,3,8,88.15,100.0,idle,0
236,R2,5,8,88.15,100.0,idle,0
236,R3,7,8,88.15,0.0,broken,0
236,R4,9,8,88.15,100.0,idle,0
237,R0,1,8,88.1,100.0,idle,0
237,R1,3,8,88.1,100.0,idle,0
237,R2,5,8,88.1,100.0,idle,0
237,R3,7,8,88.1,0.0,broken,0
237,R4,9,8,88.1,100.0,idle,0
238,R0,1,8,88.05,100.0,idle,0
238,R1,3,8,88.05,100.0,idle,0
238,R2,5,8,88.05,100.0,idle,0
238,R3,7,8,88.05,0.0,broken,0
238,R4,9,8,88.05,100.0,idle,0
239,R0,1,8,88.0,100.0,idle,0
239,R1,3,8,88.0,100.0,idle,0
239,R2,5,8,88.0,100.0,idle,0
239,R3,7,8,88.0,0.0,broken,0
239,R4,9,8,88.0,100.0,idle,0
240,R0,1,8,87.95,100.0,idle,0
240,R1,3,8,87.95,100.0,idle,0
240,R2,5,8,87.95,0.0,broken,0
240,R3,7,8,87.95,0.0,broken,0
240,R4,9,8,87.95,100.0,idle,0
241,R0,1,8,87.9,100.0,idle,0
241,R1,3,8,87.9,100.0,idle,0
241,R2,5,8,87.9,0.0,broken,0
241,R3,7,8,87.9,0.0,broken,0
241,R4,9,8,87.9,100.0,idle,0
242,R0,1,8,87.85,100.0,idle,0
242,R1,3,8,87.85,100.0,idle,0
242,R2,5,8,87.85,0.0,broken,0
242,R3,7,8,87.85,0.0,broken,0
242,R4,9,8,87.85,100.0,idle,0
243,R0,1,8,87.8,100.0,idle,0
243,R1,3,8,87.8,100.0,idle,0
243,R2,5,8,87.8,0.0,broken,0
243,R3,7,8,87.8,0.0,broken,0
243,R4,9,8,87.8,100.0,idle,0
244,R0,1,8,87.75,100.0,idle,0
244,R1,3,8,87.75,100.0,idle,0
244,R2,5,8,87.75,0.0,broken,0
244,R3,7,8,87.75,0.0,broken,0
244,R4,9,8,87.75,100.0,idle,0
245,R0,1,8,87.7,100.0,idle,0
245,R1,3,8,87.7,100.0,idle,0
245,R2,5,8,87.7,0.0,broken,0
245,R3,7,8,87.7,0.0,broken,0
245,R4,9,8,87.7,100.0,idle,0
246,R0,1,8,87.65,100.0,idle,0
246,R1,3,8,87.65,100.0,idle,0
246,R2,5,8,87.65,0.0,broken,0
246,R3,7,8,87.65,0.0,broken,0
246,R4,9,8,87.65,100.0,idle,0
247,R0,1,8,87.6,100.0,idle,0
247,R1,3,8,87.6,100.0,idle,0
247,R2,5,8,87.6,0.0,broken,0
247,R3,7,8,87.6,0.0,broken,0
247,R4,9,8,87.6,100.0,idle,0
248,R0,1,8,87.55,100.0,idle,0
248,R1,3,8,87.55,100.0,idle,0
248,R2,5,8,87.55,0.0,broken,0
248,R3,7,8,87.55,0.0,broken,0
248,R4,9,8,87.55,100.0,idle,0
249,R0,1,8,87.5,100.0,idle,0
249,R1,3,8,87.5,100.0,idle,0
249,R2,5,8,87.5,0.0,broken,0
249,R3,7,8,87.5,0.0,broken,0
249,R4,9,8,87.5,100.0,idle,0
250,R0,1,8,87.45,100.0,idle,0
250,R1,3,8,87.45,100.0,idle,0
250,R2,5,8,87.45,0.0,broken,0
250,R3,7,8,87.45,0.0,broken,0
250,R4,9,8,87.45,100.0,idle,0
251,R0,1,8,87.4,100.0,idle,0
251,R1,3,8,87.4,100.0,idle,0
251,R2,5,8,87.4,0.0,broken,0
251,R3,7,8,87.4,0.0,broken,0
251,R4,9,8,87.4,100.0,idle,0
252,R0,1,8,87.35,100.0,idle,0
252,R1,3,8,87.35,100.0,idle,0
252,R2,5,8,87.35,0.0,broken,0
252,R3,7,8,87.35,0.0,broken,0
252,R4,9,8,87.35,100.0,idle,0
253,R0,1,8,87.3,100.0,idle,0
253,R1,3,8,87.3,100.0,idle,0
253,R2,5,8,87.3,0.0,broken,0
253,R3,7,8,87.3,0.0,broken,0
253,R4,9,8,87.3,100.0,idle,0
254,R0,1,8,87.25,100.0,idle,0
254,R1,3,8,87.25,100.0,idle,0
254,R2,5,8,87.25,0.0,broken,0
254,R3,7,8,87.25,0.0,broken,0
254,R4,9,8,87.25,100.0,idle,0
255,R0,1,8,87.2,100.0,idle,0
255,R1,3,8,87.2,100.0,idle,0
255,R2,5,8,87.2,0.0,broken,0
255,R3,7,8,87.2,0.0,broken,0
255,R4,9,8,87.2,100.0,idle,0
256,R0,1,8,87.15,100.0,idle,0
256,R1,3,8,87.15,100.0,idle,0
256,R2,5,8,87.15,0.0,broken,0
256,R3,7,8,87.15,0.0,broken,0
256,R4,9,8,87.15,100.0,idle,0
257,R0,1,8,87.1,100.0,idle,0
257,R1,3,8,87.1,100.0,idle,0
257,R2,5,8,87.1,0.0,broken,0
257,R3,7,8,87.1,0.0,broken,0
257,R4,9,8,87.1,100.0,idle,0
258,R0,1,8,87.05,100.0,idle,0
258,R1,3,8,87.05,100.0,idle,0
258,R2,5,8,87.05,0.0,broken,0
258,R3,7,8,87.05,0.0,broken,0
258,R4,9,8,87.05,100.0,idle,0
259,R0,1,8,87.0,100.0,idle,0
259,R1,3,8,87.0,100.0,idle,0
259,R2,5,8,87.0,0.0,broken,0
259,R3,7,8,87.0,0.0,broken,0
259,R4,9,8,87.0,100.0,idle,0
260,R0,1,8,86.95,100.0,idle,0
260,R1,3,8,86.95,100.0,idle,0
260,R2,5,8,86.95,0.0,broken,0
260,R3,7,8,86.95,0.0,broken,0
260,R4,9,8,86.95,100.0,idle,0
261,R0,1,8,86.9,100.0,idle,0
261,R1,3,8,86.9,100.0,idle,0
261,R2,5,8,86.9,0.0,broken,0
261,R3,7,8,86.9,0.0,broken,0
261,R4,9,8,86.9,100.0,idle,0
262,R0,1,8,86.85,100.0,idle,0
262,R1,3,8,86.85,100.0,idle,0
262,R2,5,8,86.85,0.0,broken,0
262,R3,7,8,86.85,0.0,broken,0
262,R4,9,8,86.85,100.0,idle,0
263,R0,1,8,86.8,100.0,idle,0
263,R1,3,8,86.8,100.0,idle,0
263,R2,5,8,86.8,0.0,broken,0
263,R3,7,8,86.8,0.0,broken,0
263,R4,9,8,86.8,100.0,idle,0
264,R0,1,8,86.75,100.0,idle,0
264,R1,3,8,86.75,100.0,idle,0
264,R2,5,8,86.75,0.0,broken,0
264,R3,7,8,86.75,0.0,broken,0
264,R4,9,8,86.75,100.0,idle,0
265,R0,1,8,86.7,100.0,idle,0
265,R1,3,8,86.7,100.0,idle,0
265,R2,5,8,86.7,0.0,broken,0
265,R3,7,8,86.7,0.0,broken,0
265,R4,9,8,86.7,100.0,idle,0
266,R0,1,8,86.65,100.0,idle,0
266,R1,3,8,86.65,100.0,idle,0
266,R2,5,8,86.65,0.0,broken,0
266,R3,7,8,86.65,0.0,broken,0
266,R4,9,8,86.65,100.0,idle,0
267,R0,1,8,86.6,100.0,idle,0
267,R1,3,8,86.6,100.0,idle,0
267,R2,5,8,86.6,0.0,broken,0
267,R3,7,8,86.6,0.0,broken,0
267,R4,9,8,86.6,100.0,idle,0
268,R0,1,8,86.55,100.0,idle,0
268,R1,3,8,86.55,100.0,idle,0
268,R2,5,8,86.55,0.0,broken,0
268,R3,7,8,86.55,0.0,broken,0
268,R4,9,8,86.55,100.0,idle,0
269,R0,1,8,86.5,100.0,idle,0
269,R1,3,8,86.5,100.0,idle,0
269,R2,5,8,86.5,0.0,broken,0
269,R3,7,8,86.5,0.0,broken,0
269,R4,9,8,86.5,100.0,idle,0
270,R0,1,8,86.45,100.0,idle,0
270,R1,3,8,86.45,100.0,idle,0
270,R2,5,8,86.45,0.0,broken,0
270,R3,7,8,86.45,0.0,broken,0
270,R4,9,8,86.45,100.0,idle,0
271,R0,1,8,86.4,100.0,idle,0
271,R1,3,8,86.4,100.0,idle,0
271,R2,5,8,86.4,0.0,broken,0
271,R3,7,8,86.4,0.0,broken,0
271,R4,9,8,86.4,100.0,idle,0
272,R0,1,8,86.35,100.0,idle,0
272,R1,3,8,86.35,100.0,idle,0
272,R2,5,8,86.35,0.0,broken,0
272,R3,7,8,86.35,0.0,broken,0
272,R4,9,8,86.35,100.0,idle,0
273,R0,1,8,86.3,100.0,idle,0
273,R1,3,8,86.3,100.0,idle,0
273,R2,5,8,86.3,0.0,broken,0
273,R3,7,8,86.3,0.0,broken,0
273,R4,9,8,86.3,100.0,idle,0
274,R0,1,8,86.25,100.0,idle,0
274,R1,3,8,86.25,100.0,idle,0
274,R2,5,8,86.25,0.0,broken,0
274,R3,7,8,86.25,0.0,broken,0
274,R4,9,8,86.25,100.0,idle,0
275,R0,1,8,86.2,100.0,idle,0
275,R1,3,8,86.2,100.0,idle,0
275,R2,5,8,86.2,0.0,broken,0
275,R3,7,8,86.2,0.0,broken,0
275,R4,9,8,86.2,100.0,idle,0
276,R0,1,8,86.15,100.0,idle,0
276,R1,3,8,86.15,100.0,idle,0
276,R2,5,8,86.15,0.0,broken,0
276,R3,7,8,86.15,0.0,broken,0
276,R4,9,8,86.15,100.0,idle,0
277,R0,1,8,86.1,100.0,idle,0
277,R1,3,8,86.1,100.0,idle,0
277,R2,5,8,86.1,0.0,broken,0
277,R3,7,8,86.1,0.0,broken,0
277,R4,9,8,86.1,100.0,idle,0
278,R0,1,8,86.05,100.0,idle,0
278,R1,3,8,86.05,100.0,idle,0
278,R2,5,8,86.05,0.0,broken,0
278,R3,7,8,86.05,0.0,broken,0
278,R4,9,8,86.05,100.0,idle,0
279,R0,1,8,86.0,100.0,idle,0
279,R1,3,8,86.0,100.0,idle,0
279,R2,5,8,86.0,0.0,broken,0
279,R3,7,8,86.0,0.0,broken,0
279,R4,9,8,86.0,100.0,idle,0
280,R0,1,8,85.95,100.0,idle,0
280,R1,3,8,85.95,100.0,idle,0
280,R2,5,8,85.95,0.0,broken,0
280,R3,7,8,85.95,0.0,broken,0
280,R4,9,8,85.95,100.0,idle,0
281,R0,1,8,85.9,100.0,idle,0
281,R1,3,8,85.9,100.0,idle,0
281,R2,5,8,85.9,0.0,broken,0
281,R3,7,8,85.9,0.0,broken,0
281,R4,9,8,85.9,100.0,idle,0
282,R0,1,8,85.85,100.0,idle,0
282,R1,3,8,85.85,100.0,idle,0
282,R2,5,8,85.85,0.0,broken,0
282,R3,7,8,85.85,0.0,broken,0
282,R4,9,8,85.85,100.0,idle,0
283,R0,1,8,85.8,100.0,idle,0
283,R1,3,8,85.8,100.0,idle,0
283,R2,5,8,85.8,0.0,broken,0
283,R3,7,8,85.8,0.0,broken,0
283,R4,9,8,85.8,100.0,idle,0
284,R0,1,8,85.75,100.0,idle,0
284,R1,3,8,85.75,100.0,idle,0
284,R2,5,8,85.75,0.0,broken,0
284,R3,7,8,85.75,0.0,broken,0
284,R4,9,8,85.75,100.0,idle,0
285,R0,1,8,85.7,100.0,idle,0
285,R1,3,8,85.7,100.0,idle,0
285,R2,5,8,85.7,0.0,broken,0
285,R3,7,8,85.7,0.0,broken,0
285,R4,9,8,85.7,100.0,idle,0
286,R0,1,8,85.65,100.0,idle,0
286,R1,3,8,85.65,100.0,idle,0
286,R2,5,8,85.65,0.0,broken,0
286,R3,7,8,85.65,0.0,broken,0
286,R4,9,8,85.65,100.0,idle,0
287,R0,1,8,85.6,100.0,idle,0
287,R1,3,8,85.6,100.0,idle,0
287,R2,5,8,85.6,0.0,broken,0
287,R3,7,8,85.6,0.0,broken,0
287,R4,9,8,85.6,100.0,idle,0
288,R0,1,8,85.55,100.0,idle,0
288,R1,3,8,85.55,100.0,idle,0
288,R2,5,8,85.55,0.0,broken,0
288,R3,7,8,85.55,0.0,broken,0
288,R4,9,8,85.55,100.0,idle,0
289,R0,1,8,85.5,100.0,idle,0
289,R1,3,8,85.5,100.0,idle,0
289,R2,5,8,85.5,0.0,broken,0
289,R3,7,8,85.5,0.0,broken,0
289,R4,9,8,85.5,100.0,idle,0
290,R0,1,8,85.45,100.0,idle,0
290,R1,3,8,85.45,100.0,idle,0
290,R2,5,8,85.45,0.0,broken,0
290,R3,7,8,85.45,0.0,broken,0
290,R4,9,8,85.45,100.0,idle,0
291,R0,1,8,85.4,100.0,idle,0
291,R1,3,8,85.4,100.0,idle,0
291,R2,5,8,85.4,0.0,broken,0
291,R3,7,8,85.4,0.0,broken,0
291,R4,9,8,85.4,100.0,idle,0
292,R0,1,8,85.35,100.0,idle,0
292,R1,3,8,85.35,100.0,idle,0
292,R2,5,8,85.35,0.0,broken,0
292,R3,7,8,85.35,0.0,broken,0
292,R4,9,8,85.35,100.0,idle,0
293,R0,1,8,85.3,100.0,idle,0
293,R1,3,8,85.3,100.0,idle,0
293,R2,5,8,85.3,0.0,broken,0
293,R3,7,8,85.3,0.0,broken,0
293,R4,9,8,85.3,100.0,idle,0
294,R0,1,8,85.25,100.0,idle,0
294,R1,3,8,85.25,100.0,idle,0
294,R2,5,8,85.25,0.0,broken,0
294,R3,7,8,85.25,0.0,broken,0
294,R4,9,8,85.25,100.0,idle,0
295,R0,1,8,85.2,100.0,idle,0
295,R1,3,8,85.2,100.0,idle,0
295,R2,5,8,85.2,0.0,broken,0
295,R3,7,8,85.2,0.0,broken,0
295,R4,9,8,85.2,100.0,idle,0
296,R0,1,8,85.15,100.0,idle,0
296,R1,3,8,85.15,100.0,idle,0
296,R2,5,8,85.15,0.0,broken,0
296,R3,7,8,85.15,0.0,broken,0
296,R4,9,8,85.15,100.0,idle,0
297,R0,1,8,85.1,100.0,idle,0
297,R1,3,8,85.1,100.0,idle,0
297,R2,5,8,85.1,0.0,broken,0
297,R3,7,8,85.1,0.0,broken,0
297,R4,9,8,85.1,100.0,idle,0
298,R0,1,8,85.05,100.0,idle,0
298,R1,3,8,85.05,100.0,idle,0
298,R2,5,8,85.05,0.0,broken,0
298,R3,7,8,85.05,0.0,broken,0
298,R4,9,8,85.05,100.0,idle,0
299,R0,1,8,85.0,100.0,idle,0
299,R1,3,8,85.0,100.0,idle,0
299,R2,5,8,85.0,0.0,broken,0
299,R3,7,8,85.0,0.0,broken,0
299,R4,9,8,85.0,100.0,idle,0
300,R0,1,8,84.95,100.0,idle,0
300,R1,3,8,84.95,100.0,idle,0
300,R2,5,8,84.95,0.0,broken,0
300,R3,7,8,84.95,0.0,broken,0
300,R4,9,8,84.95,100.0,idle,0
301,R0,1,8,84.9,100.0,idle,0
301,R1,3,8,84.9,100.0,idle,0
301,R2,5,8,84.9,0.0,broken,0
301,R3,7,8,84.9,0.0,broken,0
301,R4,9,8,84.9,100.0,idle,0
302,R0,1,8,84.85,100.0,idle,0
302,R1,3,8,84.85,100.0,idle,0
302,R2,5,8,84.85,0.0,broken,0
302,R3,7,8,84.85,0.0,broken,0
302,R4,9,8,84.85,100.0,idle,0
303,R0,1,8,84.8,100.0,idle,0
303,R1,3,8,84.8,100.0,idle,0
303,R2,5,8,84.8,0.0,broken,0
303,R3,7,8,84.8,0.0,broken,0
303,R4,9,8,84.8,100.0,idle,0
304,R0,1,8,84.75,100.0,idle,0
304,R1,3,8,84.75,100.0,idle,0
304,R2,5,8,84.75,0.0,broken,0
304,R3,7,8,84.75,0.0,broken,0
304,R4,9,8,84.75,100.0,idle,0
305,R0,1,8,84.7,100.0,idle,0
305,R1,3,8,84.7,100.0,idle,0
305,R2,5,8,84.7,0.0,broken,0
305,R3,7,8,84.7,0.0,broken,0
305,R4,9,8,84.7,100.0,idle,0
306,R0,1,8,84.65,100.0,idle,0
306,R1,3,8,84.65,100.0,idle,0
306,R2,5,8,84.65,0.0,broken,0
306,R3,7,8,84.65,0.0,broken,0
306,R4,9,8,84.65,100.0,idle,0
307,R0,1,8,84.6,100.0,idle,0
307,R1,3,8,84.6,100.0,idle,0
307,R2,5,8,84.6,0.0,broken,0
307,R3,7,8,84.6,0.0,broken,0
307,R4,9,8,84.6,100.0,idle,0
308,R0,1,8,84.55,100.0,idle,0
308,R1,3,8,84.55,100.0,idle,0
308,R2,5,8,84.55,0.0,broken,0
308,R3,7,8,84.55,0.0,broken,0
308,R4,9,8,84.55,100.0,idle,0
309,R0,1,8,84.5,100.0,idle,0
309,R1,3,8,84.5,100.0,idle,0
309,R2,5,8,84.5,0.0,broken,0
309,R3,7,8,84.5,0.0,broken,0
309,R4,9,8,84.5,100.0,idle,0
310,R0,1,8,84.45,100.0,idle,0
310,R1,3,8,84.45,100.0,idle,0
310,R2,5,8,84.45,0.0,broken,0
310,R3,7,8,84.45,0.0,broken,0
310,R4,9,8,84.45,100.0,idle,0
311,R0,1,8,84.4,100.0,idle,0
311,R1,3,8,84.4,100.0,idle,0
311,R2,5,8,84.4,0.0,broken,0
311,R3,7,8,84.4,0.0,broken,0
311,R4,9,8,84.4,100.0,idle,0
312,R0,1,8,84.35,100.0,idle,0
312,R1,3,8,84.35,100.0,idle,0
312,R2,5,8,84.35,0.0,broken,0
312,R3,7,8,84.35,0.0,broken,0
312,R4,9,8,84.35,100.0,idle,0
313,R0,1,8,84.3,100.0,idle,0
313,R1,3,8,84.3,100.0,idle,0
313,R2,5,8,84.3,0.0,broken,0
313,R3,7,8,84.3,0.0,broken,0
313,R4,9,8,84.3,100.0,idle,0
314,R0,1,8,84.25,100.0,idle,0
314,R1,3,8,84.25,100.0,idle,0
314,R2,5,8,84.25,0.0,broken,0
314,R3,7,8,84.25,0.0,broken,0
314,R4,9,8,84.25,100.0,idle,0
315,R0,1,8,84.2,100.0,idle,0
315,R1,3,8,84.2,100.0,idle,0
315,R2,5,8,84.2,0.0,broken,0
315,R3,7,8,84.2,0.0,broken,0
315,R4,9,8,84.2,100.0,idle,0
316,R0,1,8,84.15,100.0,idle,0
316,R1,3,8,84.15,100.0,idle,0
316,R2,5,8,84.15,0.0,broken,0
316,R3,7,8,84.15,0.0,broken,0
316,R4,9,8,84.15,100.0,idle,0
317,R0,1,8,84.1,100.0,idle,0
317,R1,3,8,84.1,100.0,idle,0
317,R2,5,8,84.1,0.0,broken,0
317,R3,7,8,84.1,0.0,broken,0
317,R4,9,8,84.1,100.0,idle,0
318,R0,1,8,84.05,100.0,idle,0
318,R1,3,8,84.05,100.0,idle,0
318,R2,5,8,84.05,0.0,broken,0
318,R3,7,8,84.05,0.0,broken,0
318,R4,9,8,84.05,100.0,idle,0
319,R0,1,8,84.0,100.0,idle,0
319,R1,3,8,84.0,100.0,idle,0
319,R2,5,8,84.0,0.0,broken,0
319,R3,7,8,84.0,0.0,broken,0
319,R4,9,8,84.0,100.0,idle,0
320,R0,1,8,83.95,100.0,idle,0
320,R1,3,8,83.95,100.0,idle,0
320,R2,5,8,83.95,0.0,broken,0
320,R3,7,8,83.95,0.0,broken,0
320,R4,9,8,83.95,100.0,idle,0
321,R0,1,8,83.9,100.0,idle,0
321,R1,3,8,83.9,100.0,idle,0
321,R2,5,8,83.9,0.0,broken,0
321,R3,7,8,83.9,0.0,broken,0
321,R4,9,8,83.9,100.0,idle,0
322,R0,1,8,83.85,100.0,idle,0
322,R1,3,8,83.85,100.0,idle,0
322,R2,5,8,83.85,0.0,broken,0
322,R3,7,8,83.85,0.0,broken,0
322,R4,9,8,83.85,100.0,idle,0
323,R0,1,8,83.8,100.0,idle,0
323,R1,3,8,83.8,100.0,idle,0
323,R2,5,8,83.8,0.0,broken,0
323,R3,7,8,83.8,0.0,broken,0
323,R4,9,8,83.8,100.0,idle,0
324,R0,1,8,83.75,100.0,idle,0
324,R1,3,8,83.75,100.0,idle,0
324,R2,5,8,83.75,0.0,broken,0
324,R3,7,8,83.75,0.0,broken,0
324,R4,9,8,83.75,100.0,idle,0
325,R0,1,8,83.7,100.0,idle,0
325,R1,3,8,83.7,100.0,idle,0
325,R2,5,8,83.7,0.0,broken,0
325,R3,7,8,83.7,0.0,broken,0
325,R4,9,8,83.7,100.0,idle,0
326,R0,1,8,83.65,100.0,idle,0
326,R1,3,8,83.65,100.0,idle,0
326,R2,5,8,83.65,0.0,broken,0
326,R3,7,8,83.65,0.0,broken,0
326,R4,9,8,83.65,100.0,idle,0
327,R0,1,8,83.6,100.0,idle,0
327,R1,3,8,83.6,100.0,idle,0
327,R2,5,8,83.6,0.0,broken,0
327,R3,7,8,83.6,0.0,broken,0
327,R4,9,8,83.6,100.0,idle,0
328,R0,1,8,83.55,100.0,idle,0
328,R1,3,8,83.55,100.0,idle,0
328,R2,5,8,83.55,0.0,broken,0
328,R3,7,8,83.55,0.0,broken,0
328,R4,9,8,83.55,100.0,idle,0
329,R0,1,8,83.5,100.0,idle,0
329,R1,3,8,83.5,100.0,idle,0
329,R2,5,8,83.5,0.0,broken,0
329,R3,7,8,83.5,0.0,broken,0
329,R4,9,8,83.5,100.0,idle,0
330,R0,1,8,83.45,100.0,idle,0
330,R1,3,8,83.45,100.0,idle,0
330,R2,5,8,83.45,0.0,broken,0
330,R3,7,8,83.45,0.0,broken,0
330,R4,9,8,83.45,100.0,idle,0
331,R0,1,8,83.4,100.0,idle,0
331,R1,3,8,83.4,100.0,idle,0
331,R2,5,8,83.4,0.0,broken,0
331,R3,7,8,83.4,0.0,broken,0
331,R4,9,8,83.4,100.0,idle,0
332,R0,1,8,83.35,100.0,idle,0
332,R1,3,8,83.35,100.0,idle,0
332,R2,5,8,83.35,0.0,broken,0
332,R3,7,8,83.35,0.0,broken,0
332,R4,9,8,83.35,100.0,idle,0
333,R0,1,8,83.3,100.0,idle,0
333,R1,3,8,83.3,100.0,idle,0
333,R2,5,8,83.3,0.0,broken,0
333,R3,7,8,83.3,0.0,broken,0
333,R4,9,8,83.3,100.0,idle,0
334,R0,1,8,83.25,100.0,idle,0
334,R1,3,8,83.25,100.0,idle,0
334,R2,5,8,83.25,0.0,broken,0
334,R3,7,8,83.25,0.0,broken,0
334,R4,9,8,83.25,100.0,idle,0
335,R0,1,8,83.2,100.0,idle,0
335,R1,3,8,83.2,100.0,idle,0
335,R2,5,8,83.2,0.0,broken,0
335,R3,7,8,83.2,0.0,broken,0
335,R4,9,8,83.2,100.0,idle,0
336,R0,1,8,83.15,100.0,idle,0
336,R1,3,8,83.15,100.0,idle,0
336,R2,5,8,83.15,0.0,broken,0
336,R3,7,8,83.15,0.0,broken,0
336,R4,9,8,83.15,100.0,idle,0
337,R0,1,8,83.1,100.0,idle,0
337,R1,3,8,83.1,100.0,idle,0
337,R2,5,8,83.1,0.0,broken,0
337,R3,7,8,83.1,0.0,broken,0
337,R4,9,8,83.1,100.0,idle,0
338,R0,1,8,83.05,100.0,idle,0
338,R1,3,8,83.05,100.0,idle,0
338,R2,5,8,83.05,0.0,broken,0
338,R3,7,8,83.05,0.0,broken,0
338,R4,9,8,83.05,100.0,idle,0
339,R0,1,8,83.0,100.0,idle,0
339,R1,3,8,83.0,100.0,idle,0
339,R2,5,8,83.0,0.0,broken,0
339,R3,7,8,83.0,0.0,broken,0
339,R4,9,8,83.0,100.0,idle,0
340,R0,1,8,82.95,100.0,idle,0
340,R1,3,8,82.95,100.0,idle,0
340,R2,5,8,82.95,0.0,broken,0
340,R3,7,8,82.95,0.0,broken,0
340,R4,9,8,82.95,100.0,idle,0
341,R0,1,8,82.9,100.0,idle,0
341,R1,3,8,82.9,100.0,idle,0
341,R2,5,8,82.9,0.0,broken,0
341,R3,7,8,82.9,0.0,broken,0
341,R4,9,8,82.9,100.0,idle,0
342,R0,1,8,82.85,100.0,idle,0
342,R1,3,8,82.85,100.0,idle,0
342,R2,5,8,82.85,0.0,broken,0
342,R3,7,8,82.85,0.0,broken,0
342,R4,9,8,82.85,100.0,idle,0
343,R0,1,8,82.8,100.0,idle,0
343,R1,3,8,82.8,100.0,idle,0
343,R2,5,8,82.8,0.0,broken,0
343,R3,7,8,82.8,0.0,broken,0
343,R4,9,8,82.8,100.0,idle,0
344,R0,1,8,82.75,100.0,idle,0
344,R1,3,8,82.75,100.0,idle,0
344,R2,5,8,82.75,0.0,broken,0
344,R3,7,8,82.75,0.0,broken,0
344,R4,9,8,82.75,100.0,idle,0
345,R0,1,8,82.7,100.0,idle,0
345,R1,3,8,82.7,100.0,idle,0
345,R2,5,8,82.7,0.0,broken,0
345,R3,7,8,82.7,0.0,broken,0
345,R4,9,8,82.7,100.0,idle,0
346,R0,1,8,82.65,100.0,idle,0
346,R1,3,8,82.65,100.0,idle,0
346,R2,5,8,82.65,0.0,broken,0
346,R3,7,8,82.65,0.0,broken,0
346,R4,9,8,82.65,100.0,idle,0
347,R0,1,8,82.6,100.0,idle,0
347,R1,3,8,82.6,100.0,idle,0
347,R2,5,8,82.6,0.0,broken,0
347,R3,7,8,82.6,0.0,broken,0
347,R4,9,8,82.6,100.0,idle,0
348,R0,1,8,82.55,100.0,idle,0
348,R1,3,8,82.55,100.0,idle,0
348,R2,5,8,82.55,0.0,broken,0
348,R3,7,8,82.55,0.0,broken,0
348,R4,9,8,82.55,100.0,idle,0
349,R0,1,8,82.5,100.0,idle,0
349,R1,3,8,82.5,100.0,idle,0
349,R2,5,8,82.5,0.0,broken,0
349,R3,7,8,82.5,0.0,broken,0
349,R4,9,8,82.5,100.0,idle,0
350,R0,1,8,82.45,100.0,idle,0
350,R1,3,8,82.45,100.0,idle,0
350,R2,5,8,82.45,0.0,broken,0
350,R3,7,8,82.45,0.0,broken,0
350,R4,9,8,82.45,100.0,idle,0
351,R0,1,8,82.4,100.0,idle,0
351,R1,3,8,82.4,100.0,idle,0
351,R2,5,8,82.4,0.0,broken,0
351,R3,7,8,82.4,0.0,broken,0
351,R4,9,8,82.4,100.0,idle,0
352,R0,1,8,82.35,100.0,idle,0
352,R1,3,8,82.35,100.0,idle,0
352,R2,5,8,82.35,0.0,broken,0
352,R3,7,8,82.35,0.0,broken,0
352,R4,9,8,82.35,100.0,idle,0
353,R0,1,8,82.3,100.0,idle,0
353,R1,3,8,82.3,100.0,idle,0
353,R2,5,8,82.3,0.0,broken,0
353,R3,7,8,82.3,0.0,broken,0
353,R4,9,8,82.3,100.0,idle,0
354,R0,1,8,82.25,100.0,idle,0
354,R1,3,8,82.25,100.0,idle,0
354,R2,5,8,82.25,0.0,broken,0
354,R3,7,8,82.25,0.0,broken,0
354,R4,9,8,82.25,100.0,idle,0
355,R0,1,8,82.2,100.0,idle,0
355,R1,3,8,82.2,100.0,idle,0
355,R2,5,8,82.2,0.0,broken,0
355,R3,7,8,82.2,0.0,broken,0
355,R4,9,8,82.2,100.0,idle,0
356,R0,1,8,82.15,100.0,idle,0
356,R1,3,8,82.15,100.0,idle,0
356,R2,5,8,82.15,0.0,broken,0
356,R3,7,8,82.15,0.0,broken,0
356,R4,9,8,82.15,100.0,idle,0
357,R0,1,8,82.1,100.0,idle,0
357,R1,3,8,82.1,100.0,idle,0
357,R2,5,8,82.1,0.0,broken,0
357,R3,7,8,82.1,0.0,broken,0
357,R4,9,8,82.1,100.0,idle,0
358,R0,1,8,82.05,100.0,idle,0
358,R1,3,8,82.05,100.0,idle,0
358,R2,5,8,82.05,0.0,broken,0
358,R3,7,8,82.05,0.0,broken,0
358,R4,9,8,82.05,100.0,idle,0
359,R0,1,8,82.0,100.0,idle,0
359,R1,3,8,82.0,100.0,idle,0
359,R2,5,8,82.0,0.0,broken,0
359,R3,7,8,82.0,0.0,broken,0
359,R4,9,8,82.0,100.0,idle,0
360,R0,1,8,81.95,100.0,idle,0
360,R1,3,8,81.95,100.0,idle,0
360,R2,5,8,81.95,0.0,broken,0
360,R3,7,8,81.95,0.0,broken,0
360,R4,9,8,81.95,100.0,idle,0
361,R0,1,8,81.9,100.0,idle,0
361,R1,3,8,81.9,100.0,idle,0
361,R2,5,8,81.9,0.0,broken,0
361,R3,7,8,81.9,0.0,broken,0
361,R4,9,8,81.9,100.0,idle,0
362,R0,1,8,81.85,100.0,idle,0
362,R1,3,8,81.85,100.0,idle,0
362,R2,5,8,81.85,0.0,broken,0
362,R3,7,8,81.85,0.0,broken,0
362,R4,9,8,81.85,100.0,idle,0
363,R0,1,8,81.8,100.0,idle,0
363,R1,3,8,81.8,100.0,idle,0
363,R2,5,8,81.8,0.0,broken,0
363,R3,7,8,81.8,0.0,broken,0
363,R4,9,8,81.8,100.0,idle,0
364,R0,1,8,81.75,100.0,idle,0
364,R1,3,8,81.75,100.0,idle,0
364,R2,5,8,81.75,0.0,broken,0
364,R3,7,8,81.75,0.0,broken,0
364,R4,9,8,81.75,100.0,idle,0
365,R0,1,8,81.7,100.0,idle,0
365,R1,3,8,81.7,100.0,idle,0
365,R2,5,8,81.7,0.0,broken,0
365,R3,7,8,81.7,0.0,broken,0
365,R4,9,8,81.7,100.0,idle,0
366,R0,1,8,81.65,100.0,idle,0
366,R1,3,8,81.65,100.0,idle,0
366,R2,5,8,81.65,0.0,broken,0
366,R3,7,8,81.65,0.0,broken,0
366,R4,9,8,81.65,100.0,idle,0
367,R0,1,8,81.6,100.0,idle,0
367,R1,3,8,81.6,100.0,idle,0
367,R2,5,8,81.6,0.0,broken,0
367,R3,7,8,81.6,0.0,broken,0
367,R4,9,8,81.6,100.0,idle,0
368,R0,1,8,81.55,100.0,idle,0
368,R1,3,8,81.55,100.0,idle,0
368,R2,5,8,81.55,0.0,broken,0
368,R3,7,8,81.55,0.0,broken,0
368,R4,9,8,81.55,100.0,idle,0
369,R0,1,8,81.5,100.0,idle,0
369,R1,3,8,81.5,100.0,idle,0
369,R2,5,8,81.5,0.0,broken,0
369,R3,7,8,81.5,0.0,broken,0
369,R4,9,8,81.5,100.0,idle,0
370,R0,1,8,81.45,100.0,idle,0
370,R1,3,8,81.45,100.0,idle,0
370,R2,5,8,81.45,0.0,broken,0
370,R3,7,8,81.45,0.0,broken,0
370,R4,9,8,81.45,100.0,idle,0
371,R0,1,8,81.4,100.0,idle,0
371,R1,3,8,81.4,100.0,idle,0
371,R2,5,8,81.4,0.0,broken,0
371,R3,7,8,81.4,0.0,broken,0
371,R4,9,8,81.4,100.0,idle,0
372,R0,1,8,81.35,100.0,idle,0
372,R1,3,8,81.35,100.0,idle,0
372,R2,5,8,81.35,0.0,broken,0
372,R3,7,8,81.35,0.0,broken,0
372,R4,9,8,81.35,100.0,idle,0
373,R0,1,8,81.3,100.0,idle,0
373,R1,3,8,81.3,100.0,idle,0
373,R2,5,8,81.3,0.0,broken,0
373,R3,7,8,81.3,0.0,broken,0
373,R4,9,8,81.3,100.0,idle,0
374,R0,1,8,81.25,100.0,idle,0
374,R1,3,8,81.25,100.0,idle,0
374,R2,5,8,81.25,0.0,broken,0
374,R3,7,8,81.25,0.0,broken,0
374,R4,9,8,81.25,100.0,idle,0
375,R0,1,8,81.2,100.0,idle,0
375,R1,3,8,81.2,100.0,idle,0
375,R2,5,8,81.2,0.0,broken,0
375,R3,7,8,81.2,0.0,broken,0
375,R4,9,8,81.2,100.0,idle,0
376,R0,1,8,81.15,100.0,idle,0
376,R1,3,8,81.15,100.0,idle,0
376,R2,5,8,81.15,0.0,broken,0
376,R3,7,8,81.15,0.0,broken,0
376,R4,9,8,81.15,100.0,idle,0
377,R0,1,8,81.1,100.0,idle,0
377,R1,3,8,81.1,100.0,idle,0
377,R2,5,8,81.1,0.0,broken,0
377,R3,7,8,81.1,0.0,broken,0
377,R4,9,8,81.1,100.0,idle,0
378,R0,1,8,81.05,100.0,idle,0
378,R1,3,8,81.05,100.0,idle,0
378,R2,5,8,81.05,0.0,broken,0
378,R3,7,8,81.05,0.0,broken,0
378,R4,9,8,81.05,100.0,idle,0
379,R0,1,8,81.0,100.0,idle,0
379,R1,3,8,81.0,100.0,idle,0
379,R2,5,8,81.0,0.0,broken,0
379,R3,7,8,81.0,0.0,broken,0
379,R4,9,8,81.0,100.0,idle,0
380,R0,1,8,80.95,100.0,idle,0
380,R1,3,8,80.95,100.0,idle,0
380,R2,5,8,80.95,0.0,broken,0
380,R3,7,8,80.95,0.0,broken,0
380,R4,9,8,80.95,100.0,idle,0
381,R0,1,8,80.9,100.0,idle,0
381,R1,3,8,80.9,100.0,idle,0
381,R2,5,8,80.9,0.0,broken,0
381,R3,7,8,80.9,0.0,broken,0
381,R4,9,8,80.9,100.0,idle,0
382,R0,1,8,80.85,100.0,idle,0
382,R1,3,8,80.85,100.0,idle,0
382,R2,5,8,80.85,0.0,broken,0
382,R3,7,8,80.85,0.0,broken,0
382,R4,9,8,80.85,100.0,idle,0
383,R0,1,8,80.8,100.0,idle,0
383,R1,3,8,80.8,100.0,idle,0
383,R2,5,8,80.8,0.0,broken,0
383,R3,7,8,80.8,0.0,broken,0
383,R4,9,8,80.8,100.0,idle,0
384,R0,1,8,80.75,100.0,idle,0
384,R1,3,8,80.75,100.0,idle,0
384,R2,5,8,80.75,0.0,broken,0
384,R3,7,8,80.75,0.0,broken,0
384,R4,9,8,80.75,100.0,idle,0
385,R0,1,8,80.7,100.0,idle,0
385,R1,3,8,80.7,100.0,idle,0
385,R2,5,8,80.7,0.0,broken,0
385,R3,7,8,80.7,0.0,broken,0
385,R4,9,8,80.7,100.0,idle,0
386,R0,1,8,80.65,100.0,idle,0
386,R1,3,8,80.65,100.0,idle,0
386,R2,5,8,80.65,0.0,broken,0
386,R3,7,8,80.65,0.0,broken,0
386,R4,9,8,80.65,100.0,idle,0
387,R0,1,8,80.6,100.0,idle,0
387,R1,3,8,80.6,100.0,idle,0
387,R2,5,8,80.6,0.0,broken,0
387,R3,7,8,80.6,0.0,broken,0
387,R4,9,8,80.6,100.0,idle,0
388,R0,1,8,80.55,100.0,idle,0
388,R1,3,8,80.55,100.0,idle,0
388,R2,5,8,80.55,0.0,broken,0
388,R3,7,8,80.55,0.0,broken,0
388,R4,9,8,80.55,100.0,idle,0
389,R0,1,8,80.5,100.0,idle,0
389,R1,3,8,80.5,100.0,idle,0
389,R2,5,8,80.5,0.0,broken,0
389,R3,7,8,80.5,0.0,broken,0
389,R4,9,8,80.5,100.0,idle,0
390,R0,1,8,80.45,100.0,idle,0
390,R1,3,8,80.45,100.0,idle,0
390,R2,5,8,80.45,0.0,broken,0
390,R3,7,8,80.45,0.0,broken,0
390,R4,9,8,80.45,100.0,idle,0
391,R0,1,8,80.4,100.0,idle,0
391,R1,3,8,80.4,100.0,idle,0
391,R2,5,8,80.4,0.0,broken,0
391,R3,7,8,80.4,0.0,broken,0
391,R4,9,8,80.4,100.0,idle,0
392,R0,1,8,80.35,100.0,idle,0
392,R1,3,8,80.35,100.0,idle,0
392,R2,5,8,80.35,0.0,broken,0
392,R3,7,8,80.35,0.0,broken,0
392,R4,9,8,80.35,100.0,idle,0
393,R0,1,8,80.3,100.0,idle,0
393,R1,3,8,80.3,100.0,idle,0
393,R2,5,8,80.3,0.0,broken,0
393,R3,7,8,80.3,0.0,broken,0
393,R4,9,8,80.3,100.0,idle,0
394,R0,1,8,80.25,100.0,idle,0
394,R1,3,8,80.25,100.0,idle,0
394,R2,5,8,80.25,0.0,broken,0
394,R3,7,8,80.25,0.0,broken,0
394,R4,9,8,80.25,100.0,idle,0
395,R0,1,8,80.2,100.0,idle,0
395,R1,3,8,80.2,100.0,idle,0
395,R2,5,8,80.2,0.0,broken,0
395,R3,7,8,80.2,0.0,broken,0
395,R4,9,8,80.2,100.0,idle,0
396,R0,1,8,80.15,100.0,idle,0
396,R1,3,8,80.15,100.0,idle,0
396,R2,5,8,80.15,0.0,broken,0
396,R3,7,8,80.15,0.0,broken,0
396,R4,9,8,80.15,100.0,idle,0
397,R0,1,8,80.1,100.0,idle,0
397,R1,3,8,80.1,100.0,idle,0
397,R2,5,8,80.1,0.0,broken,0
397,R3,7,8,80.1,0.0,broken,0
397,R4,9,8,80.1,100.0,idle,0
398,R0,1,8,80.05,100.0,idle,0
398,R1,3,8,80.05,100.0,idle,0
398,R2,5,8,80.05,0.0,broken,0
398,R3,7,8,80.05,0.0,broken,0
398,R4,9,8,80.05,100.0,idle,0
399,R0,1,8,80.0,100.0,idle,0
399,R1,3,8,80.0,100.0,idle,0
399,R2,5,8,80.0,0.0,broken,0
399,R3,7,8,80.0,0.0,broken,0
399,R4,9,8,80.0,100.0,idle,0
400,R0,1,8,79.95,100.0,idle,0
400,R1,3,8,79.95,100.0,idle,0
400,R2,5,8,79.95,0.0,broken,0
400,R3,7,8,79.95,0.0,broken,0
400,R4,9,8,79.95,100.0,idle,0
401,R0,1,8,79.9,100.0,idle,0
401,R1,3,8,79.9,100.0,idle,0
401,R2,5,8,79.9,0.0,broken,0
401,R3,7,8,79.9,0.0,broken,0
401,R4,9,8,79.9,100.0,idle,0
402,R0,1,8,79.85,100.0,idle,0
402,R1,3,8,79.85,100.0,idle,0
402,R2,5,8,79.85,0.0,broken,0
402,R3,7,8,79.85,0.0,broken,0
402,R4,9,8,79.85,100.0,idle,0
403,R0,1,8,79.8,100.0,idle,0
403,R1,3,8,79.8,100.0,idle,0
403,R2,5,8,79.8,0.0,broken,0
403,R3,7,8,79.8,0.0,broken,0
403,R4,9,8,79.8,100.0,idle,0
404,R0,1,8,79.75,100.0,idle,0
404,R1,3,8,79.75,100.0,idle,0
404,R2,5,8,79.75,0.0,broken,0
404,R3,7,8,79.75,0.0,broken,0
404,R4,9,8,79.75,100.0,idle,0
405,R0,1,8,79.7,100.0,idle,0
405,R1,3,8,79.7,100.0,idle,0
405,R2,5,8,79.7,0.0,broken,0
405,R3,7,8,79.7,0.0,broken,0
405,R4,9,8,79.7,100.0,idle,0
406,R0,1,8,79.65,100.0,idle,0
406,R1,3,8,79.65,100.0,idle,0
406,R2,5,8,79.65,0.0,broken,0
406,R3,7,8,79.65,0.0,broken,0
406,R4,9,8,79.65,100.0,idle,0
407,R0,1,8,79.6,100.0,idle,0
407,R1,3,8,79.6,100.0,idle,0
407,R2,5,8,79.6,0.0,broken,0
407,R3,7,8,79.6,0.0,broken,0
407,R4,9,8,79.6,100.0,idle,0
408,R0,1,8,79.55,100.0,idle,0
408,R1,3,8,79.55,100.0,idle,0
408,R2,5,8,79.55,0.0,broken,0
408,R3,7,8,79.55,0.0,broken,0
408,R4,9,8,79.55,100.0,idle,0
409,R0,1,8,79.5,100.0,idle,0
409,R1,3,8,79.5,100.0,idle,0
409,R2,5,8,79.5,0.0,broken,0
409,R3,7,8,79.5,0.0,broken,0
409,R4,9,8,79.5,100.0,idle,0
410,R0,1,8,79.45,100.0,idle,0
410,R1,3,8,79.45,100.0,idle,0
410,R2,5,8,79.45,0.0,broken,0
410,R3,7,8,79.45,0.0,broken,0
410,R4,9,8,79.45,100.0,idle,0
411,R0,1,8,79.4,100.0,idle,0
411,R1,3,8,79.4,100.0,idle,0
411,R2,5,8,79.4,0.0,broken,0
411,R3,7,8,79.4,0.0,broken,0
411,R4,9,8,79.4,100.0,idle,0
412,R0,1,8,79.35,100.0,idle,0
412,R1,3,8,79.35,100.0,idle,0
412,R2,5,8,79.35,0.0,broken,0
412,R3,7,8,79.35,0.0,broken,0
412,R4,9,8,79.35,100.0,idle,0
413,R0,1,8,79.3,100.0,idle,0
413,R1,3,8,79.3,100.0,idle,0
413,R2,5,8,79.3,0.0,broken,0
413,R3,7,8,79.3,0.0,broken,0
413,R4,9,8,79.3,100.0,idle,0
414,R0,1,8,79.25,100.0,idle,0
414,R1,3,8,79.25,100.0,idle,0
414,R2,5,8,79.25,0.0,broken,0
414,R3,7,8,79.25,0.0,broken,0
414,R4,9,8,79.25,100.0,idle,0
415,R0,1,8,79.2,100.0,idle,0
415,R1,3,8,79.2,100.0,idle,0
415,R2,5,8,79.2,0.0,broken,0
415,R3,7,8,79.2,0.0,broken,0
415,R4,9,8,79.2,100.0,idle,0
416,R0,1,8,79.15,100.0,idle,0
416,R1,3,8,79.15,100.0,idle,0
416,R2,5,8,79.15,0.0,broken,0
416,R3,7,8,79.15,0.0,broken,0
416,R4,9,8,79.15,100.0,idle,0
417,R0,1,8,79.1,100.0,idle,0
417,R1,3,8,79.1,100.0,idle,0
417,R2,5,8,79.1,0.0,broken,0
417,R3,7,8,79.1,0.0,broken,0
417,R4,9,8,79.1,100.0,idle,0
418,R0,1,8,79.05,100.0,idle,0
418,R1,3,8,79.05,100.0,idle,0
418,R2,5,8,79.05,0.0,broken,0
418,R3,7,8,79.05,0.0,broken,0
418,R4,9,8,79.05,100.0,idle,0
419,R0,1,8,79.0,100.0,idle,0
419,R1,3,8,79.0,100.0,idle,0
419,R2,5,8,79.0,0.0,broken,0
419,R3,7,8,79.0,0.0,broken,0
419,R4,9,8,79.0,100.0,idle,0
420,R0,1,8,78.95,100.0,idle,0
420,R1,3,8,78.95,100.0,idle,0
420,R2,5,8,78.95,0.0,broken,0
420,R3,7,8,78.95,0.0,broken,0
420,R4,9,8,78.95,100.0,idle,0
421,R0,1,8,78.9,100.0,idle,0
421,R1,3,8,78.9,100.0,idle,0
421,R2,5,8,78.9,0.0,broken,0
421,R3,7,8,78.9,0.0,broken,0
421,R4,9,8,78.9,100.0,idle,0
422,R0,1,8,78.85,100.0,idle,0
422,R1,3,8,78.85,100.0,idle,0
422,R2,5,8,78.85,0.0,broken,0
422,R3,7,8,78.85,0.0,broken,0
422,R4,9,8,78.85,100.0,idle,0
423,R0,1,8,78.8,100.0,idle,0
423,R1,3,8,78.8,100.0,idle,0
423,R2,5,8,78.8,0.0,broken,0
423,R3,7,8,78.8,0.0,broken,0
423,R4,9,8,78.8,100.0,idle,0
424,R0,1,8,78.75,100.0,idle,0
424,R1,3,8,78.75,100.0,idle,0
424,R2,5,8,78.75,0.0,broken,0
424,R3,7,8,78.75,0.0,broken,0
424,R4,9,8,78.75,100.0,idle,0
425,R0,1,8,78.7,100.0,idle,0
425,R1,3,8,78.7,100.0,idle,0
425,R2,5,8,78.7,0.0,broken,0
425,R3,7,8,78.7,0.0,broken,0
425,R4,9,8,78.7,100.0,idle,0
426,R0,1,8,78.65,100.0,idle,0
426,R1,3,8,78.65,100.0,idle,0
426,R2,5,8,78.65,0.0,broken,0
426,R3,7,8,78.65,0.0,broken,0
426,R4,9,8,78.65,100.0,idle,0
427,R0,1,8,78.6,100.0,idle,0
427,R1,3,8,78.6,100.0,idle,0
427,R2,5,8,78.6,0.0,broken,0
427,R3,7,8,78.6,0.0,broken,0
427,R4,9,8,78.6,100.0,idle,0
428,R0,1,8,78.55,100.0,idle,0
428,R1,3,8,78.55,100.0,idle,0
428,R2,5,8,78.55,0.0,broken,0
428,R3,7,8,78.55,0.0,broken,0
428,R4,9,8,78.55,100.0,idle,0
429,R0,1,8,78.5,100.0,idle,0
429,R1,3,8,78.5,100.0,idle,0
429,R2,5,8,78.5,0.0,broken,0
429,R3,7,8,78.5,0.0,broken,0
429,R4,9,8,78.5,100.0,idle,0
430,R0,1,8,78.45,100.0,idle,0
430,R1,3,8,78.45,100.0,idle,0
430,R2,5,8,78.45,0.0,broken,0
430,R3,7,8,78.45,0.0,broken,0
430,R4,9,8,78.45,100.0,idle,0
431,R0,1,8,78.4,100.0,idle,0
431,R1,3,8,78.4,100.0,idle,0
431,R2,5,8,78.4,0.0,broken,0
431,R3,7,8,78.4,0.0,broken,0
431,R4,9,8,78.4,100.0,idle,0
432,R0,1,8,78.35,100.0,idle,0
432,R1,3,8,78.35,100.0,idle,0
432,R2,5,8,78.35,0.0,broken,0
432,R3,7,8,78.35,0.0,broken,0
432,R4,9,8,78.35,100.0,idle,0
433,R0,1,8,78.3,100.0,idle,0
433,R1,3,8,78.3,100.0,idle,0
433,R2,5,8,78.3,0.0,broken,0
433,R3,7,8,78.3,0.0,broken,0
433,R4,9,8,78.3,100.0,idle,0
434,R0,1,8,78.25,100.0,idle,0
434,R1,3,8,78.25,100.0,idle,0
434,R2,5,8,78.25,0.0,broken,0
434,R3,7,8,78.25,0.0,broken,0
434,R4,9,8,78.25,100.0,idle,0
435,R0,1,8,78.2,100.0,idle,0
435,R1,3,8,78.2,100.0,idle,0
435,R2,5,8,78.2,0.0,broken,0
435,R3,7,8,78.2,0.0,broken,0
435,R4,9,8,78.2,100.0,idle,0
436,R0,1,8,78.15,100.0,idle,0
436,R1,3,8,78.15,100.0,idle,0
436,R2,5,8,78.15,0.0,broken,0
436,R3,7,8,78.15,0.0,broken,0
436,R4,9,8,78.15,100.0,idle,0
437,R0,1,8,78.1,100.0,idle,0
437,R1,3,8,78.1,100.0,idle,0
437,R2,5,8,78.1,0.0,broken,0
437,R3,7,8,78.1,0.0,broken,0
437,R4,9,8,78.1,100.0,idle,0
438,R0,1,8,78.05,100.0,idle,0
438,R1,3,8,78.05,100.0,idle,0
438,R2,5,8,78.05,0.0,broken,0
438,R3,7,8,78.05,0.0,broken,0
438,R4,9,8,78.05,100.0,idle,0
439,R0,1,8,78.0,100.0,idle,0
439,R1,3,8,78.0,100.0,idle,0
439,R2,5,8,78.0,0.0,broken,0
439,R3,7,8,78.0,0.0,broken,0
439,R4,9,8,78.0,100.0,idle,0
440,R0,1,8,77.95,100.0,idle,0
440,R1,3,8,77.95,100.0,idle,0
440,R2,5,8,77.95,0.0,broken,0
440,R3,7,8,77.95,0.0,broken,0
440,R4,9,8,77.95,100.0,idle,0
441,R0,1,8,77.9,100.0,idle,0
441,R1,3,8,77.9,100.0,idle,0
441,R2,5,8,77.9,0.0,broken,0
441,R3,7,8,77.9,0.0,broken,0
441,R4,9,8,77.9,100.0,idle,0
442,R0,1,8,77.85,100.0,idle,0
442,R1,3,8,77.85,100.0,idle,0
442,R2,5,8,77.85,0.0,broken,0
442,R3,7,8,77.85,0.0,broken,0
442,R4,9,8,77.85,100.0,idle,0
443,R0,1,8,77.8,100.0,idle,0
443,R1,3,8,77.8,100.0,idle,0
443,R2,5,8,77.8,0.0,broken,0
443,R3,7,8,77.8,0.0,broken,0
443,R4,9,8,77.8,100.0,idle,0
444,R0,1,8,77.75,100.0,idle,0
444,R1,3,8,77.75,100.0,idle,0
444,R2,5,8,77.75,0.0,broken,0
444,R3,7,8,77.75,0.0,broken,0
444,R4,9,8,77.75,100.0,idle,0
445,R0,1,8,77.7,100.0,idle,0
445,R1,3,8,77.7,100.0,idle,0
445,R2,5,8,77.7,0.0,broken,0
445,R3,7,8,77.7,0.0,broken,0
445,R4,9,8,77.7,100.0,idle,0
446,R0,1,8,77.65,100.0,idle,0
446,R1,3,8,77.65,100.0,idle,0
446,R2,5,8,77.65,0.0,broken,0
446,R3,7,8,77.65,0.0,broken,0
446,R4,9,8,77.65,100.0,idle,0
447,R0,1,8,77.6,100.0,idle,0
447,R1,3,8,77.6,100.0,idle,0
447,R2,5,8,77.6,0.0,broken,0
447,R3,7,8,77.6,0.0,broken,0
447,R4,9,8,77.6,100.0,idle,0
448,R0,1,8,77.55,100.0,idle,0
448,R1,3,8,77.55,100.0,idle,0
448,R2,5,8,77.55,0.0,broken,0
448,R3,7,8,77.55,0.0,broken,0
448,R4,9,8,77.55,100.0,idle,0
449,R0,1,8,77.5,100.0,idle,0
449,R1,3,8,77.5,100.0,idle,0
449,R2,5,8,77.5,0.0,broken,0
449,R3,7,8,77.5,0.0,broken,0
449,R4,9,8,77.5,100.0,idle,0
450,R0,1,8,77.45,100.0,idle,0
450,R1,3,8,77.45,100.0,idle,0
450,R2,5,8,77.45,0.0,broken,0
450,R3,7,8,77.45,0.0,broken,0
450,R4,9,8,77.45,100.0,idle,0
451,R0,1,8,77.4,100.0,idle,0
451,R1,3,8,77.4,100.0,idle,0
451,R2,5,8,77.4,0.0,broken,0
451,R3,7,8,77.4,0.0,broken,0
451,R4,9,8,77.4,100.0,idle,0
452,R0,1,8,77.35,100.0,idle,0
452,R1,3,8,77.35,100.0,idle,0
452,R2,5,8,77.35,0.0,broken,0
452,R3,7,8,77.35,0.0,broken,0
452,R4,9,8,77.35,100.0,idle,0
453,R0,1,8,77.3,100.0,idle,0
453,R1,3,8,77.3,100.0,idle,0
453,R2,5,8,77.3,0.0,broken,0
453,R3,7,8,77.3,0.0,broken,0
453,R4,9,8,77.3,100.0,idle,0
454,R0,1,8,77.25,100.0,idle,0
454,R1,3,8,77.25,100.0,idle,0
454,R2,5,8,77.25,0.0,broken,0
454,R3,7,8,77.25,0.0,broken,0
454,R4,9,8,77.25,100.0,idle,0
455,R0,1,8,77.2,100.0,idle,0
455,R1,3,8,77.2,100.0,idle,0
455,R2,5,8,77.2,0.0,broken,0
455,R3,7,8,77.2,0.0,broken,0
455,R4,9,8,77.2,100.0,idle,0
456,R0,1,8,77.15,100.0,idle,0
456,R1,3,8,77.15,100.0,idle,0
456,R2,5,8,77.15,0.0,broken,0
456,R3,7,8,77.15,0.0,broken,0
456,R4,9,8,77.15,100.0,idle,0
457,R0,1,8,77.1,100.0,idle,0
457,R1,3,8,77.1,100.0,idle,0
457,R2,5,8,77.1,0.0,broken,0
457,R3,7,8,77.1,0.0,broken,0
457,R4,9,8,77.1,100.0,idle,0
458,R0,1,8,77.05,100.0,idle,0
458,R1,3,8,77.05,100.0,idle,0
458,R2,5,8,77.05,0.0,broken,0
458,R3,7,8,77.05,0.0,broken,0
458,R4,9,8,77.05,100.0,idle,0
459,R0,1,8,77.0,100.0,idle,0
459,R1,3,8,77.0,100.0,idle,0
459,R2,5,8,77.0,0.0,broken,0
459,R3,7,8,77.0,0.0,broken,0
459,R4,9,8,77.0,100.0,idle,0
460,R0,1,8,76.95,100.0,idle,0
460,R1,3,8,76.95,100.0,idle,0
460,R2,5,8,76.95,0.0,broken,0
460,R3,7,8,76.95,0.0,broken,0
460,R4,9,8,76.95,100.0,idle,0
461,R0,1,8,76.9,100.0,idle,0
461,R1,3,8,76.9,100.0,idle,0
461,R2,5,8,76.9,0.0,broken,0
461,R3,7,8,76.9,0.0,broken,0
461,R4,9,8,76.9,100.0,idle,0
462,R0,1,8,76.85,100.0,idle,0
462,R1,3,8,76.85,100.0,idle,0
462,R2,5,8,76.85,0.0,broken,0
462,R3,7,8,76.85,0.0,broken,0
462,R4,9,8,76.85,100.0,idle,0
463,R0,1,8,76.8,100.0,idle,0
463,R1,3,8,76.8,100.0,idle,0
463,R2,5,8,76.8,0.0,broken,0
463,R3,7,8,76.8,0.0,broken,0
463,R4,9,8,76.8,100.0,idle,0
464,R0,1,8,76.75,100.0,idle,0
464,R1,3,8,76.75,100.0,idle,0
464,R2,5,8,76.75,0.0,broken,0
464,R3,7,8,76.75,0.0,broken,0
464,R4,9,8,76.75,100.0,idle,0
465,R0,1,8,76.7,100.0,idle,0
465,R1,3,8,76.7,100.0,idle,0
465,R2,5,8,76.7,0.0,broken,0
465,R3,7,8,76.7,0.0,broken,0
465,R4,9,8,76.7,100.0,idle,0
466,R0,1,8,76.65,100.0,idle,0
466,R1,3,8,76.65,100.0,idle,0
466,R2,5,8,76.65,0.0,broken,0
466,R3,7,8,76.65,0.0,broken,0
466,R4,9,8,76.65,100.0,idle,0
467,R0,1,8,76.6,100.0,idle,0
467,R1,3,8,76.6,100.0,idle,0
467,R2,5,8,76.6,0.0,broken,0
467,R3,7,8,76.6,0.0,broken,0
467,R4,9,8,76.6,100.0,idle,0
468,R0,1,8,76.55,100.0,idle,0
468,R1,3,8,76.55,100.0,idle,0
468,R2,5,8,76.55,0.0,broken,0
468,R3,7,8,76.55,0.0,broken,0
468,R4,9,8,76.55,100.0,idle,0
469,R0,1,8,76.5,100.0,idle,0
469,R1,3,8,76.5,100.0,idle,0
469,R2,5,8,76.5,0.0,broken,0
469,R3,7,8,76.5,0.0,broken,0
469,R4,9,8,76.5,100.0,idle,0
470,R0,1,8,76.45,100.0,idle,0
470,R1,3,8,76.45,100.0,idle,0
470,R2,5,8,76.45,0.0,broken,0
470,R3,7,8,76.45,0.0,broken,0
470,R4,9,8,76.45,100.0,idle,0
471,R0,1,8,76.4,100.0,idle,0
471,R1,3,8,76.4,100.0,idle,0
471,R2,5,8,76.4,0.0,broken,0
471,R3,7,8,76.4,0.0,broken,0
471,R4,9,8,76.4,100.0,idle,0
472,R0,1,8,76.35,100.0,idle,0
472,R1,3,8,76.35,100.0,idle,0
472,R2,5,8,76.35,0.0,broken,0
472,R3,7,8,76.35,0.0,broken,0
472,R4,9,8,76.35,100.0,idle,0
473,R0,1,8,76.3,100.0,idle,0
473,R1,3,8,76.3,100.0,idle,0
473,R2,5,8,76.3,0.0,broken,0
473,R3,7,8,76.3,0.0,broken,0
473,R4,9,8,76.3,100.0,idle,0
474,R0,1,8,76.25,100.0,idle,0
474,R1,3,8,76.25,100.0,idle,0
474,R2,5,8,76.25,0.0,broken,0
474,R3,7,8,76.25,0.0,broken,0
474,R4,9,8,76.25,100.0,idle,0
475,R0,1,8,76.2,100.0,idle,0
475,R1,3,8,76.2,100.0,idle,0
475,R2,5,8,76.2,0.0,broken,0
475,R3,7,8,76.2,0.0,broken,0
475,R4,9,8,76.2,100.0,idle,0
476,R0,1,8,76.15,100.0,idle,0
476,R1,3,8,76.15,100.0,idle,0
476,R2,5,8,76.15,0.0,broken,0
476,R3,7,8,76.15,0.0,broken,0
476,R4,9,8,76.15,100.0,idle,0
477,R0,1,8,76.1,100.0,idle,0
477,R1,3,8,76.1,100.0,idle,0
477,R2,5,8,76.1,0.0,broken,0
477,R3,7,8,76.1,0.0,broken,0
477,R4,9,8,76.1,100.0,idle,0
478,R0,1,8,76.05,100.0,idle,0
478,R1,3,8,76.05,100.0,idle,0
478,R2,5,8,76.05,0.0,broken,0
478,R3,7,8,76.05,0.0,broken,0
478,R4,9,8,76.05,100.0,idle,0
479,R0,1,8,76.0,100.0,idle,0
479,R1,3,8,76.0,100.0,idle,0
479,R2,5,8,76.0,0.0,broken,0
479,R3,7,8,76.0,0.0,broken,0
479,R4,9,8,76.0,100.0,idle,0
480,R0,1,8,75.95,100.0,idle,0
480,R1,3,8,75.95,100.0,idle,0
480,R2,5,8,75.95,0.0,broken,0
480,R3,7,8,75.95,0.0,broken,0
480,R4,9,8,75.95,100.0,idle,0
481,R0,1,8,75.9,100.0,idle,0
481,R1,3,8,75.9,100.0,idle,0
481,R2,5,8,75.9,0.0,broken,0
481,R3,7,8,75.9,0.0,broken,0
481,R4,9,8,75.9,100.0,idle,0
482,R0,1,8,75.85,100.0,idle,0
482,R1,3,8,75.85,100.0,idle,0
482,R2,5,8,75.85,0.0,broken,0
482,R3,7,8,75.85,0.0,broken,0
482,R4,9,8,75.85,100.0,idle,0
483,R0,1,8,75.8,100.0,idle,0
483,R1,3,8,75.8,100.0,idle,0
483,R2,5,8,75.8,0.0,broken,0
483,R3,7,8,75.8,0.0,broken,0
483,R4,9,8,75.8,100.0,idle,0
484,R0,1,8,75.75,100.0,idle,0
484,R1,3,8,75.75,100.0,idle,0
484,R2,5,8,75.75,0.0,broken,0
484,R3,7,8,75.75,0.0,broken,0
484,R4,9,8,75.75,100.0,idle,0
485,R0,1,8,75.7,100.0,idle,0
485,R1,3,8,75.7,100.0,idle,0
485,R2,5,8,75.7,0.0,broken,0
485,R3,7,8,75.7,0.0,broken,0
485,R4,9,8,75.7,100.0,idle,0
486,R0,1,8,75.65,100.0,idle,0
486,R1,3,8,75.65,100.0,idle,0
486,R2,5,8,75.65,0.0,broken,0
486,R3,7,8,75.65,0.0,broken,0
486,R4,9,8,75.65,100.0,idle,0
487,R0,1,8,75.6,100.0,idle,0
487,R1,3,8,75.6,100.0,idle,0
487,R2,5,8,75.6,0.0,broken,0
487,R3,7,8,75.6,0.0,broken,0
487,R4,9,8,75.6,100.0,idle,0
488,R0,1,8,75.55,100.0,idle,0
488,R1,3,8,75.55,100.0,idle,0
488,R2,5,8,75.55,0.0,broken,0
488,R3,7,8,75.55,0.0,broken,0
488,R4,9,8,75.55,100.0,idle,0
489,R0,1,8,75.5,100.0,idle,0
489,R1,3,8,75.5,100.0,idle,0
489,R2,5,8,75.5,0.0,broken,0
489,R3,7,8,75.5,0.0,broken,0
489,R4,9,8,75.5,100.0,idle,0
490,R0,1,8,75.45,100.0,idle,0
490,R1,3,8,75.45,100.0,idle,0
490,R2,5,8,75.45,0.0,broken,0
490,R3,7,8,75.45,0.0,broken,0
490,R4,9,8,75.45,100.0,idle,0
491,R0,1,8,75.4,100.0,idle,0
491,R1,3,8,75.4,100.0,idle,0
491,R2,5,8,75.4,0.0,broken,0
491,R3,7,8,75.4,0.0,broken,0
491,R4,9,8,75.4,100.0,idle,0
492,R0,1,8,75.35,100.0,idle,0
492,R1,3,8,75.35,100.0,idle,0
492,R2,5,8,75.35,0.0,broken,0
492,R3,7,8,75.35,0.0,broken,0
492,R4,9,8,75.35,100.0,idle,0
493,R0,1,8,75.3,100.0,idle,0
493,R1,3,8,75.3,100.0,idle,0
493,R2,5,8,75.3,0.0,broken,0
493,R3,7,8,75.3,0.0,broken,0
493,R4,9,8,75.3,100.0,idle,0
494,R0,1,8,75.25,100.0,idle,0
494,R1,3,8,75.25,100.0,idle,0
494,R2,5,8,75.25,0.0,broken,0
494,R3,7,8,75.25,0.0,broken,0
494,R4,9,8,75.25,100.0,idle,0
495,R0,1,8,75.2,100.0,idle,0
495,R1,3,8,75.2,100.0,idle,0
495,R2,5,8,75.2,0.0,broken,0
495,R3,7,8,75.2,0.0,broken,0
495,R4,9,8,75.2,100.0,idle,0
496,R0,1,8,75.15,100.0,idle,0
496,R1,3,8,75.15,100.0,idle,0
496,R2,5,8,75.15,0.0,broken,0
496,R3,7,8,75.15,0.0,broken,0
496,R4,9,8,75.15,100.0,idle,0
497,R0,1,8,75.1,100.0,idle,0
497,R1,3,8,75.1,100.0,idle,0
497,R2,5,8,75.1,0.0,broken,0
497,R3,7,8,75.1,0.0,broken,0
497,R4,9,8,75.1,100.0,idle,0
498,R0,1,8,75.05,100.0,idle,0
498,R1,3,8,75.05,100.0,idle,0
498,R2,5,8,75.05,0.0,broken,0
498,R3,7,8,75.05,0.0,broken,0
498,R4,9,8,75.05,100.0,idle,0
499,R0,1,8,75.0,100.0,idle,0
499,R1,3,8,75.0,100.0,idle,0
499,R2,5,8,75.0,0.0,broken,0
499,R3,7,8,75.0,0.0,broken,0
499,R4,9,8,75.0,100.0,idle,0
500,R0,1,8,74.95,100.0,idle,0
500,R1,3,8,74.95,100.0,idle,0
500,R2,5,8,74.95,0.0,broken,0
500,R3,7,8,74.95,0.0,broken,0
500,R4,9,8,74.95,100.0,idle,0
501,R0,1,8,74.9,100.0,idle,0
501,R1,3,8,74.9,100.0,idle,0
501,R2,5,8,74.9,0.0,broken,0
501,R3,7,8,74.9,0.0,broken,0
501,R4,9,8,74.9,100.0,idle,0
502,R0,1,8,74.85,100.0,idle,0
502,R1,3,8,74.85,100.0,idle,0
502,R2,5,8,74.85,0.0,broken,0
502,R3,7,8,74.85,0.0,broken,0
502,R4,9,8,74.85,100.0,idle,0
503,R0,1,8,74.8,100.0,idle,0
503,R1,3,8,74.8,100.0,idle,0
503,R2,5,8,74.8,0.0,broken,0
503,R3,7,8,74.8,0.0,broken,0
503,R4,9,8,74.8,100.0,idle,0
504,R0,1,8,74.75,100.0,idle,0
504,R1,3,8,74.75,100.0,idle,0
504,R2,5,8,74.75,0.0,broken,0
504,R3,7,8,74.75,0.0,broken,0
504,R4,9,8,74.75,100.0,idle,0
505,R0,1,8,74.7,100.0,idle,0
505,R1,3,8,74.7,100.0,idle,0
505,R2,5,8,74.7,0.0,broken,0
505,R3,7,8,74.7,0.0,broken,0
505,R4,9,8,74.7,100.0,idle,0
506,R0,1,8,74.65,100.0,idle,0
506,R1,3,8,74.65,100.0,idle,0
506,R2,5,8,74.65,0.0,broken,0
506,R3,7,8,74.65,0.0,broken,0
506,R4,9,8,74.65,100.0,idle,0
507,R0,1,8,74.6,100.0,idle,0
507,R1,3,8,74.6,100.0,idle,0
507,R2,5,8,74.6,0.0,broken,0
507,R3,7,8,74.6,0.0,broken,0
507,R4,9,8,74.6,100.0,idle,0
508,R0,1,8,74.55,100.0,idle,0
508,R1,3,8,74.55,100.0,idle,0
508,R2,5,8,74.55,0.0,broken,0
508,R3,7,8,74.55,0.0,broken,0
508,R4,9,8,74.55,100.0,idle,0
509,R0,1,8,74.5,100.0,idle,0
509,R1,3,8,74.5,100.0,idle,0
509,R2,5,8,74.5,0.0,broken,0
509,R3,7,8,74.5,0.0,broken,0
509,R4,9,8,74.5,100.0,idle,0
510,R0,1,8,74.45,100.0,idle,0
510,R1,3,8,74.45,100.0,idle,0
510,R2,5,8,74.45,0.0,broken,0
510,R3,7,8,74.45,0.0,broken,0
510,R4,9,8,74.45,100.0,idle,0
511,R0,1,8,74.4,100.0,idle,0
511,R1,3,8,74.4,100.0,idle,0
511,R2,5,8,74.4,0.0,broken,0
511,R3,7,8,74.4,0.0,broken,0
511,R4,9,8,74.4,100.0,idle,0
512,R0,1,8,74.35,100.0,idle,0
512,R1,3,8,74.35,100.0,idle,0
512,R2,5,8,74.35,0.0,broken,0
512,R3,7,8,74.35,0.0,broken,0
512,R4,9,8,74.35,100.0,idle,0
513,R0,1,8,74.3,100.0,idle,0
513,R1,3,8,74.3,100.0,idle,0
513,R2,5,8,74.3,0.0,broken,0
513,R3,7,8,74.3,0.0,broken,0
513,R4,9,8,74.3,100.0,idle,0
514,R0,1,8,74.25,100.0,idle,0
514,R1,3,8,74.25,100.0,idle,0
514,R2,5,8,74.25,0.0,broken,0
514,R3,7,8,74.25,0.0,broken,0
514,R4,9,8,74.25,100.0,idle,0
515,R0,1,8,74.2,100.0,idle,0
515,R1,3,8,74.2,100.0,idle,0
515,R2,5,8,74.2,0.0,broken,0
515,R3,7,8,74.2,0.0,broken,0
515,R4,9,8,74.2,100.0,idle,0
516,R0,1,8,74.15,100.0,idle,0
516,R1,3,8,74.15,100.0,idle,0
516,R2,5,8,74.15,0.0,broken,0
516,R3,7,8,74.15,0.0,broken,0
516,R4,9,8,74.15,100.0,idle,0
517,R0,1,8,74.1,100.0,idle,0
517,R1,3,8,74.1,100.0,idle,0
517,R2,5,8,74.1,0.0,broken,0
517,R3,7,8,74.1,0.0,broken,0
517,R4,9,8,74.1,100.0,idle,0
518,R0,1,8,74.05,100.0,idle,0
518,R1,3,8,74.05,100.0,idle,0
518,R2,5,8,74.05,0.0,broken,0
518,R3,7,8,74.05,0.0,broken,0
518,R4,9,8,74.05,100.0,idle,0
519,R0,1,8,74.0,100.0,idle,0
519,R1,3,8,74.0,100.0,idle,0
519,R2,5,8,74.0,0.0,broken,0
519,R3,7,8,74.0,0.0,broken,0
519,R4,9,8,74.0,100.0,idle,0
520,R0,1,8,73.95,100.0,idle,0
520,R1,3,8,73.95,100.0,idle,0
520,R2,5,8,73.95,0.0,broken,0
520,R3,7,8,73.95,0.0,broken,0
520,R4,9,8,73.95,100.0,idle,0
521,R0,1,8,73.9,100.0,idle,0
521,R1,3,8,73.9,100.0,idle,0
521,R2,5,8,73.9,0.0,broken,0
521,R3,7,8,73.9,0.0,broken,0
521,R4,9,8,73.9,100.0,idle,0
522,R0,1,8,73.85,100.0,idle,0
522,R1,3,8,73.85,100.0,idle,0
522,R2,5,8,73.85,0.0,broken,0
522,R3,7,8,73.85,0.0,broken,0
522,R4,9,8,73.85,100.0,idle,0
523,R0,1,8,73.8,100.0,idle,0
523,R1,3,8,73.8,100.0,idle,0
523,R2,5,8,73.8,0.0,broken,0
523,R3,7,8,73.8,0.0,broken,0
523,R4,9,8,73.8,100.0,idle,0
524,R0,1,8,73.75,100.0,idle,0
524,R1,3,8,73.75,100.0,idle,0
524,R2,5,8,73.75,0.0,broken,0
524,R3,7,8,73.75,0.0,broken,0
524,R4,9,8,73.75,100.0,idle,0
525,R0,1,8,73.7,100.0,idle,0
525,R1,3,8,73.7,100.0,idle,0
525,R2,5,8,73.7,0.0,broken,0
525,R3,7,8,73.7,0.0,broken,0
525,R4,9,8,73.7,100.0,idle,0
526,R0,1,8,73.65,100.0,idle,0
526,R1,3,8,73.65,100.0,idle,0
526,R2,5,8,73.65,0.0,broken,0
526,R3,7,8,73.65,0.0,broken,0
526,R4,9,8,73.65,100.0,idle,0
527,R0,1,8,73.6,100.0,idle,0
527,R1,3,8,73.6,100.0,idle,0
527,R2,5,8,73.6,0.0,broken,0
527,R3,7,8,73.6,0.0,broken,0
527,R4,9,8,73.6,100.0,idle,0
528,R0,1,8,73.55,100.0,idle,0
528,R1,3,8,73.55,100.0,idle,0
528,R2,5,8,73.55,0.0,broken,0
528,R3,7,8,73.55,0.0,broken,0
528,R4,9,8,73.55,100.0,idle,0
529,R0,1,8,73.5,100.0,idle,0
529,R1,3,8,73.5,100.0,idle,0
529,R2,5,8,73.5,0.0,broken,0
529,R3,7,8,73.5,0.0,broken,0
529,R4,9,8,73.5,100.0,idle,0
530,R0,1,8,73.45,100.0,idle,0
530,R1,3,8,73.45,100.0,idle,0
530,R2,5,8,73.45,0.0,broken,0
530,R3,7,8,73.45,0.0,broken,0
530,R4,9,8,73.45,100.0,idle,0
531,R0,1,8,73.4,100.0,idle,0
531,R1,3,8,73.4,100.0,idle,0
531,R2,5,8,73.4,0.0,broken,0
531,R3,7,8,73.4,0.0,broken,0
531,R4,9,8,73.4,100.0,idle,0
532,R0,1,8,73.35,100.0,idle,0
532,R1,3,8,73.35,100.0,idle,0
532,R2,5,8,73.35,0.0,broken,0
532,R3,7,8,73.35,0.0,broken,0
532,R4,9,8,73.35,100.0,idle,0
533,R0,1,8,73.3,100.0,idle,0
533,R1,3,8,73.3,100.0,idle,0
533,R2,5,8,73.3,0.0,broken,0
533,R3,7,8,73.3,0.0,broken,0
533,R4,9,8,73.3,100.0,idle,0
534,R0,1,8,73.25,100.0,idle,0
534,R1,3,8,73.25,100.0,idle,0
534,R2,5,8,73.25,0.0,broken,0
534,R3,7,8,73.25,0.0,broken,0
534,R4,9,8,73.25,100.0,idle,0
535,R0,1,8,73.2,100.0,idle,0
535,R1,3,8,73.2,100.0,idle,0
535,R2,5,8,73.2,0.0,broken,0
535,R3,7,8,73.2,0.0,broken,0
535,R4,9,8,73.2,100.0,idle,0
536,R0,1,8,73.15,100.0,idle,0
536,R1,3,8,73.15,100.0,idle,0
536,R2,5,8,73.15,0.0,broken,0
536,R3,7,8,73.15,0.0,broken,0
536,R4,9,8,73.15,100.0,idle,0
537,R0,1,8,73.1,100.0,idle,0
537,R1,3,8,73.1,100.0,idle,0
537,R2,5,8,73.1,0.0,broken,0
537,R3,7,8,73.1,0.0,broken,0
537,R4,9,8,73.1,100.0,idle,0
538,R0,1,8,73.05,100.0,idle,0
538,R1,3,8,73.05,100.0,idle,0
538,R2,5,8,73.05,0.0,broken,0
538,R3,7,8,73.05,0.0,broken,0
538,R4,9,8,73.05,100.0,idle,0
539,R0,1,8,73.0,100.0,idle,0
539,R1,3,8,73.0,100.0,idle,0
539,R2,5,8,73.0,0.0,broken,0
539,R3,7,8,73.0,0.0,broken,0
539,R4,9,8,73.0,100.0,idle,0
540,R0,1,8,72.95,100.0,idle,0
540,R1,3,8,72.95,100.0,idle,0
540,R2,5,8,72.95,0.0,broken,0
540,R3,7,8,72.95,0.0,broken,0
540,R4,9,8,72.95,100.0,idle,0
541,R0,1,8,72.9,100.0,idle,0
541,R1,3,8,72.9,100.0,idle,0
541,R2,5,8,72.9,0.0,broken,0
541,R3,7,8,72.9,0.0,broken,0
541,R4,9,8,72.9,100.0,idle,0
542,R0,1,8,72.85,100.0,idle,0
542,R1,3,8,72.85,100.0,idle,0
542,R2,5,8,72.85,0.0,broken,0
542,R3,7,8,72.85,0.0,broken,0
542,R4,9,8,72.85,100.0,idle,0
543,R0,1,8,72.8,100.0,idle,0
543,R1,3,8,72.8,100.0,idle,0
543,R2,5,8,72.8,0.0,broken,0
543,R3,7,8,72.8,0.0,broken,0
543,R4,9,8,72.8,100.0,idle,0
544,R0,1,8,72.75,100.0,idle,0
544,R1,3,8,72.75,100.0,idle,0
544,R2,5,8,72.75,0.0,broken,0
544,R3,7,8,72.75,0.0,broken,0
544,R4,9,8,72.75,100.0,idle,0
545,R0,1,8,72.7,100.0,idle,0
545,R1,3,8,72.7,100.0,idle,0
545,R2,5,8,72.7,0.0,broken,0
545,R3,7,8,72.7,0.0,broken,0
545,R4,9,8,72.7,100.0,idle,0
546,R0,1,8,72.65,100.0,idle,0
546,R1,3,8,72.65,100.0,idle,0
546,R2,5,8,72.65,0.0,broken,0
546,R3,7,8,72.65,0.0,broken,0
546,R4,9,8,72.65,100.0,idle,0
547,R0,1,8,72.6,100.0,idle,0
547,R1,3,8,72.6,100.0,idle,0
547,R2,5,8,72.6,0.0,broken,0
547,R3,7,8,72.6,0.0,broken,0
547,R4,9,8,72.6,100.0,idle,0
548,R0,1,8,72.55,100.0,idle,0
548,R1,3,8,72.55,100.0,idle,0
548,R2,5,8,72.55,0.0,broken,0
548,R3,7,8,72.55,0.0,broken,0
548,R4,9,8,72.55,100.0,idle,0
549,R0,1,8,72.5,100.0,idle,0
549,R1,3,8,72.5,100.0,idle,0
549,R2,5,8,72.5,0.0,broken,0
549,R3,7,8,72.5,0.0,broken,0
549,R4,9,8,72.5,100.0,idle,0
550,R0,1,8,72.45,100.0,idle,0
550,R1,3,8,72.45,100.0,idle,0
550,R2,5,8,72.45,0.0,broken,0
550,R3,7,8,72.45,0.0,broken,0
550,R4,9,8,72.45,100.0,idle,0
551,R0,1,8,72.4,100.0,idle,0
551,R1,3,8,72.4,100.0,idle,0
551,R2,5,8,72.4,0.0,broken,0
551,R3,7,8,72.4,0.0,broken,0
551,R4,9,8,72.4,100.0,idle,0
552,R0,1,8,72.35,100.0,idle,0
552,R1,3,8,72.35,100.0,idle,0
552,R2,5,8,72.35,0.0,broken,0
552,R3,7,8,72.35,0.0,broken,0
552,R4,9,8,72.35,100.0,idle,0
553,R0,1,8,72.3,100.0,idle,0
553,R1,3,8,72.3,100.0,idle,0
553,R2,5,8,72.3,0.0,broken,0
553,R3,7,8,72.3,0.0,broken,0
553,R4,9,8,72.3,100.0,idle,0
554,R0,1,8,72.25,100.0,idle,0
554,R1,3,8,72.25,100.0,idle,0
554,R2,5,8,72.25,0.0,broken,0
554,R3,7,8,72.25,0.0,broken,0
554,R4,9,8,72.25,100.0,idle,0
555,R0,1,8,72.2,100.0,idle,0
555,R1,3,8,72.2,100.0,idle,0
555,R2,5,8,72.2,0.0,broken,0
555,R3,7,8,72.2,0.0,broken,0
555,R4,9,8,72.2,100.0,idle,0
556,R0,1,8,72.15,100.0,idle,0
556,R1,3,8,72.15,100.0,idle,0
556,R2,5,8,72.15,0.0,broken,0
556,R3,7,8,72.15,0.0,broken,0
556,R4,9,8,72.15,100.0,idle,0
557,R0,1,8,72.1,100.0,idle,0
557,R1,3,8,72.1,100.0,idle,0
557,R2,5,8,72.1,0.0,broken,0
557,R3,7,8,72.1,0.0,broken,0
557,R4,9,8,72.1,100.0,idle,0
558,R0,1,8,72.05,100.0,idle,0
558,R1,3,8,72.05,100.0,idle,0
558,R2,5,8,72.05,0.0,broken,0
558,R3,7,8,72.05,0.0,broken,0
558,R4,9,8,72.05,100.0,idle,0
559,R0,1,8,72.0,100.0,idle,0
559,R1,3,8,72.0,100.0,idle,0
559,R2,5,8,72.0,0.0,broken,0
559,R3,7,8,72.0,0.0,broken,0
559,R4,9,8,72.0,100.0,idle,0
560,R0,1,8,71.95,100.0,idle,0
560,R1,3,8,71.95,100.0,idle,0
560,R2,5,8,71.95,0.0,broken,0
560,R3,7,8,71.95,0.0,broken,0
560,R4,9,8,71.95,100.0,idle,0
561,R0,1,8,71.9,100.0,idle,0
561,R1,3,8,71.9,100.0,idle,0
561,R2,5,8,71.9,0.0,broken,0
561,R3,7,8,71.9,0.0,broken,0
561,R4,9,8,71.9,100.0,idle,0
562,R0,1,8,71.85,100.0,idle,0
562,R1,3,8,71.85,100.0,idle,0
562,R2,5,8,71.85,0.0,broken,0
562,R3,7,8,71.85,0.0,broken,0
562,R4,9,8,71.85,100.0,idle,0
563,R0,1,8,71.8,100.0,idle,0
563,R1,3,8,71.8,100.0,idle,0
563,R2,5,8,71.8,0.0,broken,0
563,R3,7,8,71.8,0.0,broken,0
563,R4,9,8,71.8,100.0,idle,0
564,R0,1,8,71.75,100.0,idle,0
564,R1,3,8,71.75,100.0,idle,0
564,R2,5,8,71.75,0.0,broken,0
564,R3,7,8,71.75,0.0,broken,0
564,R4,9,8,71.75,100.0,idle,0
565,R0,1,8,71.7,100.0,idle,0
565,R1,3,8,71.7,100.0,idle,0
565,R2,5,8,71.7,0.0,broken,0
565,R3,7,8,71.7,0.0,broken,0
565,R4,9,8,71.7,100.0,idle,0
566,R0,1,8,71.65,100.0,idle,0
566,R1,3,8,71.65,100.0,idle,0
566,R2,5,8,71.65,0.0,broken,0
566,R3,7,8,71.65,0.0,broken,0
566,R4,9,8,71.65,100.0,idle,0
567,R0,1,8,71.6,100.0,idle,0
567,R1,3,8,71.6,100.0,idle,0
567,R2,5,8,71.6,0.0,broken,0
567,R3,7,8,71.6,0.0,broken,0
567,R4,9,8,71.6,100.0,idle,0
568,R0,1,8,71.55,100.0,idle,0
568,R1,3,8,71.55,100.0,idle,0
568,R2,5,8,71.55,0.0,broken,0
568,R3,7,8,71.55,0.0,broken,0
568,R4,9,8,71.55,100.0,idle,0
569,R0,1,8,71.5,100.0,idle,0
569,R1,3,8,71.5,100.0,idle,0
569,R2,5,8,71.5,0.0,broken,0
569,R3,7,8,71.5,0.0,broken,0
569,R4,9,8,71.5,100.0,idle,0
570,R0,1,8,71.45,100.0,idle,0
570,R1,3,8,71.45,100.0,idle,0
570,R2,5,8,71.45,0.0,broken,0
570,R3,7,8,71.45,0.0,broken,0
570,R4,9,8,71.45,100.0,idle,0
571,R0,1,8,71.4,100.0,idle,0
571,R1,3,8,71.4,100.0,idle,0
571,R2,5,8,71.4,0.0,broken,0
571,R3,7,8,71.4,0.0,broken,0
571,R4,9,8,71.4,100.0,idle,0
572,R0,1,8,71.35,100.0,idle,0
572,R1,3,8,71.35,100.0,idle,0
572,R2,5,8,71.35,0.0,broken,0
572,R3,7,8,71.35,0.0,broken,0
572,R4,9,8,71.35,100.0,idle,0
573,R0,1,8,71.3,100.0,idle,0
573,R1,3,8,71.3,100.0,idle,0
573,R2,5,8,71.3,0.0,broken,0
573,R3,7,8,71.3,0.0,broken,0
573,R4,9,8,71.3,100.0,idle,0
574,R0,1,8,71.25,100.0,idle,0
574,R1,3,8,71.25,100.0,idle,0
574,R2,5,8,71.25,0.0,broken,0
574,R3,7,8,71.25,0.0,broken,0
574,R4,9,8,71.25,100.0,idle,0
575,R0,1,8,71.2,100.0,idle,0
575,R1,3,8,71.2,100.0,idle,0
575,R2,5,8,71.2,0.0,broken,0
575,R3,7,8,71.2,0.0,broken,0
575,R4,9,8,71.2,100.0,idle,0
576,R0,1,8,71.15,100.0,idle,0
576,R1,3,8,71.15,100.0,idle,0
576,R2,5,8,71.15,0.0,broken,0
576,R3,7,8,71.15,0.0,broken,0
576,R4,9,8,71.15,100.0,idle,0
577,R0,1,8,71.1,100.0,idle,0
577,R1,3,8,71.1,100.0,idle,0
577,R2,5,8,71.1,0.0,broken,0
577,R3,7,8,71.1,0.0,broken,0
577,R4,9,8,71.1,100.0,idle,0
578,R0,1,8,71.05,100.0,idle,0
578,R1,3,8,71.05,100.0,idle,0
578,R2,5,8,71.05,0.0,broken,0
578,R3,7,8,71.05,0.0,broken,0
578,R4,9,8,71.05,100.0,idle,0
579,R0,1,8,71.0,100.0,idle,0
579,R1,3,8,71.0,100.0,idle,0
579,R2,5,8,71.0,0.0,broken,0
579,R3,7,8,71.0,0.0,broken,0
579,R4,9,8,71.0,100.0,idle,0
580,R0,1,8,70.95,100.0,idle,0
580,R1,3,8,70.95,100.0,idle,0
580,R2,5,8,70.95,0.0,broken,0
580,R3,7,8,70.95,0.0,broken,0
580,R4,9,8,70.95,100.0,idle,0
581,R0,1,8,70.9,100.0,idle,0
581,R1,3,8,70.9,100.0,idle,0
581,R2,5,8,70.9,0.0,broken,0
581,R3,7,8,70.9,0.0,broken,0
581,R4,9,8,70.9,100.0,idle,0
582,R0,1,8,70.85,100.0,idle,0
582,R1,3,8,70.85,100.0,idle,0
582,R2,5,8,70.85,0.0,broken,0
582,R3,7,8,70.85,0.0,broken,0
582,R4,9,8,70.85,100.0,idle,0
583,R0,1,8,70.8,100.0,idle,0
583,R1,3,8,70.8,100.0,idle,0
583,R2,5,8,70.8,0.0,broken,0
583,R3,7,8,70.8,0.0,broken,0
583,R4,9,8,70.8,100.0,idle,0
584,R0,1,8,70.75,100.0,idle,0
584,R1,3,8,70.75,100.0,idle,0
584,R2,5,8,70.75,0.0,broken,0
584,R3,7,8,70.75,0.0,broken,0
584,R4,9,8,70.75,100.0,idle,0
585,R0,1,8,70.7,100.0,idle,0
585,R1,3,8,70.7,100.0,idle,0
585,R2,5,8,70.7,0.0,broken,0
585,R3,7,8,70.7,0.0,broken,0
585,R4,9,8,70.7,100.0,idle,0
586,R0,1,8,70.65,100.0,idle,0
586,R1,3,8,70.65,100.0,idle,0
586,R2,5,8,70.65,0.0,broken,0
586,R3,7,8,70.65,0.0,broken,0
586,R4,9,8,70.65,100.0,idle,0
587,R0,1,8,70.6,100.0,idle,0
587,R1,3,8,70.6,100.0,idle,0
587,R2,5,8,70.6,0.0,broken,0
587,R3,7,8,70.6,0.0,broken,0
587,R4,9,8,70.6,100.0,idle,0
588,R0,1,8,70.55,100.0,idle,0
588,R1,3,8,70.55,100.0,idle,0
588,R2,5,8,70.55,0.0,broken,0
588,R3,7,8,70.55,0.0,broken,0
588,R4,9,8,70.55,100.0,idle,0
589,R0,1,8,70.5,100.0,idle,0
589,R1,3,8,70.5,100.0,idle,0
589,R2,5,8,70.5,0.0,broken,0
589,R3,7,8,70.5,0.0,broken,0
589,R4,9,8,70.5,100.0,idle,0
590,R0,1,8,70.45,100.0,idle,0
590,R1,3,8,70.45,100.0,idle,0
590,R2,5,8,70.45,0.0,broken,0
590,R3,7,8,70.45,0.0,broken,0
590,R4,9,8,70.45,100.0,idle,0
591,R0,1,8,70.4,100.0,idle,0
591,R1,3,8,70.4,100.0,idle,0
591,R2,5,8,70.4,0.0,broken,0
591,R3,7,8,70.4,0.0,broken,0
591,R4,9,8,70.4,100.0,idle,0
592,R0,1,8,70.35,100.0,idle,0
592,R1,3,8,70.35,100.0,idle,0
592,R2,5,8,70.35,0.0,broken,0
592,R3,7,8,70.35,0.0,broken,0
592,R4,9,8,70.35,100.0,idle,0
593,R0,1,8,70.3,100.0,idle,0
593,R1,3,8,70.3,100.0,idle,0
593,R2,5,8,70.3,0.0,broken,0
593,R3,7,8,70.3,0.0,broken,0
593,R4,9,8,70.3,100.0,idle,0
594,R0,1,8,70.25,100.0,idle,0
594,R1,3,8,70.25,100.0,idle,0
594,R2,5,8,70.25,0.0,broken,0
594,R3,7,8,70.25,0.0,broken,0
594,R4,9,8,70.25,100.0,idle,0
595,R0,1,8,70.2,100.0,idle,0
595,R1,3,8,70.2,100.0,idle,0
595,R2,5,8,70.2,0.0,broken,0
595,R3,7,8,70.2,0.0,broken,0
595,R4,9,8,70.2,100.0,idle,0
596,R0,1,8,70.15,100.0,idle,0
596,R1,3,8,70.15,100.0,idle,0
596,R2,5,8,70.15,0.0,broken,0
596,R3,7,8,70.15,0.0,broken,0
596,R4,9,8,70.15,100.0,idle,0
597,R0,1,8,70.1,100.0,idle,0
597,R1,3,8,70.1,100.0,idle,0
597,R2,5,8,70.1,0.0,broken,0
597,R3,7,8,70.1,0.0,broken,0
597,R4,9,8,70.1,100.0,idle,0
598,R0,1,8,70.05,100.0,idle,0
598,R1,3,8,70.05,100.0,idle,0
598,R2,5,8,70.05,0.0,broken,0
598,R3,7,8,70.05,0.0,broken,0
598,R4,9,8,70.05,100.0,idle,0
599,R0,1,8,70.0,100.0,idle,0
599,R1,3,8,70.0,100.0,idle,0
599,R2,5,8,70.0,0.0,broken,0
599,R3,7,8,70.0,0.0,broken,0
599,R4,9,8,70.0,100.0,idle,0
600,R0,1,8,69.95,100.0,idle,0
600,R1,3,8,69.95,100.0,idle,0
600,R2,5,8,69.95,0.0,broken,0
600,R3,7,8,69.95,0.0,broken,0
600,R4,9,8,69.95,100.0,idle,0
601,R0,1,8,69.9,100.0,idle,0
601,R1,3,8,69.9,100.0,idle,0
601,R2,5,8,69.9,0.0,broken,0
601,R3,7,8,69.9,0.0,broken,0
601,R4,9,8,69.9,100.0,idle,0
602,R0,1,8,69.85,100.0,idle,0
602,R1,3,8,69.85,100.0,idle,0
602,R2,5,8,69.85,0.0,broken,0
602,R3,7,8,69.85,0.0,broken,0
602,R4,9,8,69.85,100.0,idle,0
603,R0,1,8,69.8,100.0,idle,0
603,R1,3,8,69.8,100.0,idle,0
603,R2,5,8,69.8,0.0,broken,0
603,R3,7,8,69.8,0.0,broken,0
603,R4,9,8,69.8,100.0,idle,0
604,R0,1,8,69.75,100.0,idle,0
604,R1,3,8,69.75,100.0,idle,0
604,R2,5,8,69.75,0.0,broken,0
604,R3,7,8,69.75,0.0,broken,0
604,R4,9,8,69.75,100.0,idle,0
605,R0,1,8,69.7,100.0,idle,0
605,R1,3,8,69.7,100.0,idle,0
605,R2,5,8,69.7,0.0,broken,0
605,R3,7,8,69.7,0.0,broken,0
605,R4,9,8,69.7,100.0,idle,0
606,R0,1,8,69.65,100.0,idle,0
606,R1,3,8,69.65,100.0,idle,0
606,R2,5,8,69.65,0.0,broken,0
606,R3,7,8,69.65,0.0,broken,0
606,R4,9,8,69.65,100.0,idle,0
607,R0,1,8,69.6,100.0,idle,0
607,R1,3,8,69.6,100.0,idle,0
607,R2,5,8,69.6,0.0,broken,0
607,R3,7,8,69.6,0.0,broken,0
607,R4,9,8,69.6,100.0,idle,0
608,R0,1,8,69.55,100.0,idle,0
608,R1,3,8,69.55,100.0,idle,0
608,R2,5,8,69.55,0.0,broken,0
608,R3,7,8,69.55,0.0,broken,0
608,R4,9,8,69.55,100.0,idle,0
609,R0,1,8,69.5,100.0,idle,0
609,R1,3,8,69.5,100.0,idle,0
609,R2,5,8,69.5,0.0,broken,0
609,R3,7,8,69.5,0.0,broken,0
609,R4,9,8,69.5,100.0,idle,0
610,R0,1,8,69.45,100.0,idle,0
610,R1,3,8,69.45,100.0,idle,0
610,R2,5,8,69.45,0.0,broken,0
610,R3,7,8,69.45,0.0,broken,0
610,R4,9,8,69.45,100.0,idle,0
611,R0,1,8,69.4,100.0,idle,0
611,R1,3,8,69.4,100.0,idle,0
611,R2,5,8,69.4,0.0,broken,0
611,R3,7,8,69.4,0.0,broken,0
611,R4,9,8,69.4,100.0,idle,0
612,R0,1,8,69.35,100.0,idle,0
612,R1,3,8,69.35,100.0,idle,0
612,R2,5,8,69.35,0.0,broken,0
612,R3,7,8,69.35,0.0,broken,0
612,R4,9,8,69.35,100.0,idle,0
613,R0,1,8,69.3,100.0,idle,0
613,R1,3,8,69.3,100.0,idle,0
613,R2,5,8,69.3,0.0,broken,0
613,R3,7,8,69.3,0.0,broken,0
613,R4,9,8,69.3,100.0,idle,0
614,R0,1,8,69.25,100.0,idle,0
614,R1,3,8,69.25,100.0,idle,0
614,R2,5,8,69.25,0.0,broken,0
614,R3,7,8,69.25,0.0,broken,0
614,R4,9,8,69.25,100.0,idle,0
615,R0,1,8,69.2,100.0,idle,0
615,R1,3,8,69.2,100.0,idle,0
615,R2,5,8,69.2,0.0,broken,0
615,R3,7,8,69.2,0.0,broken,0
615,R4,9,8,69.2,100.0,idle,0
616,R0,1,8,69.15,100.0,idle,0
616,R1,3,8,69.15,100.0,idle,0
616,R2,5,8,69.15,0.0,broken,0
616,R3,7,8,69.15,0.0,broken,0
616,R4,9,8,69.15,100.0,idle,0
617,R0,1,8,69.1,100.0,idle,0
617,R1,3,8,69.1,100.0,idle,0
617,R2,5,8,69.1,0.0,broken,0
617,R3,7,8,69.1,0.0,broken,0
617,R4,9,8,69.1,100.0,idle,0
618,R0,1,8,69.05,100.0,idle,0
618,R1,3,8,69.05,100.0,idle,0
618,R2,5,8,69.05,0.0,broken,0
618,R3,7,8,69.05,0.0,broken,0
618,R4,9,8,69.05,100.0,idle,0
619,R0,1,8,69.0,100.0,idle,0
619,R1,3,8,69.0,100.0,idle,0
619,R2,5,8,69.0,0.0,broken,0
619,R3,7,8,69.0,0.0,broken,0
619,R4,9,8,69.0,100.0,idle,0
620,R0,1,8,68.95,100.0,idle,0
620,R1,3,8,68.95,100.0,idle,0
620,R2,5,8,68.95,0.0,broken,0
620,R3,7,8,68.95,0.0,broken,0
620,R4,9,8,68.95,100.0,idle,0
621,R0,1,8,68.9,100.0,idle,0
621,R1,3,8,68.9,100.0,idle,0
621,R2,5,8,68.9,0.0,broken,0
621,R3,7,8,68.9,0.0,broken,0
621,R4,9,8,68.9,100.0,idle,0
622,R0,1,8,68.85,100.0,idle,0
622,R1,3,8,68.85,100.0,idle,0
622,R2,5,8,68.85,0.0,broken,0
622,R3,7,8,68.85,0.0,broken,0
622,R4,9,8,68.85,100.0,idle,0
623,R0,1,8,68.8,100.0,idle,0
623,R1,3,8,68.8,100.0,idle,0
623,R2,5,8,68.8,0.0,broken,0
623,R3,7,8,68.8,0.0,broken,0
623,R4,9,8,68.8,100.0,idle,0
624,R0,1,8,68.75,100.0,idle,0
624,R1,3,8,68.75,100.0,idle,0
624,R2,5,8,68.75,0.0,broken,0
624,R3,7,8,68.75,0.0,broken,0
624,R4,9,8,68.75,100.0,idle,0
625,R0,1,8,68.7,100.0,idle,0
625,R1,3,8,68.7,100.0,idle,0
625,R2,5,8,68.7,0.0,broken,0
625,R3,7,8,68.7,0.0,broken,0
625,R4,9,8,68.7,100.0,idle,0
626,R0,1,8,68.65,100.0,idle,0
626,R1,3,8,68.65,100.0,idle,0
626,R2,5,8,68.65,0.0,broken,0
626,R3,7,8,68.65,0.0,broken,0
626,R4,9,8,68.65,100.0,idle,0
627,R0,1,8,68.6,100.0,idle,0
627,R1,3,8,68.6,100.0,idle,0
627,R2,5,8,68.6,0.0,broken,0
627,R3,7,8,68.6,0.0,broken,0
627,R4,9,8,68.6,100.0,idle,0
628,R0,1,8,68.55,100.0,idle,0
628,R1,3,8,68.55,100.0,idle,0
628,R2,5,8,68.55,0.0,broken,0
628,R3,7,8,68.55,0.0,broken,0
628,R4,9,8,68.55,100.0,idle,0
629,R0,1,8,68.5,100.0,idle,0
629,R1,3,8,68.5,100.0,idle,0
629,R2,5,8,68.5,0.0,broken,0
629,R3,7,8,68.5,0.0,broken,0
629,R4,9,8,68.5,100.0,idle,0
630,R0,1,8,68.45,100.0,idle,0
630,R1,3,8,68.45,100.0,idle,0
630,R2,5,8,68.45,0.0,broken,0
630,R3,7,8,68.45,0.0,broken,0
630,R4,9,8,68.45,100.0,idle,0
631,R0,1,8,68.4,100.0,idle,0
631,R1,3,8,68.4,100.0,idle,0
631,R2,5,8,68.4,0.0,broken,0
631,R3,7,8,68.4,0.0,broken,0
631,R4,9,8,68.4,100.0,idle,0
632,R0,1,8,68.35,100.0,idle,0
632,R1,3,8,68.35,100.0,idle,0
632,R2,5,8,68.35,0.0,broken,0
632,R3,7,8,68.35,0.0,broken,0
632,R4,9,8,68.35,100.0,idle,0
633,R0,1,8,68.3,100.0,idle,0
633,R1,3,8,68.3,100.0,idle,0
633,R2,5,8,68.3,0.0,broken,0
633,R3,7,8,68.3,0.0,broken,0
633,R4,9,8,68.3,100.0,idle,0
634,R0,1,8,68.25,100.0,idle,0
634,R1,3,8,68.25,100.0,idle,0
634,R2,5,8,68.25,0.0,broken,0
634,R3,7,8,68.25,0.0,broken,0
634,R4,9,8,68.25,100.0,idle,0
635,R0,1,8,68.2,100.0,idle,0
635,R1,3,8,68.2,100.0,idle,0
635,R2,5,8,68.2,0.0,broken,0
635,R3,7,8,68.2,0.0,broken,0
635,R4,9,8,68.2,100.0,idle,0
636,R0,1,8,68.15,100.0,idle,0
636,R1,3,8,68.15,100.0,idle,0
636,R2,5,8,68.15,0.0,broken,0
636,R3,7,8,68.15,0.0,broken,0
636,R4,9,8,68.15,100.0,idle,0
637,R0,1,8,68.1,100.0,idle,0
637,R1,3,8,68.1,100.0,idle,0
637,R2,5,8,68.1,0.0,broken,0
637,R3,7,8,68.1,0.0,broken,0
637,R4,9,8,68.1,100.0,idle,0
638,R0,1,8,68.05,100.0,idle,0
638,R1,3,8,68.05,100.0,idle,0
638,R2,5,8,68.05,0.0,broken,0
638,R3,7,8,68.05,0.0,broken,0
638,R4,9,8,68.05,100.0,idle,0
639,R0,1,8,68.0,100.0,idle,0
639,R1,3,8,68.0,100.0,idle,0
639,R2,5,8,68.0,0.0,broken,0
639,R3,7,8,68.0,0.0,broken,0
639,R4,9,8,68.0,100.0,idle,0
640,R0,1,8,67.95,100.0,idle,0
640,R1,3,8,67.95,100.0,idle,0
640,R2,5,8,67.95,0.0,broken,0
640,R3,7,8,67.95,0.0,broken,0
640,R4,9,8,67.95,100.0,idle,0
641,R0,1,8,67.9,100.0,idle,0
641,R1,3,8,67.9,100.0,idle,0
641,R2,5,8,67.9,0.0,broken,0
641,R3,7,8,67.9,0.0,broken,0
641,R4,9,8,67.9,100.0,idle,0
642,R0,1,8,67.85,100.0,idle,0
642,R1,3,8,67.85,100.0,idle,0
642,R2,5,8,67.85,0.0,broken,0
642,R3,7,8,67.85,0.0,broken,0
642,R4,9,8,67.85,100.0,idle,0
643,R0,1,8,67.8,100.0,idle,0
643,R1,3,8,67.8,100.0,idle,0
643,R2,5,8,67.8,0.0,broken,0
643,R3,7,8,67.8,0.0,broken,0
643,R4,9,8,67.8,100.0,idle,0
644,R0,1,8,67.75,100.0,idle,0
644,R1,3,8,67.75,100.0,idle,0
644,R2,5,8,67.75,0.0,broken,0
644,R3,7,8,67.75,0.0,broken,0
644,R4,9,8,67.75,100.0,idle,0
645,R0,1,8,67.7,100.0,idle,0
645,R1,3,8,67.7,100.0,idle,0
645,R2,5,8,67.7,0.0,broken,0
645,R3,7,8,67.7,0.0,broken,0
645,R4,9,8,67.7,100.0,idle,0
646,R0,1,8,67.65,100.0,idle,0
646,R1,3,8,67.65,100.0,idle,0
646,R2,5,8,67.65,0.0,broken,0
646,R3,7,8,67.65,0.0,broken,0
646,R4,9,8,67.65,100.0,idle,0
647,R0,1,8,67.6,100.0,idle,0
647,R1,3,8,67.6,100.0,idle,0
647,R2,5,8,67.6,0.0,broken,0
647,R3,7,8,67.6,0.0,broken,0
647,R4,9,8,67.6,100.0,idle,0
648,R0,1,8,67.55,100.0,idle,0
648,R1,3,8,67.55,100.0,idle,0
648,R2,5,8,67.55,0.0,broken,0
648,R3,7,8,67.55,0.0,broken,0
648,R4,9,8,67.55,100.0,idle,0
649,R0,1,8,67.5,100.0,idle,0
649,R1,3,8,67.5,100.0,idle,0
649,R2,5,8,67.5,0.0,broken,0
649,R3,7,8,67.5,0.0,broken,0
649,R4,9,8,67.5,100.0,idle,0
650,R0,1,8,67.45,100.0,idle,0
650,R1,3,8,67.45,100.0,idle,0
650,R2,5,8,67.45,0.0,broken,0
650,R3,7,8,67.45,0.0,broken,0
650,R4,9,8,67.45,100.0,idle,0
651,R0,1,8,67.4,100.0,idle,0
651,R1,3,8,67.4,100.0,idle,0
651,R2,5,8,67.4,0.0,broken,0
651,R3,7,8,67.4,0.0,broken,0
651,R4,9,8,67.4,100.0,idle,0
652,R0,1,8,67.35,100.0,idle,0
652,R1,3,8,67.35,100.0,idle,0
652,R2,5,8,67.35,0.0,broken,0
652,R3,7,8,67.35,0.0,broken,0
652,R4,9,8,67.35,100.0,idle,0
653,R0,1,8,67.3,100.0,idle,0
653,R1,3,8,67.3,100.0,idle,0
653,R2,5,8,67.3,0.0,broken,0
653,R3,7,8,67.3,0.0,broken,0
653,R4,9,8,67.3,100.0,idle,0
654,R0,1,8,67.25,100.0,idle,0
654,R1,3,8,67.25,100.0,idle,0
654,R2,5,8,67.25,0.0,broken,0
654,R3,7,8,67.25,0.0,broken,0
654,R4,9,8,67.25,100.0,idle,0
655,R0,1,8,67.2,100.0,idle,0
655,R1,3,8,67.2,100.0,idle,0
655,R2,5,8,67.2,0.0,broken,0
655,R3,7,8,67.2,0.0,broken,0
655,R4,9,8,67.2,100.0,idle,0
656,R0,1,8,67.15,100.0,idle,0
656,R1,3,8,67.15,100.0,idle,0
656,R2,5,8,67.15,0.0,broken,0
656,R3,7,8,67.15,0.0,broken,0
656,R4,9,8,67.15,100.0,idle,0
657,R0,1,8,67.1,100.0,idle,0
657,R1,3,8,67.1,100.0,idle,0
657,R2,5,8,67.1,0.0,broken,0
657,R3,7,8,67.1,0.0,broken,0
657,R4,9,8,67.1,100.0,idle,0
658,R0,1,8,67.05,100.0,idle,0
658,R1,3,8,67.05,100.0,idle,0
658,R2,5,8,67.05,0.0,broken,0
658,R3,7,8,67.05,0.0,broken,0
658,R4,9,8,67.05,100.0,idle,0
659,R0,1,8,67.0,100.0,idle,0
659,R1,3,8,67.0,100.0,idle,0
659,R2,5,8,67.0,0.0,broken,0
659,R3,7,8,67.0,0.0,broken,0
659,R4,9,8,67.0,100.0,idle,0
660,R0,1,8,66.95,100.0,idle,0
660,R1,3,8,66.95,100.0,idle,0
660,R2,5,8,66.95,0.0,broken,0
660,R3,7,8,66.95,0.0,broken,0
660,R4,9,8,66.95,100.0,idle,0
661,R0,1,8,66.9,100.0,idle,0
661,R1,3,8,66.9,100.0,idle,0
661,R2,5,8,66.9,0.0,broken,0
661,R3,7,8,66.9,0.0,broken,0
661,R4,9,8,66.9,100.0,idle,0
662,R0,1,8,66.85,100.0,idle,0
662,R1,3,8,66.85,100.0,idle,0
662,R2,5,8,66.85,0.0,broken,0
662,R3,7,8,66.85,0.0,broken,0
662,R4,9,8,66.85,100.0,idle,0
663,R0,1,8,66.8,100.0,idle,0
663,R1,3,8,66.8,100.0,idle,0
663,R2,5,8,66.8,0.0,broken,0
663,R3,7,8,66.8,0.0,broken,0
663,R4,9,8,66.8,100.0,idle,0
664,R0,1,8,66.75,100.0,idle,0
664,R1,3,8,66.75,100.0,idle,0
664,R2,5,8,66.75,0.0,broken,0
664,R3,7,8,66.75,0.0,broken,0
664,R4,9,8,66.75,100.0,idle,0
665,R0,1,8,66.7,100.0,idle,0
665,R1,3,8,66.7,100.0,idle,0
665,R2,5,8,66.7,0.0,broken,0
665,R3,7,8,66.7,0.0,broken,0
665,R4,9,8,66.7,100.0,idle,0
666,R0,1,8,66.65,100.0,idle,0
666,R1,3,8,66.65,100.0,idle,0
666,R2,5,8,66.65,0.0,broken,0
666,R3,7,8,66.65,0.0,broken,0
666,R4,9,8,66.65,100.0,idle,0
667,R0,1,8,66.6,100.0,idle,0
667,R1,3,8,66.6,100.0,idle,0
667,R2,5,8,66.6,0.0,broken,0
667,R3,7,8,66.6,0.0,broken,0
667,R4,9,8,66.6,100.0,idle,0
668,R0,1,8,66.55,100.0,idle,0
668,R1,3,8,66.55,100.0,idle,0
668,R2,5,8,66.55,0.0,broken,0
668,R3,7,8,66.55,0.0,broken,0
668,R4,9,8,66.55,100.0,idle,0
669,R0,1,8,66.5,100.0,idle,0
669,R1,3,8,66.5,100.0,idle,0
669,R2,5,8,66.5,0.0,broken,0
669,R3,7,8,66.5,0.0,broken,0
669,R4,9,8,66.5,100.0,idle,0
670,R0,1,8,66.45,100.0,idle,0
670,R1,3,8,66.45,100.0,idle,0
670,R2,5,8,66.45,0.0,broken,0
670,R3,7,8,66.45,0.0,broken,0
670,R4,9,8,66.45,100.0,idle,0
671,R0,1,8,66.4,100.0,idle,0
671,R1,3,8,66.4,100.0,idle,0
671,R2,5,8,66.4,0.0,broken,0
671,R3,7,8,66.4,0.0,broken,0
671,R4,9,8,66.4,100.0,idle,0
672,R0,1,8,66.35,100.0,idle,0
672,R1,3,8,66.35,100.0,idle,0
672,R2,5,8,66.35,0.0,broken,0
672,R3,7,8,66.35,0.0,broken,0
672,R4,9,8,66.35,100.0,idle,0
673,R0,1,8,66.3,100.0,idle,0
673,R1,3,8,66.3,100.0,idle,0
673,R2,5,8,66.3,0.0,broken,0
673,R3,7,8,66.3,0.0,broken,0
673,R4,9,8,66.3,100.0,idle,0
674,R0,1,8,66.25,100.0,idle,0
674,R1,3,8,66.25,100.0,idle,0
674,R2,5,8,66.25,0.0,broken,0
674,R3,7,8,66.25,0.0,broken,0
674,R4,9,8,66.25,100.0,idle,0
675,R0,1,8,66.2,100.0,idle,0
675,R1,3,8,66.2,100.0,idle,0
675,R2,5,8,66.2,0.0,broken,0
675,R3,7,8,66.2,0.0,broken,0
675,R4,9,8,66.2,100.0,idle,0
676,R0,1,8,66.15,100.0,idle,0
676,R1,3,8,66.15,100.0,idle,0
676,R2,5,8,66.15,0.0,broken,0
676,R3,7,8,66.15,0.0,broken,0
676,R4,9,8,66.15,100.0,idle,0
677,R0,1,8,66.1,100.0,idle,0
677,R1,3,8,66.1,100.0,idle,0
677,R2,5,8,66.1,0.0,broken,0
677,R3,7,8,66.1,0.0,broken,0
677,R4,9,8,66.1,100.0,idle,0
678,R0,1,8,66.05,100.0,idle,0
678,R1,3,8,66.05,100.0,idle,0
678,R2,5,8,66.05,0.0,broken,0
678,R3,7,8,66.05,0.0,broken,0
678,R4,9,8,66.05,100.0,idle,0
679,R0,1,8,66.0,100.0,idle,0
679,R1,3,8,66.0,100.0,idle,0
679,R2,5,8,66.0,0.0,broken,0
679,R3,7,8,66.0,0.0,broken,0
679,R4,9,8,66.0,100.0,idle,0
680,R0,1,8,65.95,100.0,idle,0
680,R1,3,8,65.95,100.0,idle,0
680,R2,5,8,65.95,0.0,broken,0
680,R3,7,8,65.95,0.0,broken,0
680,R4,9,8,65.95,100.0,idle,0
681,R0,1,8,65.9,100.0,idle,0
681,R1,3,8,65.9,100.0,idle,0
681,R2,5,8,65.9,0.0,broken,0
681,R3,7,8,65.9,0.0,broken,0
681,R4,9,8,65.9,100.0,idle,0
682,R0,1,8,65.85,100.0,idle,0
682,R1,3,8,65.85,100.0,idle,0
682,R2,5,8,65.85,0.0,broken,0
682,R3,7,8,65.85,0.0,broken,0
682,R4,9,8,65.85,100.0,idle,0
683,R0,1,8,65.8,100.0,idle,0
683,R1,3,8,65.8,100.0,idle,0
683,R2,5,8,65.8,0.0,broken,0
683,R3,7,8,65.8,0.0,broken,0
683,R4,9,8,65.8,100.0,idle,0
684,R0,1,8,65.75,100.0,idle,0
684,R1,3,8,65.75,100.0,idle,0
684,R2,5,8,65.75,0.0,broken,0
684,R3,7,8,65.75,0.0,broken,0
684,R4,9,8,65.75,100.0,idle,0
685,R0,1,8,65.7,100.0,idle,0
685,R1,3,8,65.7,100.0,idle,0
685,R2,5,8,65.7,0.0,broken,0
685,R3,7,8,65.7,0.0,broken,0
685,R4,9,8,65.7,100.0,idle,0
686,R0,1,8,65.65,100.0,idle,0
686,R1,3,8,65.65,100.0,idle,0
686,R2,5,8,65.65,0.0,broken,0
686,R3,7,8,65.65,0.0,broken,0
686,R4,9,8,65.65,100.0,idle,0
687,R0,1,8,65.6,100.0,idle,0
687,R1,3,8,65.6,100.0,idle,0
687,R2,5,8,65.6,0.0,broken,0
687,R3,7,8,65.6,0.0,broken,0
687,R4,9,8,65.6,100.0,idle,0
688,R0,1,8,65.55,100.0,idle,0
688,R1,3,8,65.55,100.0,idle,0
688,R2,5,8,65.55,0.0,broken,0
688,R3,7,8,65.55,0.0,broken,0
688,R4,9,8,65.55,100.0,idle,0
689,R0,1,8,65.5,100.0,idle,0
689,R1,3,8,65.5,100.0,idle,0
689,R2,5,8,65.5,0.0,broken,0
689,R3,7,8,65.5,0.0,broken,0
689,R4,9,8,65.5,100.0,idle,0
690,R0,1,8,65.45,100.0,idle,0
690,R1,3,8,65.45,100.0,idle,0
690,R2,5,8,65.45,0.0,broken,0
690,R3,7,8,65.45,0.0,broken,0
690,R4,9,8,65.45,100.0,idle,0
691,R0,1,8,65.4,100.0,idle,0
691,R1,3,8,65.4,100.0,idle,0
691,R2,5,8,65.4,0.0,broken,0
691,R3,7,8,65.4,0.0,broken,0
691,R4,9,8,65.4,100.0,idle,0
692,R0,1,8,65.35,100.0,idle,0
692,R1,3,8,65.35,100.0,idle,0
692,R2,5,8,65.35,0.0,broken,0
692,R3,7,8,65.35,0.0,broken,0
692,R4,9,8,65.35,100.0,idle,0
693,R0,1,8,65.3,100.0,idle,0
693,R1,3,8,65.3,100.0,idle,0
693,R2,5,8,65.3,0.0,broken,0
693,R3,7,8,65.3,0.0,broken,0
693,R4,9,8,65.3,100.0,idle,0
694,R0,1,8,65.25,100.0,idle,0
694,R1,3,8,65.25,100.0,idle,0
694,R2,5,8,65.25,0.0,broken,0
694,R3,7,8,65.25,0.0,broken,0
694,R4,9,8,65.25,100.0,idle,0
695,R0,1,8,65.2,100.0,idle,0
695,R1,3,8,65.2,100.0,idle,0
695,R2,5,8,65.2,0.0,broken,0
695,R3,7,8,65.2,0.0,broken,0
695,R4,9,8,65.2,100.0,idle,0
696,R0,1,8,65.15,100.0,idle,0
696,R1,3,8,65.15,100.0,idle,0
696,R2,5,8,65.15,0.0,broken,0
696,R3,7,8,65.15,0.0,broken,0
696,R4,9,8,65.15,100.0,idle,0
697,R0,1,8,65.1,100.0,idle,0
697,R1,3,8,65.1,100.0,idle,0
697,R2,5,8,65.1,0.0,broken,0
697,R3,7,8,65.1,0.0,broken,0
697,R4,9,8,65.1,100.0,idle,0
698,R0,1,8,65.05,100.0,idle,0
698,R1,3,8,65.05,100.0,idle,0
698,R2,5,8,65.05,0.0,broken,0
698,R3,7,8,65.05,0.0,broken,0
698,R4,9,8,65.05,100.0,idle,0
699,R0,1,8,65.0,100.0,idle,0
699,R1,3,8,65.0,100.0,idle,0
699,R2,5,8,65.0,0.0,broken,0
699,R3,7,8,65.0,0.0,broken,0
699,R4,9,8,65.0,100.0,idle,0
700,R0,1,8,64.95,100.0,idle,0
700,R1,3,8,64.95,100.0,idle,0
700,R2,5,8,64.95,0.0,broken,0
700,R3,7,8,64.95,0.0,broken,0
700,R4,9,8,64.95,100.0,idle,0
701,R0,1,8,64.9,100.0,idle,0
701,R1,3,8,64.9,100.0,idle,0
701,R2,5,8,64.9,0.0,broken,0
701,R3,7,8,64.9,0.0,broken,0
701,R4,9,8,64.9,100.0,idle,0
702,R0,1,8,64.85,100.0,idle,0
702,R1,3,8,64.85,100.0,idle,0
702,R2,5,8,64.85,0.0,broken,0
702,R3,7,8,64.85,0.0,broken,0
702,R4,9,8,64.85,100.0,idle,0
703,R0,1,8,64.8,100.0,idle,0
703,R1,3,8,64.8,100.0,idle,0
703,R2,5,8,64.8,0.0,broken,0
703,R3,7,8,64.8,0.0,broken,0
703,R4,9,8,64.8,100.0,idle,0
704,R0,1,8,64.75,100.0,idle,0
704,R1,3,8,64.75,100.0,idle,0
704,R2,5,8,64.75,0.0,broken,0
704,R3,7,8,64.75,0.0,broken,0
704,R4,9,8,64.75,100.0,idle,0
705,R0,1,8,64.7,100.0,idle,0
705,R1,3,8,64.7,100.0,idle,0
705,R2,5,8,64.7,0.0,broken,0
705,R3,7,8,64.7,0.0,broken,0
705,R4,9,8,64.7,100.0,idle,0
706,R0,1,8,64.65,100.0,idle,0
706,R1,3,8,64.65,100.0,idle,0
706,R2,5,8,64.65,0.0,broken,0
706,R3,7,8,64.65,0.0,broken,0
706,R4,9,8,64.65,100.0,idle,0
707,R0,1,8,64.6,100.0,idle,0
707,R1,3,8,64.6,100.0,idle,0
707,R2,5,8,64.6,0.0,broken,0
707,R3,7,8,64.6,0.0,broken,0
707,R4,9,8,64.6,100.0,idle,0
708,R0,1,8,64.55,100.0,idle,0
708,R1,3,8,64.55,100.0,idle,0
708,R2,5,8,64.55,0.0,broken,0
708,R3,7,8,64.55,0.0,broken,0
708,R4,9,8,64.55,100.0,idle,0
709,R0,1,8,64.5,100.0,idle,0
709,R1,3,8,64.5,100.0,idle,0
709,R2,5,8,64.5,0.0,broken,0
709,R3,7,8,64.5,0.0,broken,0
709,R4,9,8,64.5,100.0,idle,0
710,R0,1,8,64.45,100.0,idle,0
710,R1,3,8,64.45,100.0,idle,0
710,R2,5,8,64.45,0.0,broken,0
710,R3,7,8,64.45,0.0,broken,0
710,R4,9,8,64.45,100.0,idle,0
711,R0,1,8,64.4,100.0,idle,0
711,R1,3,8,64.4,100.0,idle,0
711,R2,5,8,64.4,0.0,broken,0
711,R3,7,8,64.4,0.0,broken,0
711,R4,9,8,64.4,100.0,idle,0
712,R0,1,8,64.35,100.0,idle,0
712,R1,3,8,64.35,100.0,idle,0
712,R2,5,8,64.35,0.0,broken,0
712,R3,7,8,64.35,0.0,broken,0
712,R4,9,8,64.35,100.0,idle,0
713,R0,1,8,64.3,100.0,idle,0
713,R1,3,8,64.3,100.0,idle,0
713,R2,5,8,64.3,0.0,broken,0
713,R3,7,8,64.3,0.0,broken,0
713,R4,9,8,64.3,100.0,idle,0
714,R0,1,8,64.25,100.0,idle,0
714,R1,3,8,64.25,100.0,idle,0
714,R2,5,8,64.25,0.0,broken,0
714,R3,7,8,64.25,0.0,broken,0
714,R4,9,8,64.25,100.0,idle,0
715,R0,1,8,64.2,100.0,idle,0
715,R1,3,8,64.2,100.0,idle,0
715,R2,5,8,64.2,0.0,broken,0
715,R3,7,8,64.2,0.0,broken,0
715,R4,9,8,64.2,100.0,idle,0
716,R0,1,8,64.15,100.0,idle,0
716,R1,3,8,64.15,100.0,idle,0
716,R2,5,8,64.15,0.0,broken,0
716,R3,7,8,64.15,0.0,broken,0
716,R4,9,8,64.15,100.0,idle,0
717,R0,1,8,64.1,100.0,idle,0
717,R1,3,8,64.1,100.0,idle,0
717,R2,5,8,64.1,0.0,broken,0
717,R3,7,8,64.1,0.0,broken,0
717,R4,9,8,64.1,100.0,idle,0
718,R0,1,8,64.05,100.0,idle,0
718,R1,3,8,64.05,100.0,idle,0
718,R2,5,8,64.05,0.0,broken,0
718,R3,7,8,64.05,0.0,broken,0
718,R4,9,8,64.05,100.0,idle,0
719,R0,1,8,64.0,100.0,idle,0
719,R1,3,8,64.0,100.0,idle,0
719,R2,5,8,64.0,0.0,broken,0
719,R3,7,8,64.0,0.0,broken,0
719,R4,9,8,64.0,100.0,idle,0
720,R0,1,8,63.95,100.0,idle,0
720,R1,3,8,63.95,100.0,idle,0
720,R2,5,8,63.95,0.0,broken,0
720,R3,7,8,63.95,0.0,broken,0
720,R4,9,8,63.95,100.0,idle,0
721,R0,1,8,63.9,100.0,idle,0
721,R1,3,8,63.9,100.0,idle,0
721,R2,5,8,63.9,0.0,broken,0
721,R3,7,8,63.9,0.0,broken,0
721,R4,9,8,63.9,100.0,idle,0
722,R0,1,8,63.85,100.0,idle,0
722,R1,3,8,63.85,100.0,idle,0
722,R2,5,8,63.85,0.0,broken,0
722,R3,7,8,63.85,0.0,broken,0
722,R4,9,8,63.85,100.0,idle,0
723,R0,1,8,63.8,100.0,idle,0
723,R1,3,8,63.8,100.0,idle,0
723,R2,5,8,63.8,0.0,broken,0
723,R3,7,8,63.8,0.0,broken,0
723,R4,9,8,63.8,100.0,idle,0
724,R0,1,8,63.75,100.0,idle,0
724,R1,3,8,63.75,100.0,idle,0
724,R2,5,8,63.75,0.0,broken,0
724,R3,7,8,63.75,0.0,broken,0
724,R4,9,8,63.75,100.0,idle,0
725,R0,1,8,63.7,100.0,idle,0
725,R1,3,8,63.7,100.0,idle,0
725,R2,5,8,63.7,0.0,broken,0
725,R3,7,8,63.7,0.0,broken,0
725,R4,9,8,63.7,100.0,idle,0
726,R0,1,8,63.65,100.0,idle,0
726,R1,3,8,63.65,100.0,idle,0
726,R2,5,8,63.65,0.0,broken,0
726,R3,7,8,63.65,0.0,broken,0
726,R4,9,8,63.65,100.0,idle,0
727,R0,1,8,63.6,100.0,idle,0
727,R1,3,8,63.6,100.0,idle,0
727,R2,5,8,63.6,0.0,broken,0
727,R3,7,8,63.6,0.0,broken,0
727,R4,9,8,63.6,100.0,idle,0
728,R0,1,8,63.55,100.0,idle,0
728,R1,3,8,63.55,100.0,idle,0
728,R2,5,8,63.55,0.0,broken,0
728,R3,7,8,63.55,0.0,broken,0
728,R4,9,8,63.55,100.0,idle,0
729,R0,1,8,63.5,100.0,idle,0
729,R1,3,8,63.5,100.0,idle,0
729,R2,5,8,63.5,0.0,broken,0
729,R3,7,8,63.5,0.0,broken,0
729,R4,9,8,63.5,100.0,idle,0
730,R0,1,8,63.45,100.0,idle,0
730,R1,3,8,63.45,100.0,idle,0
730,R2,5,8,63.45,0.0,broken,0
730,R3,7,8,63.45,0.0,broken,0
730,R4,9,8,63.45,100.0,idle,0
731,R0,1,8,63.4,100.0,idle,0
731,R1,3,8,63.4,100.0,idle,0
731,R2,5,8,63.4,0.0,broken,0
731,R3,7,8,63.4,0.0,broken,0
731,R4,9,8,63.4,100.0,idle,0
732,R0,1,8,63.35,100.0,idle,0
732,R1,3,8,63.35,100.0,idle,0
732,R2,5,8,63.35,0.0,broken,0
732,R3,7,8,63.35,0.0,broken,0
732,R4,9,8,63.35,100.0,idle,0
733,R0,1,8,63.3,0.0,broken,0
733,R1,3,8,63.3,100.0,idle,0
733,R2,5,8,63.3,0.0,broken,0
733,R3,7,8,63.3,0.0,broken,0
733,R4,9,8,63.3,100.0,idle,0
734,R0,1,8,63.25,0.0,broken,0
734,R1,3,8,63.25,100.0,idle,0
734,R2,5,8,63.25,0.0,broken,0
734,R3,7,8,63.25,0.0,broken,0
734,R4,9,8,63.25,100.0,idle,0
735,R0,1,8,63.2,0.0,broken,0
735,R1,3,8,63.2,100.0,idle,0
735,R2,5,8,63.2,0.0,broken,0
735,R3,7,8,63.2,0.0,broken,0
735,R4,9,8,63.2,100.0,idle,0
736,R0,1,8,63.15,0.0,broken,0
736,R1,3,8,63.15,100.0,idle,0
736,R2,5,8,63.15,0.0,broken,0
736,R3,7,8,63.15,0.0,broken,0
736,R4,9,8,63.15,100.0,idle,0
737,R0,1,8,63.1,0.0,broken,0
737,R1,3,8,63.1,100.0,idle,0
737,R2,5,8,63.1,0.0,broken,0
737,R3,7,8,63.1,0.0,broken,0
737,R4,9,8,63.1,100.0,idle,0
738,R0,1,8,63.05,0.0,broken,0
738,R1,3,8,63.05,100.0,idle,0
738,R2,5,8,63.05,0.0,broken,0
738,R3,7,8,63.05,0.0,broken,0
738,R4,9,8,63.05,100.0,idle,0
739,R0,1,8,63.0,0.0,broken,0
739,R1,3,8,63.0,100.0,idle,0
739,R2,5,8,63.0,0.0,broken,0
739,R3,7,8,63.0,0.0,broken,0
739,R4,9,8,63.0,100.0,idle,0
740,R0,1,8,62.95,0.0,broken,0
740,R1,3,8,62.95,100.0,idle,0
740,R2,5,8,62.95,0.0,broken,0
740,R3,7,8,62.95,0.0,broken,0
740,R4,9,8,62.95,100.0,idle,0
741,R0,1,8,62.9,0.0,broken,0
741,R1,3,8,62.9,100.0,idle,0
741,R2,5,8,62.9,0.0,broken,0
741,R3,7,8,62.9,0.0,broken,0
741,R4,9,8,62.9,100.0,idle,0
742,R0,1,8,62.85,0.0,broken,0
742,R1,3,8,62.85,100.0,idle,0
742,R2,5,8,62.85,0.0,broken,0
742,R3,7,8,62.85,0.0,broken,0
742,R4,9,8,62.85,100.0,idle,0
743,R0,1,8,62.8,0.0,broken,0
743,R1,3,8,62.8,100.0,idle,0
743,R2,5,8,62.8,0.0,broken,0
743,R3,7,8,62.8,0.0,broken,0
743,R4,9,8,62.8,100.0,idle,0
744,R0,1,8,62.75,0.0,broken,0
744,R1,3,8,62.75,100.0,idle,0
744,R2,5,8,62.75,0.0,broken,0
744,R3,7,8,62.75,0.0,broken,0
744,R4,9,8,62.75,100.0,idle,0
745,R0,1,8,62.7,0.0,broken,0
745,R1,3,8,62.7,100.0,idle,0
745,R2,5,8,62.7,0.0,broken,0
745,R3,7,8,62.7,0.0,broken,0
745,R4,9,8,62.7,100.0,idle,0
746,R0,1,8,62.65,0.0,broken,0
746,R1,3,8,62.65,100.0,idle,0
746,R2,5,8,62.65,0.0,broken,0
746,R3,7,8,62.65,0.0,broken,0
746,R4,9,8,62.65,100.0,idle,0
747,R0,1,8,62.6,0.0,broken,0
747,R1,3,8,62.6,100.0,idle,0
747,R2,5,8,62.6,0.0,broken,0
747,R3,7,8,62.6,0.0,broken,0
747,R4,9,8,62.6,100.0,idle,0
748,R0,1,8,62.55,0.0,broken,0
748,R1,3,8,62.55,100.0,idle,0
748,R2,5,8,62.55,0.0,broken,0
748,R3,7,8,62.55,0.0,broken,0
748,R4,9,8,62.55,100.0,idle,0
749,R0,1,8,62.5,0.0,broken,0
749,R1,3,8,62.5,100.0,idle,0
749,R2,5,8,62.5,0.0,broken,0
749,R3,7,8,62.5,0.0,broken,0
749,R4,9,8,62.5,100.0,idle,0
750,R0,1,8,62.45,0.0,broken,0
750,R1,3,8,62.45,100.0,idle,0
750,R2,5,8,62.45,0.0,broken,0
750,R3,7,8,62.45,0.0,broken,0
750,R4,9,8,62.45,100.0,idle,0
751,R0,1,8,62.4,0.0,broken,0
751,R1,3,8,62.4,100.0,idle,0
751,R2,5,8,62.4,0.0,broken,0
751,R3,7,8,62.4,0.0,broken,0
751,R4,9,8,62.4,100.0,idle,0
752,R0,1,8,62.35,0.0,broken,0
752,R1,3,8,62.35,100.0,idle,0
752,R2,5,8,62.35,0.0,broken,0
752,R3,7,8,62.35,0.0,broken,0
752,R4,9,8,62.35,100.0,idle,0
753,R0,1,8,62.3,0.0,broken,0
753,R1,3,8,62.3,100.0,idle,0
753,R2,5,8,62.3,0.0,broken,0
753,R3,7,8,62.3,0.0,broken,0
753,R4,9,8,62.3,100.0,idle,0
754,R0,1,8,62.25,0.0,broken,0
754,R1,3,8,62.25,100.0,idle,0
754,R2,5,8,62.25,0.0,broken,0
754,R3,7,8,62.25,0.0,broken,0
754,R4,9,8,62.25,100.0,idle,0
755,R0,1,8,62.2,0.0,broken,0
755,R1,3,8,62.2,100.0,idle,0
755,R2,5,8,62.2,0.0,broken,0
755,R3,7,8,62.2,0.0,broken,0
755,R4,9,8,62.2,100.0,idle,0
756,R0,1,8,62.15,0.0,broken,0
756,R1,3,8,62.15,100.0,idle,0
756,R2,5,8,62.15,0.0,broken,0
756,R3,7,8,62.15,0.0,broken,0
756,R4,9,8,62.15,100.0,idle,0
757,R0,1,8,62.1,0.0,broken,0
757,R1,3,8,62.1,100.0,idle,0
757,R2,5,8,62.1,0.0,broken,0
757,R3,7,8,62.1,0.0,broken,0
757,R4,9,8,62.1,100.0,idle,0
758,R0,1,8,62.05,0.0,broken,0
758,R1,3,8,62.05,100.0,idle,0
758,R2,5,8,62.05,0.0,broken,0
758,R3,7,8,62.05,0.0,broken,0
758,R4,9,8,62.05,100.0,idle,0
759,R0,1,8,62.0,0.0,broken,0
759,R1,3,8,62.0,100.0,idle,0
759,R2,5,8,62.0,0.0,broken,0
759,R3,7,8,62.0,0.0,broken,0
759,R4,9,8,62.0,100.0,idle,0
760,R0,1,8,61.95,0.0,broken,0
760,R1,3,8,61.95,100.0,idle,0
760,R2,5,8,61.95,0.0,broken,0
760,R3,7,8,61.95,0.0,broken,0
760,R4,9,8,61.95,100.0,idle,0
761,R0,1,8,61.9,0.0,broken,0
761,R1,3,8,61.9,100.0,idle,0
761,R2,5,8,61.9,0.0,broken,0
761,R3,7,8,61.9,0.0,broken,0
761,R4,9,8,61.9,100.0,idle,0
762,R0,1,8,61.85,0.0,broken,0
762,R1,3,8,61.85,100.0,idle,0
762,R2,5,8,61.85,0.0,broken,0
762,R3,7,8,61.85,0.0,broken,0
762,R4,9,8,61.85,100.0,idle,0
763,R0,1,8,61.8,0.0,broken,0
763,R1,3,8,61.8,100.0,idle,0
763,R2,5,8,61.8,0.0,broken,0
763,R3,7,8,61.8,0.0,broken,0
763,R4,9,8,61.8,100.0,idle,0
764,R0,1,8,61.75,0.0,broken,0
764,R1,3,8,61.75,100.0,idle,0
764,R2,5,8,61.75,0.0,broken,0
764,R3,7,8,61.75,0.0,broken,0
764,R4,9,8,61.75,100.0,idle,0
765,R0,1,8,61.7,0.0,broken,0
765,R1,3,8,61.7,100.0,idle,0
765,R2,5,8,61.7,0.0,broken,0
765,R3,7,8,61.7,0.0,broken,0
765,R4,9,8,61.7,100.0,idle,0
766,R0,1,8,61.65,0.0,broken,0
766,R1,3,8,61.65,100.0,idle,0
766,R2,5,8,61.65,0.0,broken,0
766,R3,7,8,61.65,0.0,broken,0
766,R4,9,8,61.65,100.0,idle,0
767,R0,1,8,61.6,0.0,broken,0
767,R1,3,8,61.6,100.0,idle,0
767,R2,5,8,61.6,0.0,broken,0
767,R3,7,8,61.6,0.0,broken,0
767,R4,9,8,61.6,100.0,idle,0
768,R0,1,8,61.55,0.0,broken,0
768,R1,3,8,61.55,100.0,idle,0
768,R2,5,8,61.55,0.0,broken,0
768,R3,7,8,61.55,0.0,broken,0
768,R4,9,8,61.55,100.0,idle,0
769,R0,1,8,61.5,0.0,broken,0
769,R1,3,8,61.5,100.0,idle,0
769,R2,5,8,61.5,0.0,broken,0
769,R3,7,8,61.5,0.0,broken,0
769,R4,9,8,61.5,100.0,idle,0
770,R0,1,8,61.45,0.0,broken,0
770,R1,3,8,61.45,100.0,idle,0
770,R2,5,8,61.45,0.0,broken,0
770,R3,7,8,61.45,0.0,broken,0
770,R4,9,8,61.45,100.0,idle,0
771,R0,1,8,61.4,0.0,broken,0
771,R1,3,8,61.4,100.0,idle,0
771,R2,5,8,61.4,0.0,broken,0
771,R3,7,8,61.4,0.0,broken,0
771,R4,9,8,61.4,100.0,idle,0
772,R0,1,8,61.35,0.0,broken,0
772,R1,3,8,61.35,100.0,idle,0
772,R2,5,8,61.35,0.0,broken,0
772,R3,7,8,61.35,0.0,broken,0
772,R4,9,8,61.35,100.0,idle,0
773,R0,1,8,61.3,0.0,broken,0
773,R1,3,8,61.3,100.0,idle,0
773,R2,5,8,61.3,0.0,broken,0
773,R3,7,8,61.3,0.0,broken,0
773,R4,9,8,61.3,100.0,idle,0
774,R0,1,8,61.25,0.0,broken,0
774,R1,3,8,61.25,100.0,idle,0
774,R2,5,8,61.25,0.0,broken,0
774,R3,7,8,61.25,0.0,broken,0
774,R4,9,8,61.25,100.0,idle,0
775,R0,1,8,61.2,0.0,broken,0
775,R1,3,8,61.2,100.0,idle,0
775,R2,5,8,61.2,0.0,broken,0
775,R3,7,8,61.2,0.0,broken,0
775,R4,9,8,61.2,100.0,idle,0
776,R0,1,8,61.15,0.0,broken,0
776,R1,3,8,61.15,100.0,idle,0
776,R2,5,8,61.15,0.0,broken,0
776,R3,7,8,61.15,0.0,broken,0
776,R4,9,8,61.15,100.0,idle,0
777,R0,1,8,61.1,0.0,broken,0
777,R1,3,8,61.1,100.0,idle,0
777,R2,5,8,61.1,0.0,broken,0
777,R3,7,8,61.1,0.0,broken,0
777,R4,9,8,61.1,100.0,idle,0
778,R0,1,8,61.05,0.0,broken,0
778,R1,3,8,61.05,100.0,idle,0
778,R2,5,8,61.05,0.0,broken,0
778,R3,7,8,61.05,0.0,broken,0
778,R4,9,8,61.05,100.0,idle,0
779,R0,1,8,61.0,0.0,broken,0
779,R1,3,8,61.0,100.0,idle,0
779,R2,5,8,61.0,0.0,broken,0
779,R3,7,8,61.0,0.0,broken,0
779,R4,9,8,61.0,100.0,idle,0
780,R0,1,8,60.95,0.0,broken,0
780,R1,3,8,60.95,100.0,idle,0
780,R2,5,8,60.95,0.0,broken,0
780,R3,7,8,60.95,0.0,broken,0
780,R4,9,8,60.95,100.0,idle,0
781,R0,1,8,60.9,0.0,broken,0
781,R1,3,8,60.9,100.0,idle,0
781,R2,5,8,60.9,0.0,broken,0
781,R3,7,8,60.9,0.0,broken,0
781,R4,9,8,60.9,100.0,idle,0
782,R0,1,8,60.85,0.0,broken,0
782,R1,3,8,60.85,100.0,idle,0
782,R2,5,8,60.85,0.0,broken,0
782,R3,7,8,60.85,0.0,broken,0
782,R4,9,8,60.85,100.0,idle,0
783,R0,1,8,60.8,0.0,broken,0
783,R1,3,8,60.8,100.0,idle,0
783,R2,5,8,60.8,0.0,broken,0
783,R3,7,8,60.8,0.0,broken,0
783,R4,9,8,60.8,100.0,idle,0
784,R0,1,8,60.75,0.0,broken,0
784,R1,3,8,60.75,100.0,idle,0
784,R2,5,8,60.75,0.0,broken,0
784,R3,7,8,60.75,0.0,broken,0
784,R4,9,8,60.75,100.0,idle,0
785,R0,1,8,60.7,0.0,broken,0
785,R1,3,8,60.7,100.0,idle,0
785,R2,5,8,60.7,0.0,broken,0
785,R3,7,8,60.7,0.0,broken,0
785,R4,9,8,60.7,100.0,idle,0
786,R0,1,8,60.65,0.0,broken,0
786,R1,3,8,60.65,100.0,idle,0
786,R2,5,8,60.65,0.0,broken,0
786,R3,7,8,60.65,0.0,broken,0
786,R4,9,8,60.65,100.0,idle,0
787,R0,1,8,60.6,0.0,broken,0
787,R1,3,8,60.6,100.0,idle,0
787,R2,5,8,60.6,0.0,broken,0
787,R3,7,8,60.6,0.0,broken,0
787,R4,9,8,60.6,100.0,idle,0
788,R0,1,8,60.55,0.0,broken,0
788,R1,3,8,60.55,100.0,idle,0
788,R2,5,8,60.55,0.0,broken,0
788,R3,7,8,60.55,0.0,broken,0
788,R4,9,8,60.55,100.0,idle,0
789,R0,1,8,60.5,0.0,broken,0
789,R1,3,8,60.5,100.0,idle,0
789,R2,5,8,60.5,0.0,broken,0
789,R3,7,8,60.5,0.0,broken,0
789,R4,9,8,60.5,100.0,idle,0
790,R0,1,8,60.45,0.0,broken,0
790,R1,3,8,60.45,100.0,idle,0
790,R2,5,8,60.45,0.0,broken,0
790,R3,7,8,60.45,0.0,broken,0
790,R4,9,8,60.45,100.0,idle,0
791,R0,1,8,60.4,0.0,broken,0
791,R1,3,8,60.4,100.0,idle,0
791,R2,5,8,60.4,0.0,broken,0
791,R3,7,8,60.4,0.0,broken,0
791,R4,9,8,60.4,100.0,idle,0
792,R0,1,8,60.35,0.0,broken,0
792,R1,3,8,60.35,100.0,idle,0
792,R2,5,8,60.35,0.0,broken,0
792,R3,7,8,60.35,0.0,broken,0
792,R4,9,8,60.35,100.0,idle,0
793,R0,1,8,60.3,0.0,broken,0
793,R1,3,8,60.3,100.0,idle,0
793,R2,5,8,60.3,0.0,broken,0
793,R3,7,8,60.3,0.0,broken,0
793,R4,9,8,60.3,100.0,idle,0
794,R0,1,8,60.25,0.0,broken,0
794,R1,3,8,60.25,100.0,idle,0
794,R2,5,8,60.25,0.0,broken,0
794,R3,7,8,60.25,0.0,broken,0
794,R4,9,8,60.25,100.0,idle,0
795,R0,1,8,60.2,0.0,broken,0
795,R1,3,8,60.2,100.0,idle,0
795,R2,5,8,60.2,0.0,broken,0
795,R3,7,8,60.2,0.0,broken,0
795,R4,9,8,60.2,100.0,idle,0
796,R0,1,8,60.15,0.0,broken,0
796,R1,3,8,60.15,100.0,idle,0
796,R2,5,8,60.15,0.0,broken,0
796,R3,7,8,60.15,0.0,broken,0
796,R4,9,8,60.15,100.0,idle,0
797,R0,1,8,60.1,0.0,broken,0
797,R1,3,8,60.1,100.0,idle,0
797,R2,5,8,60.1,0.0,broken,0
797,R3,7,8,60.1,0.0,broken,0
797,R4,9,8,60.1,100.0,idle,0
798,R0,1,8,60.05,0.0,broken,0
798,R1,3,8,60.05,100.0,idle,0
798,R2,5,8,60.05,0.0,broken,0
798,R3,7,8,60.05,0.0,broken,0
798,R4,9,8,60.05,100.0,idle,0
799,R0,1,8,60.0,0.0,broken,0
799,R1,3,8,60.0,100.0,idle,0
799,R2,5,8,60.0,0.0,broken,0
799,R3,7,8,60.0,0.0,broken,0
799,R4,9,8,60.0,100.0,idle,0
800,R0,1,8,59.95,0.0,broken,0
800,R1,3,8,59.95,100.0,idle,0
800,R2,5,8,59.95,0.0,broken,0
800,R3,7,8,59.95,0.0,broken,0
800,R4,9,8,59.95,100.0,idle,0
801,R0,1,8,59.9,0.0,broken,0
801,R1,3,8,59.9,100.0,idle,0
801,R2,5,8,59.9,0.0,broken,0
801,R3,7,8,59.9,0.0,broken,0
801,R4,9,8,59.9,100.0,idle,0
802,R0,1,8,59.85,0.0,broken,0
802,R1,3,8,59.85,100.0,idle,0
802,R2,5,8,59.85,0.0,broken,0
802,R3,7,8,59.85,0.0,broken,0
802,R4,9,8,59.85,100.0,idle,0
803,R0,1,8,59.8,0.0,broken,0
803,R1,3,8,59.8,100.0,idle,0
803,R2,5,8,59.8,0.0,broken,0
803,R3,7,8,59.8,0.0,broken,0
803,R4,9,8,59.8,100.0,idle,0
804,R0,1,8,59.75,0.0,broken,0
804,R1,3,8,59.75,100.0,idle,0
804,R2,5,8,59.75,0.0,broken,0
804,R3,7,8,59.75,0.0,broken,0
804,R4,9,8,59.75,100.0,idle,0
805,R0,1,8,59.7,0.0,broken,0
805,R1,3,8,59.7,100.0,idle,0
805,R2,5,8,59.7,0.0,broken,0
805,R3,7,8,59.7,0.0,broken,0
805,R4,9,8,59.7,100.0,idle,0
806,R0,1,8,59.65,0.0,broken,0
806,R1,3,8,59.65,100.0,idle,0
806,R2,5,8,59.65,0.0,broken,0
806,R3,7,8,59.65,0.0,broken,0
806,R4,9,8,59.65,100.0,idle,0
807,R0,1,8,59.6,0.0,broken,0
807,R1,3,8,59.6,100.0,idle,0
807,R2,5,8,59.6,0.0,broken,0
807,R3,7,8,59.6,0.0,broken,0
807,R4,9,8,59.6,100.0,idle,0
808,R0,1,8,59.55,0.0,broken,0
808,R1,3,8,59.55,100.0,idle,0
808,R2,5,8,59.55,0.0,broken,0
808,R3,7,8,59.55,0.0,broken,0
808,R4,9,8,59.55,100.0,idle,0
809,R0,1,8,59.5,0.0,broken,0
809,R1,3,8,59.5,100.0,idle,0
809,R2,5,8,59.5,0.0,broken,0
809,R3,7,8,59.5,0.0,broken,0
809,R4,9,8,59.5,100.0,idle,0
810,R0,1,8,59.45,0.0,broken,0
810,R1,3,8,59.45,100.0,idle,0
810,R2,5,8,59.45,0.0,broken,0
810,R3,7,8,59.45,0.0,broken,0
810,R4,9,8,59.45,100.0,idle,0
811,R0,1,8,59.4,0.0,broken,0
811,R1,3,8,59.4,100.0,idle,0
811,R2,5,8,59.4,0.0,broken,0
811,R3,7,8,59.4,0.0,broken,0
811,R4,9,8,59.4,100.0,idle,0
812,R0,1,8,59.35,0.0,broken,0
812,R1,3,8,59.35,100.0,idle,0
812,R2,5,8,59.35,0.0,broken,0
812,R3,7,8,59.35,0.0,broken,0
812,R4,9,8,59.35,100.0,idle,0
813,R0,1,8,59.3,0.0,broken,0
813,R1,3,8,59.3,100.0,idle,0
813,R2,5,8,59.3,0.0,broken,0
813,R3,7,8,59.3,0.0,broken,0
813,R4,9,8,59.3,100.0,idle,0
814,R0,1,8,59.25,0.0,broken,0
814,R1,3,8,59.25,100.0,idle,0
814,R2,5,8,59.25,0.0,broken,0
814,R3,7,8,59.25,0.0,broken,0
814,R4,9,8,59.25,100.0,idle,0
815,R0,1,8,59.2,0.0,broken,0
815,R1,3,8,59.2,100.0,idle,0
815,R2,5,8,59.2,0.0,broken,0
815,R3,7,8,59.2,0.0,broken,0
815,R4,9,8,59.2,100.0,idle,0
816,R0,1,8,59.15,0.0,broken,0
816,R1,3,8,59.15,100.0,idle,0
816,R2,5,8,59.15,0.0,broken,0
816,R3,7,8,59.15,0.0,broken,0
816,R4,9,8,59.15,100.0,idle,0
817,R0,1,8,59.1,0.0,broken,0
817,R1,3,8,59.1,100.0,idle,0
817,R2,5,8,59.1,0.0,broken,0
817,R3,7,8,59.1,0.0,broken,0
817,R4,9,8,59.1,100.0,idle,0
818,R0,1,8,59.05,0.0,broken,0
818,R1,3,8,59.05,100.0,idle,0
818,R2,5,8,59.05,0.0,broken,0
818,R3,7,8,59.05,0.0,broken,0
818,R4,9,8,59.05,100.0,idle,0
819,R0,1,8,59.0,0.0,broken,0
819,R1,3,8,59.0,100.0,idle,0
819,R2,5,8,59.0,0.0,broken,0
819,R3,7,8,59.0,0.0,broken,0
819,R4,9,8,59.0,100.0,idle,0
820,R0,1,8,58.95,0.0,broken,0
820,R1,3,8,58.95,100.0,idle,0
820,R2,5,8,58.95,0.0,broken,0
820,R3,7,8,58.95,0.0,broken,0
820,R4,9,8,58.95,100.0,idle,0
821,R0,1,8,58.9,0.0,broken,0
821,R1,3,8,58.9,100.0,idle,0
821,R2,5,8,58.9,0.0,broken,0
821,R3,7,8,58.9,0.0,broken,0
821,R4,9,8,58.9,100.0,idle,0
822,R0,1,8,58.85,0.0,broken,0
822,R1,3,8,58.85,100.0,idle,0
822,R2,5,8,58.85,0.0,broken,0
822,R3,7,8,58.85,0.0,broken,0
822,R4,9,8,58.85,100.0,idle,0
823,R0,1,8,58.8,0.0,broken,0
823,R1,3,8,58.8,100.0,idle,0
823,R2,5,8,58.8,0.0,broken,0
823,R3,7,8,58.8,0.0,broken,0
823,R4,9,8,58.8,100.0,idle,0
824,R0,1,8,58.75,0.0,broken,0
824,R1,3,8,58.75,100.0,idle,0
824,R2,5,8,58.75,0.0,broken,0
824,R3,7,8,58.75,0.0,broken,0
824,R4,9,8,58.75,100.0,idle,0
825,R0,1,8,58.7,0.0,broken,0
825,R1,3,8,58.7,100.0,idle,0
825,R2,5,8,58.7,0.0,broken,0
825,R3,7,8,58.7,0.0,broken,0
825,R4,9,8,58.7,100.0,idle,0
826,R0,1,8,58.65,0.0,broken,0
826,R1,3,8,58.65,100.0,idle,0
826,R2,5,8,58.65,0.0,broken,0
826,R3,7,8,58.65,0.0,broken,0
826,R4,9,8,58.65,100.0,idle,0
827,R0,1,8,58.6,0.0,broken,0
827,R1,3,8,58.6,100.0,idle,0
827,R2,5,8,58.6,0.0,broken,0
827,R3,7,8,58.6,0.0,broken,0
827,R4,9,8,58.6,100.0,idle,0
828,R0,1,8,58.55,0.0,broken,0
828,R1,3,8,58.55,100.0,idle,0
828,R2,5,8,58.55,0.0,broken,0
828,R3,7,8,58.55,0.0,broken,0
828,R4,9,8,58.55,100.0,idle,0
829,R0,1,8,58.5,0.0,broken,0
829,R1,3,8,58.5,100.0,idle,0
829,R2,5,8,58.5,0.0,broken,0
829,R3,7,8,58.5,0.0,broken,0
829,R4,9,8,58.5,100.0,idle,0
830,R0,1,8,58.45,0.0,broken,0
830,R1,3,8,58.45,100.0,idle,0
830,R2,5,8,58.45,0.0,broken,0
830,R3,7,8,58.45,0.0,broken,0
830,R4,9,8,58.45,100.0,idle,0
831,R0,1,8,58.4,0.0,broken,0
831,R1,3,8,58.4,100.0,idle,0
831,R2,5,8,58.4,0.0,broken,0
831,R3,7,8,58.4,0.0,broken,0
831,R4,9,8,58.4,100.0,idle,0
832,R0,1,8,58.35,0.0,broken,0
832,R1,3,8,58.35,100.0,idle,0
832,R2,5,8,58.35,0.0,broken,0
832,R3,7,8,58.35,0.0,broken,0
832,R4,9,8,58.35,100.0,idle,0
833,R0,1,8,58.3,0.0,broken,0
833,R1,3,8,58.3,100.0,idle,0
833,R2,5,8,58.3,0.0,broken,0
833,R3,7,8,58.3,0.0,broken,0
833,R4,9,8,58.3,100.0,idle,0
834,R0,1,8,58.25,0.0,broken,0
834,R1,3,8,58.25,100.0,idle,0
834,R2,5,8,58.25,0.0,broken,0
834,R3,7,8,58.25,0.0,broken,0
834,R4,9,8,58.25,100.0,idle,0
835,R0,1,8,58.2,0.0,broken,0
835,R1,3,8,58.2,100.0,idle,0
835,R2,5,8,58.2,0.0,broken,0
835,R3,7,8,58.2,0.0,broken,0
835,R4,9,8,58.2,100.0,idle,0
836,R0,1,8,58.15,0.0,broken,0
836,R1,3,8,58.15,100.0,idle,0
836,R2,5,8,58.15,0.0,broken,0
836,R3,7,8,58.15,0.0,broken,0
836,R4,9,8,58.15,100.0,idle,0
837,R0,1,8,58.1,0.0,broken,0
837,R1,3,8,58.1,100.0,idle,0
837,R2,5,8,58.1,0.0,broken,0
837,R3,7,8,58.1,0.0,broken,0
837,R4,9,8,58.1,100.0,idle,0
838,R0,1,8,58.05,0.0,broken,0
838,R1,3,8,58.05,100.0,idle,0
838,R2,5,8,58.05,0.0,broken,0
838,R3,7,8,58.05,0.0,broken,0
838,R4,9,8,58.05,100.0,idle,0
839,R0,1,8,58.0,0.0,broken,0
839,R1,3,8,58.0,0.0,broken,0
839,R2,5,8,58.0,0.0,broken,0
839,R3,7,8,58.0,0.0,broken,0
839,R4,9,8,58.0,100.0,idle,0
840,R0,1,8,57.95,0.0,broken,0
840,R1,3,8,57.95,0.0,broken,0
840,R2,5,8,57.95,0.0,broken,0
840,R3,7,8,57.95,0.0,broken,0
840,R4,9,8,57.95,100.0,idle,0
841,R0,1,8,57.9,0.0,broken,0
841,R1,3,8,57.9,0.0,broken,0
841,R2,5,8,57.9,0.0,broken,0
841,R3,7,8,57.9,0.0,broken,0
841,R4,9,8,57.9,100.0,idle,0
842,R0,1,8,57.85,0.0,broken,0
842,R1,3,8,57.85,0.0,broken,0
842,R2,5,8,57.85,0.0,broken,0
842,R3,7,8,57.85,0.0,broken,0
842,R4,9,8,57.85,100.0,idle,0
843,R0,1,8,57.8,0.0,broken,0
843,R1,3,8,57.8,0.0,broken,0
843,R2,5,8,57.8,0.0,broken,0
843,R3,7,8,57.8,0.0,broken,0
843,R4,9,8,57.8,100.0,idle,0
844,R0,1,8,57.75,0.0,broken,0
844,R1,3,8,57.75,0.0,broken,0
844,R2,5,8,57.75,0.0,broken,0
844,R3,7,8,57.75,0.0,broken,0
844,R4,9,8,57.75,100.0,idle,0
845,R0,1,8,57.7,0.0,broken,0
845,R1,3,8,57.7,0.0,broken,0
845,R2,5,8,57.7,0.0,broken,0
845,R3,7,8,57.7,0.0,broken,0
845,R4,9,8,57.7,100.0,idle,0
846,R0,1,8,57.65,0.0,broken,0
846,R1,3,8,57.65,0.0,broken,0
846,R2,5,8,57.65,0.0,broken,0
846,R3,7,8,57.65,0.0,broken,0
846,R4,9,8,57.65,100.0,idle,0
847,R0,1,8,57.6,0.0,broken,0
847,R1,3,8,57.6,0.0,broken,0
847,R2,5,8,57.6,0.0,broken,0
847,R3,7,8,57.6,0.0,broken,0
847,R4,9,8,57.6,100.0,idle,0
848,R0,1,8,57.55,0.0,broken,0
848,R1,3,8,57.55,0.0,broken,0
848,R2,5,8,57.55,0.0,broken,0
848,R3,7,8,57.55,0.0,broken,0
848,R4,9,8,57.55,100.0,idle,0
849,R0,1,8,57.5,0.0,broken,0
849,R1,3,8,57.5,0.0,broken,0
849,R2,5,8,57.5,0.0,broken,0
849,R3,7,8,57.5,0.0,broken,0
849,R4,9,8,57.5,100.0,idle,0
850,R0,1,8,57.45,0.0,broken,0
850,R1,3,8,57.45,0.0,broken,0
850,R2,5,8,57.45,0.0,broken,0
850,R3,7,8,57.45,0.0,broken,0
850,R4,9,8,57.45,100.0,idle,0
851,R0,1,8,57.4,0.0,broken,0
851,R1,3,8,57.4,0.0,broken,0
851,R2,5,8,57.4,0.0,broken,0
851,R3,7,8,57.4,0.0,broken,0
851,R4,9,8,57.4,100.0,idle,0
852,R0,1,8,57.35,0.0,broken,0
852,R1,3,8,57.35,0.0,broken,0
852,R2,5,8,57.35,0.0,broken,0
852,R3,7,8,57.35,0.0,broken,0
852,R4,9,8,57.35,100.0,idle,0
853,R0,1,8,57.3,0.0,broken,0
853,R1,3,8,57.3,0.0,broken,0
853,R2,5,8,57.3,0.0,broken,0
853,R3,7,8,57.3,0.0,broken,0
853,R4,9,8,57.3,100.0,idle,0
854,R0,1,8,57.25,0.0,broken,0
854,R1,3,8,57.25,0.0,broken,0
854,R2,5,8,57.25,0.0,broken,0
854,R3,7,8,57.25,0.0,broken,0
854,R4,9,8,57.25,100.0,idle,0
855,R0,1,8,57.2,0.0,broken,0
855,R1,3,8,57.2,0.0,broken,0
855,R2,5,8,57.2,0.0,broken,0
855,R3,7,8,57.2,0.0,broken,0
855,R4,9,8,57.2,100.0,idle,0
856,R0,1,8,57.15,0.0,broken,0
856,R1,3,8,57.15,0.0,broken,0
856,R2,5,8,57.15,0.0,broken,0
856,R3,7,8,57.15,0.0,broken,0
856,R4,9,8,57.15,100.0,idle,0
857,R0,1,8,57.1,0.0,broken,0
857,R1,3,8,57.1,0.0,broken,0
857,R2,5,8,57.1,0.0,broken,0
857,R3,7,8,57.1,0.0,broken,0
857,R4,9,8,57.1,100.0,idle,0
858,R0,1,8,57.05,0.0,broken,0
858,R1,3,8,57.05,0.0,broken,0
858,R2,5,8,57.05,0.0,broken,0
858,R3,7,8,57.05,0.0,broken,0
858,R4,9,8,57.05,100.0,idle,0
859,R0,1,8,57.0,0.0,broken,0
859,R1,3,8,57.0,0.0,broken,0
859,R2,5,8,57.0,0.0,broken,0
859,R3,7,8,57.0,0.0,broken,0
859,R4,9,8,57.0,100.0,idle,0
860,R0,1,8,56.95,0.0,broken,0
860,R1,3,8,56.95,0.0,broken,0
860,R2,5,8,56.95,0.0,broken,0
860,R3,7,8,56.95,0.0,broken,0
860,R4,9,8,56.95,100.0,idle,0
861,R0,1,8,56.9,0.0,broken,0
861,R1,3,8,56.9,0.0,broken,0
861,R2,5,8,56.9,0.0,broken,0
861,R3,7,8,56.9,0.0,broken,0
861,R4,9,8,56.9,100.0,idle,0
862,R0,1,8,56.85,0.0,broken,0
862,R1,3,8,56.85,0.0,broken,0
862,R2,5,8,56.85,0.0,broken,0
862,R3,7,8,56.85,0.0,broken,0
862,R4,9,8,56.85,100.0,idle,0
863,R0,1,8,56.8,0.0,broken,0
863,R1,3,8,56.8,0.0,broken,0
863,R2,5,8,56.8,0.0,broken,0
863,R3,7,8,56.8,0.0,broken,0
863,R4,9,8,56.8,100.0,idle,0
864,R0,1,8,56.75,0.0,broken,0
864,R1,3,8,56.75,0.0,broken,0
864,R2,5,8,56.75,0.0,broken,0
864,R3,7,8,56.75,0.0,broken,0
864,R4,9,8,56.75,100.0,idle,0
865,R0,1,8,56.7,0.0,broken,0
865,R1,3,8,56.7,0.0,broken,0
865,R2,5,8,56.7,0.0,broken,0
865,R3,7,8,56.7,0.0,broken,0
865,R4,9,8,56.7,100.0,idle,0
866,R0,1,8,56.65,0.0,broken,0
866,R1,3,8,56.65,0.0,broken,0
866,R2,5,8,56.65,0.0,broken,0
866,R3,7,8,56.65,0.0,broken,0
866,R4,9,8,56.65,100.0,idle,0
867,R0,1,8,56.6,0.0,broken,0
867,R1,3,8,56.6,0.0,broken,0
867,R2,5,8,56.6,0.0,broken,0
867,R3,7,8,56.6,0.0,broken,0
867,R4,9,8,56.6,100.0,idle,0
868,R0,1,8,56.55,0.0,broken,0
868,R1,3,8,56.55,0.0,broken,0
868,R2,5,8,56.55,0.0,broken,0
868,R3,7,8,56.55,0.0,broken,0
868,R4,9,8,56.55,100.0,idle,0
869,R0,1,8,56.5,0.0,broken,0
869,R1,3,8,56.5,0.0,broken,0
869,R2,5,8,56.5,0.0,broken,0
869,R3,7,8,56.5,0.0,broken,0
869,R4,9,8,56.5,100.0,idle,0
870,R0,1,8,56.45,0.0,broken,0
870,R1,3,8,56.45,0.0,broken,0
870,R2,5,8,56.45,0.0,broken,0
870,R3,7,8,56.45,0.0,broken,0
870,R4,9,8,56.45,100.0,idle,0
871,R0,1,8,56.4,0.0,broken,0
871,R1,3,8,56.4,0.0,broken,0
871,R2,5,8,56.4,0.0,broken,0
871,R3,7,8,56.4,0.0,broken,0
871,R4,9,8,56.4,100.0,idle,0
872,R0,1,8,56.35,0.0,broken,0
872,R1,3,8,56.35,0.0,broken,0
872,R2,5,8,56.35,0.0,broken,0
872,R3,7,8,56.35,0.0,broken,0
872,R4,9,8,56.35,100.0,idle,0
873,R0,1,8,56.3,0.0,broken,0
873,R1,3,8,56.3,0.0,broken,0
873,R2,5,8,56.3,0.0,broken,0
873,R3,7,8,56.3,0.0,broken,0
873,R4,9,8,56.3,100.0,idle,0
874,R0,1,8,56.25,0.0,broken,0
874,R1,3,8,56.25,0.0,broken,0
874,R2,5,8,56.25,0.0,broken,0
874,R3,7,8,56.25,0.0,broken,0
874,R4,9,8,56.25,100.0,idle,0
875,R0,1,8,56.2,0.0,broken,0
875,R1,3,8,56.2,0.0,broken,0
875,R2,5,8,56.2,0.0,broken,0
875,R3,7,8,56.2,0.0,broken,0
875,R4,9,8,56.2,100.0,idle,0
876,R0,1,8,56.15,0.0,broken,0
876,R1,3,8,56.15,0.0,broken,0
876,R2,5,8,56.15,0.0,broken,0
876,R3,7,8,56.15,0.0,broken,0
876,R4,9,8,56.15,100.0,idle,0
877,R0,1,8,56.1,0.0,broken,0
877,R1,3,8,56.1,0.0,broken,0
877,R2,5,8,56.1,0.0,broken,0
877,R3,7,8,56.1,0.0,broken,0
877,R4,9,8,56.1,100.0,idle,0
878,R0,1,8,56.05,0.0,broken,0
878,R1,3,8,56.05,0.0,broken,0
878,R2,5,8,56.05,0.0,broken,0
878,R3,7,8,56.05,0.0,broken,0
878,R4,9,8,56.05,100.0,idle,0
879,R0,1,8,56.0,0.0,broken,0
879,R1,3,8,56.0,0.0,broken,0
879,R2,5,8,56.0,0.0,broken,0
879,R3,7,8,56.0,0.0,broken,0
879,R4,9,8,56.0,100.0,idle,0
880,R0,1,8,55.95,0.0,broken,0
880,R1,3,8,55.95,0.0,broken,0
880,R2,5,8,55.95,0.0,broken,0
880,R3,7,8,55.95,0.0,broken,0
880,R4,9,8,55.95,100.0,idle,0
881,R0,1,8,55.9,0.0,broken,0
881,R1,3,8,55.9,0.0,broken,0
881,R2,5,8,55.9,0.0,broken,0
881,R3,7,8,55.9,0.0,broken,0
881,R4,9,8,55.9,100.0,idle,0
882,R0,1,8,55.85,0.0,broken,0
882,R1,3,8,55.85,0.0,broken,0
882,R2,5,8,55.85,0.0,broken,0
882,R3,7,8,55.85,0.0,broken,0
882,R4,9,8,55.85,100.0,idle,0
883,R0,1,8,55.8,0.0,broken,0
883,R1,3,8,55.8,0.0,broken,0
883,R2,5,8,55.8,0.0,broken,0
883,R3,7,8,55.8,0.0,broken,0
883,R4,9,8,55.8,100.0,idle,0
884,R0,1,8,55.75,0.0,broken,0
884,R1,3,8,55.75,0.0,broken,0
884,R2,5,8,55.75,0.0,broken,0
884,R3,7,8,55.75,0.0,broken,0
884,R4,9,8,55.75,100.0,idle,0
885,R0,1,8,55.7,0.0,broken,0
885,R1,3,8,55.7,0.0,broken,0
885,R2,5,8,55.7,0.0,broken,0
885,R3,7,8,55.7,0.0,broken,0
885,R4,9,8,55.7,100.0,idle,0
886,R0,1,8,55.65,0.0,broken,0
886,R1,3,8,55.65,0.0,broken,0
886,R2,5,8,55.65,0.0,broken,0
886,R3,7,8,55.65,0.0,broken,0
886,R4,9,8,55.65,100.0,idle,0
887,R0,1,8,55.6,0.0,broken,0
887,R1,3,8,55.6,0.0,broken,0
887,R2,5,8,55.6,0.0,broken,0
887,R3,7,8,55.6,0.0,broken,0
887,R4,9,8,55.6,100.0,idle,0
888,R0,1,8,55.55,0.0,broken,0
888,R1,3,8,55.55,0.0,broken,0
888,R2,5,8,55.55,0.0,broken,0
888,R3,7,8,55.55,0.0,broken,0
888,R4,9,8,55.55,100.0,idle,0
889,R0,1,8,55.5,0.0,broken,0
889,R1,3,8,55.5,0.0,broken,0
889,R2,5,8,55.5,0.0,broken,0
889,R3,7,8,55.5,0.0,broken,0
889,R4,9,8,55.5,100.0,idle,0
890,R0,1,8,55.45,0.0,broken,0
890,R1,3,8,55.45,0.0,broken,0
890,R2,5,8,55.45,0.0,broken,0
890,R3,7,8,55.45,0.0,broken,0
890,R4,9,8,55.45,100.0,idle,0
891,R0,1,8,55.4,0.0,broken,0
891,R1,3,8,55.4,0.0,broken,0
891,R2,5,8,55.4,0.0,broken,0
891,R3,7,8,55.4,0.0,broken,0
891,R4,9,8,55.4,100.0,idle,0
892,R0,1,8,55.35,0.0,broken,0
892,R1,3,8,55.35,0.0,broken,0
892,R2,5,8,55.35,0.0,broken,0
892,R3,7,8,55.35,0.0,broken,0
892,R4,9,8,55.35,100.0,idle,0
893,R0,1,8,55.3,0.0,broken,0
893,R1,3,8,55.3,0.0,broken,0
893,R2,5,8,55.3,0.0,broken,0
893,R3,7,8,55.3,0.0,broken,0
893,R4,9,8,55.3,100.0,idle,0
894,R0,1,8,55.25,0.0,broken,0
894,R1,3,8,55.25,0.0,broken,0
894,R2,5,8,55.25,0.0,broken,0
894,R3,7,8,55.25,0.0,broken,0
894,R4,9,8,55.25,100.0,idle,0
895,R0,1,8,55.2,0.0,broken,0
895,R1,3,8,55.2,0.0,broken,0
895,R2,5,8,55.2,0.0,broken,0
895,R3,7,8,55.2,0.0,broken,0
895,R4,9,8,55.2,100.0,idle,0
896,R0,1,8,55.15,0.0,broken,0
896,R1,3,8,55.15,0.0,broken,0
896,R2,5,8,55.15,0.0,broken,0
896,R3,7,8,55.15,0.0,broken,0
896,R4,9,8,55.15,100.0,idle,0
897,R0,1,8,55.1,0.0,broken,0
897,R1,3,8,55.1,0.0,broken,0
897,R2,5,8,55.1,0.0,broken,0
897,R3,7,8,55.1,0.0,broken,0
897,R4,9,8,55.1,100.0,idle,0
898,R0,1,8,55.05,0.0,broken,0
898,R1,3,8,55.05,0.0,broken,0
898,R2,5,8,55.05,0.0,broken,0
898,R3,7,8,55.05,0.0,broken,0
898,R4,9,8,55.05,100.0,idle,0
899,R0,1,8,55.0,0.0,broken,0
899,R1,3,8,55.0,0.0,broken,0
899,R2,5,8,55.0,0.0,broken,0
899,R3,7,8,55.0,0.0,broken,0
899,R4,9,8,55.0,100.0,idle,0
900,R0,1,8,54.95,0.0,broken,0
900,R1,3,8,54.95,0.0,broken,0
900,R2,5,8,54.95,0.0,broken,0
900,R3,7,8,54.95,0.0,broken,0
900,R4,9,8,54.95,100.0,idle,0
901,R0,1,8,54.9,0.0,broken,0
901,R1,3,8,54.9,0.0,broken,0
901,R2,5,8,54.9,0.0,broken,0
901,R3,7,8,54.9,0.0,broken,0
901,R4,9,8,54.9,100.0,idle,0
902,R0,1,8,54.85,0.0,broken,0
902,R1,3,8,54.85,0.0,broken,0
902,R2,5,8,54.85,0.0,broken,0
902,R3,7,8,54.85,0.0,broken,0
902,R4,9,8,54.85,100.0,idle,0
903,R0,1,8,54.8,0.0,broken,0
903,R1,3,8,54.8,0.0,broken,0
903,R2,5,8,54.8,0.0,broken,0
903,R3,7,8,54.8,0.0,broken,0
903,R4,9,8,54.8,100.0,idle,0
904,R0,1,8,54.75,0.0,broken,0
904,R1,3,8,54.75,0.0,broken,0
904,R2,5,8,54.75,0.0,broken,0
904,R3,7,8,54.75,0.0,broken,0
904,R4,9,8,54.75,100.0,idle,0
905,R0,1,8,54.7,0.0,broken,0
905,R1,3,8,54.7,0.0,broken,0
905,R2,5,8,54.7,0.0,broken,0
905,R3,7,8,54.7,0.0,broken,0
905,R4,9,8,54.7,100.0,idle,0
906,R0,1,8,54.65,0.0,broken,0
906,R1,3,8,54.65,0.0,broken,0
906,R2,5,8,54.65,0.0,broken,0
906,R3,7,8,54.65,0.0,broken,0
906,R4,9,8,54.65,100.0,idle,0
907,R0,1,8,54.6,0.0,broken,0
907,R1,3,8,54.6,0.0,broken,0
907,R2,5,8,54.6,0.0,broken,0
907,R3,7,8,54.6,0.0,broken,0
907,R4,9,8,54.6,100.0,idle,0
908,R0,1,8,54.55,0.0,broken,0
908,R1,3,8,54.55,0.0,broken,0
908,R2,5,8,54.55,0.0,broken,0
908,R3,7,8,54.55,0.0,broken,0
908,R4,9,8,54.55,100.0,idle,0
909,R0,1,8,54.5,0.0,broken,0
909,R1,3,8,54.5,0.0,broken,0
909,R2,5,8,54.5,0.0,broken,0
909,R3,7,8,54.5,0.0,broken,0
909,R4,9,8,54.5,100.0,idle,0
910,R0,1,8,54.45,0.0,broken,0
910,R1,3,8,54.45,0.0,broken,0
910,R2,5,8,54.45,0.0,broken,0
910,R3,7,8,54.45,0.0,broken,0
910,R4,9,8,54.45,100.0,idle,0
911,R0,1,8,54.4,0.0,broken,0
911,R1,3,8,54.4,0.0,broken,0
911,R2,5,8,54.4,0.0,broken,0
911,R3,7,8,54.4,0.0,broken,0
911,R4,9,8,54.4,100.0,idle,0
912,R0,1,8,54.35,0.0,broken,0
912,R1,3,8,54.35,0.0,broken,0
912,R2,5,8,54.35,0.0,broken,0
912,R3,7,8,54.35,0.0,broken,0
912,R4,9,8,54.35,100.0,idle,0
913,R0,1,8,54.3,0.0,broken,0
913,R1,3,8,54.3,0.0,broken,0
913,R2,5,8,54.3,0.0,broken,0
913,R3,7,8,54.3,0.0,broken,0
913,R4,9,8,54.3,100.0,idle,0
914,R0,1,8,54.25,0.0,broken,0
914,R1,3,8,54.25,0.0,broken,0
914,R2,5,8,54.25,0.0,broken,0
914,R3,7,8,54.25,0.0,broken,0
914,R4,9,8,54.25,100.0,idle,0
915,R0,1,8,54.2,0.0,broken,0
915,R1,3,8,54.2,0.0,broken,0
915,R2,5,8,54.2,0.0,broken,0
915,R3,7,8,54.2,0.0,broken,0
915,R4,9,8,54.2,100.0,idle,0
916,R0,1,8,54.15,0.0,broken,0
916,R1,3,8,54.15,0.0,broken,0
916,R2,5,8,54.15,0.0,broken,0
916,R3,7,8,54.15,0.0,broken,0
916,R4,9,8,54.15,100.0,idle,0
917,R0,1,8,54.1,0.0,broken,0
917,R1,3,8,54.1,0.0,broken,0
917,R2,5,8,54.1,0.0,broken,0
917,R3,7,8,54.1,0.0,broken,0
917,R4,9,8,54.1,100.0,idle,0
918,R0,1,8,54.05,0.0,broken,0
918,R1,3,8,54.05,0.0,broken,0
918,R2,5,8,54.05,0.0,broken,0
918,R3,7,8,54.05,0.0,broken,0
918,R4,9,8,54.05,100.0,idle,0
919,R0,1,8,54.0,0.0,broken,0
919,R1,3,8,54.0,0.0,broken,0
919,R2,5,8,54.0,0.0,broken,0
919,R3,7,8,54.0,0.0,broken,0
919,R4,9,8,54.0,100.0,idle,0
920,R0,1,8,53.95,0.0,broken,0
920,R1,3,8,53.95,0.0,broken,0
920,R2,5,8,53.95,0.0,broken,0
920,R3,7,8,53.95,0.0,broken,0
920,R4,9,8,53.95,100.0,idle,0
921,R0,1,8,53.9,0.0,broken,0
921,R1,3,8,53.9,0.0,broken,0
921,R2,5,8,53.9,0.0,broken,0
921,R3,7,8,53.9,0.0,broken,0
921,R4,9,8,53.9,100.0,idle,0
922,R0,1,8,53.85,0.0,broken,0
922,R1,3,8,53.85,0.0,broken,0
922,R2,5,8,53.85,0.0,broken,0
922,R3,7,8,53.85,0.0,broken,0
922,R4,9,8,53.85,100.0,idle,0
923,R0,1,8,53.8,0.0,broken,0
923,R1,3,8,53.8,0.0,broken,0
923,R2,5,8,53.8,0.0,broken,0
923,R3,7,8,53.8,0.0,broken,0
923,R4,9,8,53.8,100.0,idle,0
924,R0,1,8,53.75,0.0,broken,0
924,R1,3,8,53.75,0.0,broken,0
924,R2,5,8,53.75,0.0,broken,0
924,R3,7,8,53.75,0.0,broken,0
924,R4,9,8,53.75,100.0,idle,0
925,R0,1,8,53.7,0.0,broken,0
925,R1,3,8,53.7,0.0,broken,0
925,R2,5,8,53.7,0.0,broken,0
925,R3,7,8,53.7,0.0,broken,0
925,R4,9,8,53.7,100.0,idle,0
926,R0,1,8,53.65,0.0,broken,0
926,R1,3,8,53.65,0.0,broken,0
926,R2,5,8,53.65,0.0,broken,0
926,R3,7,8,53.65,0.0,broken,0
926,R4,9,8,53.65,100.0,idle,0
927,R0,1,8,53.6,0.0,broken,0
927,R1,3,8,53.6,0.0,broken,0
927,R2,5,8,53.6,0.0,broken,0
927,R3,7,8,53.6,0.0,broken,0
927,R4,9,8,53.6,100.0,idle,0
928,R0,1,8,53.55,0.0,broken,0
928,R1,3,8,53.55,0.0,broken,0
928,R2,5,8,53.55,0.0,broken,0
928,R3,7,8,53.55,0.0,broken,0
928,R4,9,8,53.55,100.0,idle,0
929,R0,1,8,53.5,0.0,broken,0
929,R1,3,8,53.5,0.0,broken,0
929,R2,5,8,53.5,0.0,broken,0
929,R3,7,8,53.5,0.0,broken,0
929,R4,9,8,53.5,100.0,idle,0
930,R0,1,8,53.45,0.0,broken,0
930,R1,3,8,53.45,0.0,broken,0
930,R2,5,8,53.45,0.0,broken,0
930,R3,7,8,53.45,0.0,broken,0
930,R4,9,8,53.45,100.0,idle,0
931,R0,1,8,53.4,0.0,broken,0
931,R1,3,8,53.4,0.0,broken,0
931,R2,5,8,53.4,0.0,broken,0
931,R3,7,8,53.4,0.0,broken,0
931,R4,9,8,53.4,100.0,idle,0
932,R0,1,8,53.35,0.0,broken,0
932,R1,3,8,53.35,0.0,broken,0
932,R2,5,8,53.35,0.0,broken,0
932,R3,7,8,53.35,0.0,broken,0
932,R4,9,8,53.35,100.0,idle,0
933,R0,1,8,53.3,0.0,broken,0
933,R1,3,8,53.3,0.0,broken,0
933,R2,5,8,53.3,0.0,broken,0
933,R3,7,8,53.3,0.0,broken,0
933,R4,9,8,53.3,100.0,idle,0
934,R0,1,8,53.25,0.0,broken,0
934,R1,3,8,53.25,0.0,broken,0
934,R2,5,8,53.25,0.0,broken,0
934,R3,7,8,53.25,0.0,broken,0
934,R4,9,8,53.25,100.0,idle,0
935,R0,1,8,53.2,0.0,broken,0
935,R1,3,8,53.2,0.0,broken,0
935,R2,5,8,53.2,0.0,broken,0
935,R3,7,8,53.2,0.0,broken,0
935,R4,9,8,53.2,100.0,idle,0
936,R0,1,8,53.15,0.0,broken,0
936,R1,3,8,53.15,0.0,broken,0
936,R2,5,8,53.15,0.0,broken,0
936,R3,7,8,53.15,0.0,broken,0
936,R4,9,8,53.15,100.0,idle,0
937,R0,1,8,53.1,0.0,broken,0
937,R1,3,8,53.1,0.0,broken,0
937,R2,5,8,53.1,0.0,broken,0
937,R3,7,8,53.1,0.0,broken,0
937,R4,9,8,53.1,100.0,idle,0
938,R0,1,8,53.05,0.0,broken,0
938,R1,3,8,53.05,0.0,broken,0
938,R2,5,8,53.05,0.0,broken,0
938,R3,7,8,53.05,0.0,broken,0
938,R4,9,8,53.05,100.0,idle,0
939,R0,1,8,53.0,0.0,broken,0
939,R1,3,8,53.0,0.0,broken,0
939,R2,5,8,53.0,0.0,broken,0
939,R3,7,8,53.0,0.0,broken,0
939,R4,9,8,53.0,100.0,idle,0
940,R0,1,8,52.95,0.0,broken,0
940,R1,3,8,52.95,0.0,broken,0
940,R2,5,8,52.95,0.0,broken,0
940,R3,7,8,52.95,0.0,broken,0
940,R4,9,8,52.95,100.0,idle,0
941,R0,1,8,52.9,0.0,broken,0
941,R1,3,8,52.9,0.0,broken,0
941,R2,5,8,52.9,0.0,broken,0
941,R3,7,8,52.9,0.0,broken,0
941,R4,9,8,52.9,100.0,idle,0
942,R0,1,8,52.85,0.0,broken,0
942,R1,3,8,52.85,0.0,broken,0
942,R2,5,8,52.85,0.0,broken,0
942,R3,7,8,52.85,0.0,broken,0
942,R4,9,8,52.85,100.0,idle,0
943,R0,1,8,52.8,0.0,broken,0
943,R1,3,8,52.8,0.0,broken,0
943,R2,5,8,52.8,0.0,broken,0
943,R3,7,8,52.8,0.0,broken,0
943,R4,9,8,52.8,100.0,idle,0
944,R0,1,8,52.75,0.0,broken,0
944,R1,3,8,52.75,0.0,broken,0
944,R2,5,8,52.75,0.0,broken,0
944,R3,7,8,52.75,0.0,broken,0
944,R4,9,8,52.75,100.0,idle,0
945,R0,1,8,52.7,0.0,broken,0
945,R1,3,8,52.7,0.0,broken,0
945,R2,5,8,52.7,0.0,broken,0
945,R3,7,8,52.7,0.0,broken,0
945,R4,9,8,52.7,100.0,idle,0
946,R0,1,8,52.65,0.0,broken,0
946,R1,3,8,52.65,0.0,broken,0
946,R2,5,8,52.65,0.0,broken,0
946,R3,7,8,52.65,0.0,broken,0
946,R4,9,8,52.65,100.0,idle,0
947,R0,1,8,52.6,0.0,broken,0
947,R1,3,8,52.6,0.0,broken,0
947,R2,5,8,52.6,0.0,broken,0
947,R3,7,8,52.6,0.0,broken,0
947,R4,9,8,52.6,100.0,idle,0
948,R0,1,8,52.55,0.0,broken,0
948,R1,3,8,52.55,0.0,broken,0
948,R2,5,8,52.55,0.0,broken,0
948,R3,7,8,52.55,0.0,broken,0
948,R4,9,8,52.55,100.0,idle,0
949,R0,1,8,52.5,0.0,broken,0
949,R1,3,8,52.5,0.0,broken,0
949,R2,5,8,52.5,0.0,broken,0
949,R3,7,8,52.5,0.0,broken,0
949,R4,9,8,52.5,100.0,idle,0
950,R0,1,8,52.45,0.0,broken,0
950,R1,3,8,52.45,0.0,broken,0
950,R2,5,8,52.45,0.0,broken,0
950,R3,7,8,52.45,0.0,broken,0
950,R4,9,8,52.45,100.0,idle,0
951,R0,1,8,52.4,0.0,broken,0
951,R1,3,8,52.4,0.0,broken,0
951,R2,5,8,52.4,0.0,broken,0
951,R3,7,8,52.4,0.0,broken,0
951,R4,9,8,52.4,100.0,idle,0
952,R0,1,8,52.35,0.0,broken,0
952,R1,3,8,52.35,0.0,broken,0
952,R2,5,8,52.35,0.0,broken,0
952,R3,7,8,52.35,0.0,broken,0
952,R4,9,8,52.35,100.0,idle,0
953,R0,1,8,52.3,0.0,broken,0
953,R1,3,8,52.3,0.0,broken,0
953,R2,5,8,52.3,0.0,broken,0
953,R3,7,8,52.3,0.0,broken,0
953,R4,9,8,52.3,100.0,idle,0
954,R0,1,8,52.25,0.0,broken,0
954,R1,3,8,52.25,0.0,broken,0
954,R2,5,8,52.25,0.0,broken,0
954,R3,7,8,52.25,0.0,broken,0
954,R4,9,8,52.25,100.0,idle,0
955,R0,1,8,52.2,0.0,broken,0
955,R1,3,8,52.2,0.0,broken,0
955,R2,5,8,52.2,0.0,broken,0
955,R3,7,8,52.2,0.0,broken,0
955,R4,9,8,52.2,100.0,idle,0
956,R0,1,8,52.15,0.0,broken,0
956,R1,3,8,52.15,0.0,broken,0
956,R2,5,8,52.15,0.0,broken,0
956,R3,7,8,52.15,0.0,broken,0
956,R4,9,8,52.15,100.0,idle,0
957,R0,1,8,52.1,0.0,broken,0
957,R1,3,8,52.1,0.0,broken,0
957,R2,5,8,52.1,0.0,broken,0
957,R3,7,8,52.1,0.0,broken,0
957,R4,9,8,52.1,100.0,idle,0
958,R0,1,8,52.05,0.0,broken,0
958,R1,3,8,52.05,0.0,broken,0
958,R2,5,8,52.05,0.0,broken,0
958,R3,7,8,52.05,0.0,broken,0
958,R4,9,8,52.05,100.0,idle,0
959,R0,1,8,52.0,0.0,broken,0
959,R1,3,8,52.0,0.0,broken,0
959,R2,5,8,52.0,0.0,broken,0
959,R3,7,8,52.0,0.0,broken,0
959,R4,9,8,52.0,100.0,idle,0
960,R0,1,8,51.95,0.0,broken,0
960,R1,3,8,51.95,0.0,broken,0
960,R2,5,8,51.95,0.0,broken,0
960,R3,7,8,51.95,0.0,broken,0
960,R4,9,8,51.95,100.0,idle,0
961,R0,1,8,51.9,0.0,broken,0
961,R1,3,8,51.9,0.0,broken,0
961,R2,5,8,51.9,0.0,broken,0
961,R3,7,8,51.9,0.0,broken,0
961,R4,9,8,51.9,100.0,idle,0
962,R0,1,8,51.85,0.0,broken,0
962,R1,3,8,51.85,0.0,broken,0
962,R2,5,8,51.85,0.0,broken,0
962,R3,7,8,51.85,0.0,broken,0
962,R4,9,8,51.85,100.0,idle,0
963,R0,1,8,51.8,0.0,broken,0
963,R1,3,8,51.8,0.0,broken,0
963,R2,5,8,51.8,0.0,broken,0
963,R3,7,8,51.8,0.0,broken,0
963,R4,9,8,51.8,100.0,idle,0
964,R0,1,8,51.75,0.0,broken,0
964,R1,3,8,51.75,0.0,broken,0
964,R2,5,8,51.75,0.0,broken,0
964,R3,7,8,51.75,0.0,broken,0
964,R4,9,8,51.75,100.0,idle,0
965,R0,1,8,51.7,0.0,broken,0
965,R1,3,8,51.7,0.0,broken,0
965,R2,5,8,51.7,0.0,broken,0
965,R3,7,8,51.7,0.0,broken,0
965,R4,9,8,51.7,100.0,idle,0
966,R0,1,8,51.65,0.0,broken,0
966,R1,3,8,51.65,0.0,broken,0
966,R2,5,8,51.65,0.0,broken,0
966,R3,7,8,51.65,0.0,broken,0
966,R4,9,8,51.65,100.0,idle,0
967,R0,1,8,51.6,0.0,broken,0
967,R1,3,8,51.6,0.0,broken,0
967,R2,5,8,51.6,0.0,broken,0
967,R3,7,8,51.6,0.0,broken,0
967,R4,9,8,51.6,100.0,idle,0
968,R0,1,8,51.55,0.0,broken,0
968,R1,3,8,51.55,0.0,broken,0
968,R2,5,8,51.55,0.0,broken,0
968,R3,7,8,51.55,0.0,broken,0
968,R4,9,8,51.55,100.0,idle,0
969,R0,1,8,51.5,0.0,broken,0
969,R1,3,8,51.5,0.0,broken,0
969,R2,5,8,51.5,0.0,broken,0
969,R3,7,8,51.5,0.0,broken,0
969,R4,9,8,51.5,100.0,idle,0
970,R0,1,8,51.45,0.0,broken,0
970,R1,3,8,51.45,0.0,broken,0
970,R2,5,8,51.45,0.0,broken,0
970,R3,7,8,51.45,0.0,broken,0
970,R4,9,8,51.45,100.0,idle,0
971,R0,1,8,51.4,0.0,broken,0
971,R1,3,8,51.4,0.0,broken,0
971,R2,5,8,51.4,0.0,broken,0
971,R3,7,8,51.4,0.0,broken,0
971,R4,9,8,51.4,100.0,idle,0
972,R0,1,8,51.35,0.0,broken,0
972,R1,3,8,51.35,0.0,broken,0
972,R2,5,8,51.35,0.0,broken,0
972,R3,7,8,51.35,0.0,broken,0
972,R4,9,8,51.35,100.0,idle,0
973,R0,1,8,51.3,0.0,broken,0
973,R1,3,8,51.3,0.0,broken,0
973,R2,5,8,51.3,0.0,broken,0
973,R3,7,8,51.3,0.0,broken,0
973,R4,9,8,51.3,100.0,idle,0
974,R0,1,8,51.25,0.0,broken,0
974,R1,3,8,51.25,0.0,broken,0
974,R2,5,8,51.25,0.0,broken,0
974,R3,7,8,51.25,0.0,broken,0
974,R4,9,8,51.25,100.0,idle,0
975,R0,1,8,51.2,0.0,broken,0
975,R1,3,8,51.2,0.0,broken,0
975,R2,5,8,51.2,0.0,broken,0
975,R3,7,8,51.2,0.0,broken,0
975,R4,9,8,51.2,100.0,idle,0
976,R0,1,8,51.15,0.0,broken,0
976,R1,3,8,51.15,0.0,broken,0
976,R2,5,8,51.15,0.0,broken,0
976,R3,7,8,51.15,0.0,broken,0
976,R4,9,8,51.15,100.0,idle,0
977,R0,1,8,51.1,0.0,broken,0
977,R1,3,8,51.1,0.0,broken,0
977,R2,5,8,51.1,0.0,broken,0
977,R3,7,8,51.1,0.0,broken,0
977,R4,9,8,51.1,100.0,idle,0
978,R0,1,8,51.05,0.0,broken,0
978,R1,3,8,51.05,0.0,broken,0
978,R2,5,8,51.05,0.0,broken,0
978,R3,7,8,51.05,0.0,broken,0
978,R4,9,8,51.05,100.0,idle,0
979,R0,1,8,51.0,0.0,broken,0
979,R1,3,8,51.0,0.0,broken,0
979,R2,5,8,51.0,0.0,broken,0
979,R3,7,8,51.0,0.0,broken,0
979,R4,9,8,51.0,100.0,idle,0
980,R0,1,8,50.95,0.0,broken,0
980,R1,3,8,50.95,0.0,broken,0
980,R2,5,8,50.95,0.0,broken,0
980,R3,7,8,50.95,0.0,broken,0
980,R4,9,8,50.95,100.0,idle,0
981,R0,1,8,50.9,0.0,broken,0
981,R1,3,8,50.9,0.0,broken,0
981,R2,5,8,50.9,0.0,broken,0
981,R3,7,8,50.9,0.0,broken,0
981,R4,9,8,50.9,100.0,idle,0
982,R0,1,8,50.85,0.0,broken,0
982,R1,3,8,50.85,0.0,broken,0
982,R2,5,8,50.85,0.0,broken,0
982,R3,7,8,50.85,0.0,broken,0
982,R4,9,8,50.85,100.0,idle,0
983,R0,1,8,50.8,0.0,broken,0
983,R1,3,8,50.8,0.0,broken,0
983,R2,5,8,50.8,0.0,broken,0
983,R3,7,8,50.8,0.0,broken,0
983,R4,9,8,50.8,100.0,idle,0
984,R0,1,8,50.75,0.0,broken,0
984,R1,3,8,50.75,0.0,broken,0
984,R2,5,8,50.75,0.0,broken,0
984,R3,7,8,50.75,0.0,broken,0
984,R4,9,8,50.75,100.0,idle,0
985,R0,1,8,50.7,0.0,broken,0
985,R1,3,8,50.7,0.0,broken,0
985,R2,5,8,50.7,0.0,broken,0
985,R3,7,8,50.7,0.0,broken,0
985,R4,9,8,50.7,100.0,idle,0
986,R0,1,8,50.65,0.0,broken,0
986,R1,3,8,50.65,0.0,broken,0
986,R2,5,8,50.65,0.0,broken,0
986,R3,7,8,50.65,0.0,broken,0
986,R4,9,8,50.65,100.0,idle,0
987,R0,1,8,50.6,0.0,broken,0
987,R1,3,8,50.6,0.0,broken,0
987,R2,5,8,50.6,0.0,broken,0
987,R3,7,8,50.6,0.0,broken,0
987,R4,9,8,50.6,100.0,idle,0
988,R0,1,8,50.55,0.0,broken,0
988,R1,3,8,50.55,0.0,broken,0
988,R2,5,8,50.55,0.0,broken,0
988,R3,7,8,50.55,0.0,broken,0
988,R4,9,8,50.55,100.0,idle,0
989,R0,1,8,50.5,0.0,broken,0
989,R1,3,8,50.5,0.0,broken,0
989,R2,5,8,50.5,0.0,broken,0
989,R3,7,8,50.5,0.0,broken,0
989,R4,9,8,50.5,100.0,idle,0
990,R0,1,8,50.45,0.0,broken,0
990,R1,3,8,50.45,0.0,broken,0
990,R2,5,8,50.45,0.0,broken,0
990,R3,7,8,50.45,0.0,broken,0
990,R4,9,8,50.45,100.0,idle,0
991,R0,1,8,50.4,0.0,broken,0
991,R1,3,8,50.4,0.0,broken,0
991,R2,5,8,50.4,0.0,broken,0
991,R3,7,8,50.4,0.0,broken,0
991,R4,9,8,50.4,100.0,idle,0
992,R0,1,8,50.35,0.0,broken,0
992,R1,3,8,50.35,0.0,broken,0
992,R2,5,8,50.35,0.0,broken,0
992,R3,7,8,50.35,0.0,broken,0
992,R4,9,8,50.35,100.0,idle,0
993,R0,1,8,50.3,0.0,broken,0
993,R1,3,8,50.3,0.0,broken,0
993,R2,5,8,50.3,0.0,broken,0
993,R3,7,8,50.3,0.0,broken,0
993,R4,9,8,50.3,100.0,idle,0
994,R0,1,8,50.25,0.0,broken,0
994,R1,3,8,50.25,0.0,broken,0
994,R2,5,8,50.25,0.0,broken,0
994,R3,7,8,50.25,0.0,broken,0
994,R4,9,8,50.25,100.0,idle,0
995,R0,1,8,50.2,0.0,broken,0
995,R1,3,8,50.2,0.0,broken,0
995,R2,5,8,50.2,0.0,broken,0
995,R3,7,8,50.2,0.0,broken,0
995,R4,9,8,50.2,100.0,idle,0
996,R0,1,8,50.15,0.0,broken,0
996,R1,3,8,50.15,0.0,broken,0
996,R2,5,8,50.15,0.0,broken,0
996,R3,7,8,50.15,0.0,broken,0
996,R4,9,8,50.15,100.0,idle,0
997,R0,1,8,50.1,0.0,broken,0
997,R1,3,8,50.1,0.0,broken,0
997,R2,5,8,50.1,0.0,broken,0
997,R3,7,8,50.1,0.0,broken,0
997,R4,9,8,50.1,100.0,idle,0
998,R0,1,8,50.05,0.0,broken,0
998,R1,3,8,50.05,0.0,broken,0
998,R2,5,8,50.05,0.0,broken,0
998,R3,7,8,50.05,0.0,broken,0
998,R4,9,8,50.05,100.0,idle,0
999,R0,1,8,50.0,0.0,broken,0
999,R1,3,8,50.0,0.0,broken,0
999,R2,5,8,50.0,0.0,broken,0
999,R3,7,8,50.0,0.0,broken,0
999,R4,9,8,50.0,100.0,idle,0
1000,R0,1,8,49.95,0.0,broken,0
1000,R1,3,8,49.95,0.0,broken,0
1000,R2,5,8,49.95,0.0,broken,0
1000,R3,7,8,49.95,0.0,broken,0
1000,R4,9,8,49.95,100.0,idle,0
1001,R0,1,8,49.9,0.0,broken,0
1001,R1,3,8,49.9,0.0,broken,0
1001,R2,5,8,49.9,0.0,broken,0
1001,R3,7,8,49.9,0.0,broken,0
1001,R4,9,8,49.9,100.0,idle,0
1002,R0,1,8,49.85,0.0,broken,0
1002,R1,3,8,49.85,0.0,broken,0
1002,R2,5,8,49.85,0.0,broken,0
1002,R3,7,8,49.85,0.0,broken,0
1002,R4,9,8,49.85,100.0,idle,0
1003,R0,1,8,49.8,0.0,broken,0
1003,R1,3,8,49.8,0.0,broken,0
1003,R2,5,8,49.8,0.0,broken,0
1003,R3,7,8,49.8,0.0,broken,0
1003,R4,9,8,49.8,100.0,idle,0
1004,R0,1,8,49.75,0.0,broken,0
1004,R1,3,8,49.75,0.0,broken,0
1004,R2,5,8,49.75,0.0,broken,0
1004,R3,7,8,49.75,0.0,broken,0
1004,R4,9,8,49.75,100.0,idle,0
1005,R0,1,8,49.7,0.0,broken,0
1005,R1,3,8,49.7,0.0,broken,0
1005,R2,5,8,49.7,0.0,broken,0
1005,R3,7,8,49.7,0.0,broken,0
1005,R4,9,8,49.7,100.0,idle,0
1006,R0,1,8,49.65,0.0,broken,0
1006,R1,3,8,49.65,0.0,broken,0
1006,R2,5,8,49.65,0.0,broken,0
1006,R3,7,8,49.65,0.0,broken,0
1006,R4,9,8,49.65,100.0,idle,0
1007,R0,1,8,49.6,0.0,broken,0
1007,R1,3,8,49.6,0.0,broken,0
1007,R2,5,8,49.6,0.0,broken,0
1007,R3,7,8,49.6,0.0,broken,0
1007,R4,9,8,49.6,100.0,idle,0
1008,R0,1,8,49.55,0.0,broken,0
1008,R1,3,8,49.55,0.0,broken,0
1008,R2,5,8,49.55,0.0,broken,0
1008,R3,7,8,49.55,0.0,broken,0
1008,R4,9,8,49.55,100.0,idle,0
1009,R0,1,8,49.5,0.0,broken,0
1009,R1,3,8,49.5,0.0,broken,0
1009,R2,5,8,49.5,0.0,broken,0
1009,R3,7,8,49.5,0.0,broken,0
1009,R4,9,8,49.5,100.0,idle,0
1010,R0,1,8,49.45,0.0,broken,0
1010,R1,3,8,49.45,0.0,broken,0
1010,R2,5,8,49.45,0.0,broken,0
1010,R3,7,8,49.45,0.0,broken,0
1010,R4,9,8,49.45,100.0,idle,0
1011,R0,1,8,49.4,0.0,broken,0
1011,R1,3,8,49.4,0.0,broken,0
1011,R2,5,8,49.4,0.0,broken,0
1011,R3,7,8,49.4,0.0,broken,0
1011,R4,9,8,49.4,100.0,idle,0
1012,R0,1,8,49.35,0.0,broken,0
1012,R1,3,8,49.35,0.0,broken,0
1012,R2,5,8,49.35,0.0,broken,0
1012,R3,7,8,49.35,0.0,broken,0
1012,R4,9,8,49.35,100.0,idle,0
1013,R0,1,8,49.3,0.0,broken,0
1013,R1,3,8,49.3,0.0,broken,0
1013,R2,5,8,49.3,0.0,broken,0
1013,R3,7,8,49.3,0.0,broken,0
1013,R4,9,8,49.3,100.0,idle,0
1014,R0,1,8,49.25,0.0,broken,0
1014,R1,3,8,49.25,0.0,broken,0
1014,R2,5,8,49.25,0.0,broken,0
1014,R3,7,8,49.25,0.0,broken,0
1014,R4,9,8,49.25,100.0,idle,0
1015,R0,1,8,49.2,0.0,broken,0
1015,R1,3,8,49.2,0.0,broken,0
1015,R2,5,8,49.2,0.0,broken,0
1015,R3,7,8,49.2,0.0,broken,0
1015,R4,9,8,49.2,100.0,idle,0
1016,R0,1,8,49.15,0.0,broken,0
1016,R1,3,8,49.15,0.0,broken,0
1016,R2,5,8,49.15,0.0,broken,0
1016,R3,7,8,49.15,0.0,broken,0
1016,R4,9,8,49.15,100.0,idle,0
1017,R0,1,8,49.1,0.0,broken,0
1017,R1,3,8,49.1,0.0,broken,0
1017,R2,5,8,49.1,0.0,broken,0
1017,R3,7,8,49.1,0.0,broken,0
1017,R4,9,8,49.1,100.0,idle,0
1018,R0,1,8,49.05,0.0,broken,0
1018,R1,3,8,49.05,0.0,broken,0
1018,R2,5,8,49.05,0.0,broken,0
1018,R3,7,8,49.05,0.0,broken,0
1018,R4,9,8,49.05,100.0,idle,0
1019,R0,1,8,49.0,0.0,broken,0
1019,R1,3,8,49.0,0.0,broken,0
1019,R2,5,8,49.0,0.0,broken,0
1019,R3,7,8,49.0,0.0,broken,0
1019,R4,9,8,49.0,100.0,idle,0
1020,R0,1,8,48.95,0.0,broken,0
1020,R1,3,8,48.95,0.0,broken,0
1020,R2,5,8,48.95,0.0,broken,0
1020,R3,7,8,48.95,0.0,broken,0
1020,R4,9,8,48.95,100.0,idle,0
1021,R0,1,8,48.9,0.0,broken,0
1021,R1,3,8,48.9,0.0,broken,0
1021,R2,5,8,48.9,0.0,broken,0
1021,R3,7,8,48.9,0.0,broken,0
1021,R4,9,8,48.9,100.0,idle,0
1022,R0,1,8,48.85,0.0,broken,0
1022,R1,3,8,48.85,0.0,broken,0
1022,R2,5,8,48.85,0.0,broken,0
1022,R3,7,8,48.85,0.0,broken,0
1022,R4,9,8,48.85,100.0,idle,0
1023,R0,1,8,48.8,0.0,broken,0
1023,R1,3,8,48.8,0.0,broken,0
1023,R2,5,8,48.8,0.0,broken,0
1023,R3,7,8,48.8,0.0,broken,0
1023,R4,9,8,48.8,100.0,idle,0
1024,R0,1,8,48.75,0.0,broken,0
1024,R1,3,8,48.75,0.0,broken,0
1024,R2,5,8,48.75,0.0,broken,0
1024,R3,7,8,48.75,0.0,broken,0
1024,R4,9,8,48.75,100.0,idle,0
1025,R0,1,8,48.7,0.0,broken,0
1025,R1,3,8,48.7,0.0,broken,0
1025,R2,5,8,48.7,0.0,broken,0
1025,R3,7,8,48.7,0.0,broken,0
1025,R4,9,8,48.7,100.0,idle,0
1026,R0,1,8,48.65,0.0,broken,0
1026,R1,3,8,48.65,0.0,broken,0
1026,R2,5,8,48.65,0.0,broken,0
1026,R3,7,8,48.65,0.0,broken,0
1026,R4,9,8,48.65,100.0,idle,0
1027,R0,1,8,48.6,0.0,broken,0
1027,R1,3,8,48.6,0.0,broken,0
1027,R2,5,8,48.6,0.0,broken,0
1027,R3,7,8,48.6,0.0,broken,0
1027,R4,9,8,48.6,100.0,idle,0
1028,R0,1,8,48.55,0.0,broken,0
1028,R1,3,8,48.55,0.0,broken,0
1028,R2,5,8,48.55,0.0,broken,0
1028,R3,7,8,48.55,0.0,broken,0
1028,R4,9,8,48.55,100.0,idle,0
1029,R0,1,8,48.5,0.0,broken,0
1029,R1,3,8,48.5,0.0,broken,0
1029,R2,5,8,48.5,0.0,broken,0
1029,R3,7,8,48.5,0.0,broken,0
1029,R4,9,8,48.5,100.0,idle,0
1030,R0,1,8,48.45,0.0,broken,0
1030,R1,3,8,48.45,0.0,broken,0
1030,R2,5,8,48.45,0.0,broken,0
1030,R3,7,8,48.45,0.0,broken,0
1030,R4,9,8,48.45,100.0,idle,0
1031,R0,1,8,48.4,0.0,broken,0
1031,R1,3,8,48.4,0.0,broken,0
1031,R2,5,8,48.4,0.0,broken,0
1031,R3,7,8,48.4,0.0,broken,0
1031,R4,9,8,48.4,100.0,idle,0
1032,R0,1,8,48.35,0.0,broken,0
1032,R1,3,8,48.35,0.0,broken,0
1032,R2,5,8,48.35,0.0,broken,0
1032,R3,7,8,48.35,0.0,broken,0
1032,R4,9,8,48.35,100.0,idle,0
1033,R0,1,8,48.3,0.0,broken,0
1033,R1,3,8,48.3,0.0,broken,0
1033,R2,5,8,48.3,0.0,broken,0
1033,R3,7,8,48.3,0.0,broken,0
1033,R4,9,8,48.3,100.0,idle,0
1034,R0,1,8,48.25,0.0,broken,0
1034,R1,3,8,48.25,0.0,broken,0
1034,R2,5,8,48.25,0.0,broken,0
1034,R3,7,8,48.25,0.0,broken,0
1034,R4,9,8,48.25,100.0,idle,0
1035,R0,1,8,48.2,0.0,broken,0
1035,R1,3,8,48.2,0.0,broken,0
1035,R2,5,8,48.2,0.0,broken,0
1035,R3,7,8,48.2,0.0,broken,0
1035,R4,9,8,48.2,100.0,idle,0
1036,R0,1,8,48.15,0.0,broken,0
1036,R1,3,8,48.15,0.0,broken,0
1036,R2,5,8,48.15,0.0,broken,0
1036,R3,7,8,48.15,0.0,broken,0
1036,R4,9,8,48.15,100.0,idle,0
1037,R0,1,8,48.1,0.0,broken,0
1037,R1,3,8,48.1,0.0,broken,0
1037,R2,5,8,48.1,0.0,broken,0
1037,R3,7,8,48.1,0.0,broken,0
1037,R4,9,8,48.1,100.0,idle,0
1038,R0,1,8,48.05,0.0,broken,0
1038,R1,3,8,48.05,0.0,broken,0
1038,R2,5,8,48.05,0.0,broken,0
1038,R3,7,8,48.05,0.0,broken,0
1038,R4,9,8,48.05,100.0,idle,0
1039,R0,1,8,48.0,0.0,broken,0
1039,R1,3,8,48.0,0.0,broken,0
1039,R2,5,8,48.0,0.0,broken,0
1039,R3,7,8,48.0,0.0,broken,0
1039,R4,9,8,48.0,100.0,idle,0
1040,R0,1,8,47.95,0.0,broken,0
1040,R1,3,8,47.95,0.0,broken,0
1040,R2,5,8,47.95,0.0,broken,0
1040,R3,7,8,47.95,0.0,broken,0
1040,R4,9,8,47.95,100.0,idle,0
1041,R0,1,8,47.9,0.0,broken,0
1041,R1,3,8,47.9,0.0,broken,0
1041,R2,5,8,47.9,0.0,broken,0
1041,R3,7,8,47.9,0.0,broken,0
1041,R4,9,8,47.9,100.0,idle,0
1042,R0,1,8,47.85,0.0,broken,0
1042,R1,3,8,47.85,0.0,broken,0
1042,R2,5,8,47.85,0.0,broken,0
1042,R3,7,8,47.85,0.0,broken,0
1042,R4,9,8,47.85,100.0,idle,0
1043,R0,1,8,47.8,0.0,broken,0
1043,R1,3,8,47.8,0.0,broken,0
1043,R2,5,8,47.8,0.0,broken,0
1043,R3,7,8,47.8,0.0,broken,0
1043,R4,9,8,47.8,100.0,idle,0
1044,R0,1,8,47.75,0.0,broken,0
1044,R1,3,8,47.75,0.0,broken,0
1044,R2,5,8,47.75,0.0,broken,0
1044,R3,7,8,47.75,0.0,broken,0
1044,R4,9,8,47.75,100.0,idle,0
1045,R0,1,8,47.7,0.0,broken,0
1045,R1,3,8,47.7,0.0,broken,0
1045,R2,5,8,47.7,0.0,broken,0
1045,R3,7,8,47.7,0.0,broken,0
1045,R4,9,8,47.7,100.0,idle,0
1046,R0,1,8,47.65,0.0,broken,0
1046,R1,3,8,47.65,0.0,broken,0
1046,R2,5,8,47.65,0.0,broken,0
1046,R3,7,8,47.65,0.0,broken,0
1046,R4,9,8,47.65,100.0,idle,0
1047,R0,1,8,47.6,0.0,broken,0
1047,R1,3,8,47.6,0.0,broken,0
1047,R2,5,8,47.6,0.0,broken,0
1047,R3,7,8,47.6,0.0,broken,0
1047,R4,9,8,47.6,100.0,idle,0
1048,R0,1,8,47.55,0.0,broken,0
1048,R1,3,8,47.55,0.0,broken,0
1048,R2,5,8,47.55,0.0,broken,0
1048,R3,7,8,47.55,0.0,broken,0
1048,R4,9,8,47.55,100.0,idle,0
1049,R0,1,8,47.5,0.0,broken,0
1049,R1,3,8,47.5,0.0,broken,0
1049,R2,5,8,47.5,0.0,broken,0
1049,R3,7,8,47.5,0.0,broken,0
1049,R4,9,8,47.5,100.0,idle,0
1050,R0,1,8,47.45,0.0,broken,0
1050,R1,3,8,47.45,0.0,broken,0
1050,R2,5,8,47.45,0.0,broken,0
1050,R3,7,8,47.45,0.0,broken,0
1050,R4,9,8,47.45,100.0,idle,0
1051,R0,1,8,47.4,0.0,broken,0
1051,R1,3,8,47.4,0.0,broken,0
1051,R2,5,8,47.4,0.0,broken,0
1051,R3,7,8,47.4,0.0,broken,0
1051,R4,9,8,47.4,100.0,idle,0
1052,R0,1,8,47.35,0.0,broken,0
1052,R1,3,8,47.35,0.0,broken,0
1052,R2,5,8,47.35,0.0,broken,0
1052,R3,7,8,47.35,0.0,broken,0
1052,R4,9,8,47.35,100.0,idle,0
1053,R0,1,8,47.3,0.0,broken,0
1053,R1,3,8,47.3,0.0,broken,0
1053,R2,5,8,47.3,0.0,broken,0
1053,R3,7,8,47.3,0.0,broken,0
1053,R4,9,8,47.3,100.0,idle,0
1054,R0,1,8,47.25,0.0,broken,0
1054,R1,3,8,47.25,0.0,broken,0
1054,R2,5,8,47.25,0.0,broken,0
1054,R3,7,8,47.25,0.0,broken,0
1054,R4,9,8,47.25,100.0,idle,0
1055,R0,1,8,47.2,0.0,broken,0
1055,R1,3,8,47.2,0.0,broken,0
1055,R2,5,8,47.2,0.0,broken,0
1055,R3,7,8,47.2,0.0,broken,0
1055,R4,9,8,47.2,100.0,idle,0
1056,R0,1,8,47.15,0.0,broken,0
1056,R1,3,8,47.15,0.0,broken,0
1056,R2,5,8,47.15,0.0,broken,0
1056,R3,7,8,47.15,0.0,broken,0
1056,R4,9,8,47.15,100.0,idle,0
1057,R0,1,8,47.1,0.0,broken,0
1057,R1,3,8,47.1,0.0,broken,0
1057,R2,5,8,47.1,0.0,broken,0
1057,R3,7,8,47.1,0.0,broken,0
1057,R4,9,8,47.1,100.0,idle,0
1058,R0,1,8,47.05,0.0,broken,0
1058,R1,3,8,47.05,0.0,broken,0
1058,R2,5,8,47.05,0.0,broken,0
1058,R3,7,8,47.05,0.0,broken,0
1058,R4,9,8,47.05,100.0,idle,0
1059,R0,1,8,47.0,0.0,broken,0
1059,R1,3,8,47.0,0.0,broken,0
1059,R2,5,8,47.0,0.0,broken,0
1059,R3,7,8,47.0,0.0,broken,0
1059,R4,9,8,47.0,100.0,idle,0
1060,R0,1,8,46.95,0.0,broken,0
1060,R1,3,8,46.95,0.0,broken,0
1060,R2,5,8,46.95,0.0,broken,0
1060,R3,7,8,46.95,0.0,broken,0
1060,R4,9,8,46.95,100.0,idle,0
1061,R0,1,8,46.9,0.0,broken,0
1061,R1,3,8,46.9,0.0,broken,0
1061,R2,5,8,46.9,0.0,broken,0
1061,R3,7,8,46.9,0.0,broken,0
1061,R4,9,8,46.9,100.0,idle,0
1062,R0,1,8,46.85,0.0,broken,0
1062,R1,3,8,46.85,0.0,broken,0
1062,R2,5,8,46.85,0.0,broken,0
1062,R3,7,8,46.85,0.0,broken,0
1062,R4,9,8,46.85,100.0,idle,0
1063,R0,1,8,46.8,0.0,broken,0
1063,R1,3,8,46.8,0.0,broken,0
1063,R2,5,8,46.8,0.0,broken,0
1063,R3,7,8,46.8,0.0,broken,0
1063,R4,9,8,46.8,100.0,idle,0
1064,R0,1,8,46.75,0.0,broken,0
1064,R1,3,8,46.75,0.0,broken,0
1064,R2,5,8,46.75,0.0,broken,0
1064,R3,7,8,46.75,0.0,broken,0
1064,R4,9,8,46.75,100.0,idle,0
1065,R0,1,8,46.7,0.0,broken,0
1065,R1,3,8,46.7,0.0,broken,0
1065,R2,5,8,46.7,0.0,broken,0
1065,R3,7,8,46.7,0.0,broken,0
1065,R4,9,8,46.7,100.0,idle,0
1066,R0,1,8,46.65,0.0,broken,0
1066,R1,3,8,46.65,0.0,broken,0
1066,R2,5,8,46.65,0.0,broken,0
1066,R3,7,8,46.65,0.0,broken,0
1066,R4,9,8,46.65,100.0,idle,0
1067,R0,1,8,46.6,0.0,broken,0
1067,R1,3,8,46.6,0.0,broken,0
1067,R2,5,8,46.6,0.0,broken,0
1067,R3,7,8,46.6,0.0,broken,0
1067,R4,9,8,46.6,100.0,idle,0
1068,R0,1,8,46.55,0.0,broken,0
1068,R1,3,8,46.55,0.0,broken,0
1068,R2,5,8,46.55,0.0,broken,0
1068,R3,7,8,46.55,0.0,broken,0
1068,R4,9,8,46.55,100.0,idle,0
1069,R0,1,8,46.5,0.0,broken,0
1069,R1,3,8,46.5,0.0,broken,0
1069,R2,5,8,46.5,0.0,broken,0
1069,R3,7,8,46.5,0.0,broken,0
1069,R4,9,8,46.5,100.0,idle,0
1070,R0,1,8,46.45,0.0,broken,0
1070,R1,3,8,46.45,0.0,broken,0
1070,R2,5,8,46.45,0.0,broken,0
1070,R3,7,8,46.45,0.0,broken,0
1070,R4,9,8,46.45,100.0,idle,0
1071,R0,1,8,46.4,0.0,broken,0
1071,R1,3,8,46.4,0.0,broken,0
1071,R2,5,8,46.4,0.0,broken,0
1071,R3,7,8,46.4,0.0,broken,0
1071,R4,9,8,46.4,100.0,idle,0
1072,R0,1,8,46.35,0.0,broken,0
1072,R1,3,8,46.35,0.0,broken,0
1072,R2,5,8,46.35,0.0,broken,0
1072,R3,7,8,46.35,0.0,broken,0
1072,R4,9,8,46.35,100.0,idle,0
1073,R0,1,8,46.3,0.0,broken,0
1073,R1,3,8,46.3,0.0,broken,0
1073,R2,5,8,46.3,0.0,broken,0
1073,R3,7,8,46.3,0.0,broken,0
1073,R4,9,8,46.3,100.0,idle,0
1074,R0,1,8,46.25,0.0,broken,0
1074,R1,3,8,46.25,0.0,broken,0
1074,R2,5,8,46.25,0.0,broken,0
1074,R3,7,8,46.25,0.0,broken,0
1074,R4,9,8,46.25,100.0,idle,0
1075,R0,1,8,46.2,0.0,broken,0
1075,R1,3,8,46.2,0.0,broken,0
1075,R2,5,8,46.2,0.0,broken,0
1075,R3,7,8,46.2,0.0,broken,0
1075,R4,9,8,46.2,100.0,idle,0
1076,R0,1,8,46.15,0.0,broken,0
1076,R1,3,8,46.15,0.0,broken,0
1076,R2,5,8,46.15,0.0,broken,0
1076,R3,7,8,46.15,0.0,broken,0
1076,R4,9,8,46.15,100.0,idle,0
1077,R0,1,8,46.1,0.0,broken,0
1077,R1,3,8,46.1,0.0,broken,0
1077,R2,5,8,46.1,0.0,broken,0
1077,R3,7,8,46.1,0.0,broken,0
1077,R4,9,8,46.1,100.0,idle,0
1078,R0,1,8,46.05,0.0,broken,0
1078,R1,3,8,46.05,0.0,broken,0
1078,R2,5,8,46.05,0.0,broken,0
1078,R3,7,8,46.05,0.0,broken,0
1078,R4,9,8,46.05,100.0,idle,0
1079,R0,1,8,46.0,0.0,broken,0
1079,R1,3,8,46.0,0.0,broken,0
1079,R2,5,8,46.0,0.0,broken,0
1079,R3,7,8,46.0,0.0,broken,0
1079,R4,9,8,46.0,100.0,idle,0
1080,R0,1,8,45.95,0.0,broken,0
1080,R1,3,8,45.95,0.0,broken,0
1080,R2,5,8,45.95,0.0,broken,0
1080,R3,7,8,45.95,0.0,broken,0
1080,R4,9,8,45.95,100.0,idle,0
1081,R0,1,8,45.9,0.0,broken,0
1081,R1,3,8,45.9,0.0,broken,0
1081,R2,5,8,45.9,0.0,broken,0
1081,R3,7,8,45.9,0.0,broken,0
1081,R4,9,8,45.9,100.0,idle,0
1082,R0,1,8,45.85,0.0,broken,0
1082,R1,3,8,45.85,0.0,broken,0
1082,R2,5,8,45.85,0.0,broken,0
1082,R3,7,8,45.85,0.0,broken,0
1082,R4,9,8,45.85,100.0,idle,0
1083,R0,1,8,45.8,0.0,broken,0
1083,R1,3,8,45.8,0.0,broken,0
1083,R2,5,8,45.8,0.0,broken,0
1083,R3,7,8,45.8,0.0,broken,0
1083,R4,9,8,45.8,100.0,idle,0
1084,R0,1,8,45.75,0.0,broken,0
1084,R1,3,8,45.75,0.0,broken,0
1084,R2,5,8,45.75,0.0,broken,0
1084,R3,7,8,45.75,0.0,broken,0
1084,R4,9,8,45.75,100.0,idle,0
1085,R0,1,8,45.7,0.0,broken,0
1085,R1,3,8,45.7,0.0,broken,0
1085,R2,5,8,45.7,0.0,broken,0
1085,R3,7,8,45.7,0.0,broken,0
1085,R4,9,8,45.7,100.0,idle,0
1086,R0,1,8,45.65,0.0,broken,0
1086,R1,3,8,45.65,0.0,broken,0
1086,R2,5,8,45.65,0.0,broken,0
1086,R3,7,8,45.65,0.0,broken,0
1086,R4,9,8,45.65,100.0,idle,0
1087,R0,1,8,45.6,0.0,broken,0
1087,R1,3,8,45.6,0.0,broken,0
1087,R2,5,8,45.6,0.0,broken,0
1087,R3,7,8,45.6,0.0,broken,0
1087,R4,9,8,45.6,100.0,idle,0
1088,R0,1,8,45.55,0.0,broken,0
1088,R1,3,8,45.55,0.0,broken,0
1088,R2,5,8,45.55,0.0,broken,0
1088,R3,7,8,45.55,0.0,broken,0
1088,R4,9,8,45.55,100.0,idle,0
1089,R0,1,8,45.5,0.0,broken,0
1089,R1,3,8,45.5,0.0,broken,0
1089,R2,5,8,45.5,0.0,broken,0
1089,R3,7,8,45.5,0.0,broken,0
1089,R4,9,8,45.5,100.0,idle,0
1090,R0,1,8,45.45,0.0,broken,0
1090,R1,3,8,45.45,0.0,broken,0
1090,R2,5,8,45.45,0.0,broken,0
1090,R3,7,8,45.45,0.0,broken,0
1090,R4,9,8,45.45,100.0,idle,0
1091,R0,1,8,45.4,0.0,broken,0
1091,R1,3,8,45.4,0.0,broken,0
1091,R2,5,8,45.4,0.0,broken,0
1091,R3,7,8,45.4,0.0,broken,0
1091,R4,9,8,45.4,100.0,idle,0
1092,R0,1,8,45.35,0.0,broken,0
1092,R1,3,8,45.35,0.0,broken,0
1092,R2,5,8,45.35,0.0,broken,0
1092,R3,7,8,45.35,0.0,broken,0
1092,R4,9,8,45.35,100.0,idle,0
1093,R0,1,8,45.3,0.0,broken,0
1093,R1,3,8,45.3,0.0,broken,0
1093,R2,5,8,45.3,0.0,broken,0
1093,R3,7,8,45.3,0.0,broken,0
1093,R4,9,8,45.3,100.0,idle,0
1094,R0,1,8,45.25,0.0,broken,0
1094,R1,3,8,45.25,0.0,broken,0
1094,R2,5,8,45.25,0.0,broken,0
1094,R3,7,8,45.25,0.0,broken,0
1094,R4,9,8,45.25,100.0,idle,0
1095,R0,1,8,45.2,0.0,broken,0
1095,R1,3,8,45.2,0.0,broken,0
1095,R2,5,8,45.2,0.0,broken,0
1095,R3,7,8,45.2,0.0,broken,0
1095,R4,9,8,45.2,100.0,idle,0
1096,R0,1,8,45.15,0.0,broken,0
1096,R1,3,8,45.15,0.0,broken,0
1096,R2,5,8,45.15,0.0,broken,0
1096,R3,7,8,45.15,0.0,broken,0
1096,R4,9,8,45.15,100.0,idle,0
1097,R0,1,8,45.1,0.0,broken,0
1097,R1,3,8,45.1,0.0,broken,0
1097,R2,5,8,45.1,0.0,broken,0
1097,R3,7,8,45.1,0.0,broken,0
1097,R4,9,8,45.1,100.0,idle,0
1098,R0,1,8,45.05,0.0,broken,0
1098,R1,3,8,45.05,0.0,broken,0
1098,R2,5,8,45.05,0.0,broken,0
1098,R3,7,8,45.05,0.0,broken,0
1098,R4,9,8,45.05,100.0,idle,0
1099,R0,1,8,45.0,0.0,broken,0
1099,R1,3,8,45.0,0.0,broken,0
1099,R2,5,8,45.0,0.0,broken,0
1099,R3,7,8,45.0,0.0,broken,0
1099,R4,9,8,45.0,100.0,idle,0
1100,R0,1,8,44.95,0.0,broken,0
1100,R1,3,8,44.95,0.0,broken,0
1100,R2,5,8,44.95,0.0,broken,0
1100,R3,7,8,44.95,0.0,broken,0
1100,R4,9,8,44.95,100.0,idle,0
1101,R0,1,8,44.9,0.0,broken,0
1101,R1,3,8,44.9,0.0,broken,0
1101,R2,5,8,44.9,0.0,broken,0
1101,R3,7,8,44.9,0.0,broken,0
1101,R4,9,8,44.9,100.0,idle,0
1102,R0,1,8,44.85,0.0,broken,0
1102,R1,3,8,44.85,0.0,broken,0
1102,R2,5,8,44.85,0.0,broken,0
1102,R3,7,8,44.85,0.0,broken,0
1102,R4,9,8,44.85,100.0,idle,0
1103,R0,1,8,44.8,0.0,broken,0
1103,R1,3,8,44.8,0.0,broken,0
1103,R2,5,8,44.8,0.0,broken,0
1103,R3,7,8,44.8,0.0,broken,0
1103,R4,9,8,44.8,100.0,idle,0
1104,R0,1,8,44.75,0.0,broken,0
1104,R1,3,8,44.75,0.0,broken,0
1104,R2,5,8,44.75,0.0,broken,0
1104,R3,7,8,44.75,0.0,broken,0
1104,R4,9,8,44.75,100.0,idle,0
1105,R0,1,8,44.7,0.0,broken,0
1105,R1,3,8,44.7,0.0,broken,0
1105,R2,5,8,44.7,0.0,broken,0
1105,R3,7,8,44.7,0.0,broken,0
1105,R4,9,8,44.7,100.0,idle,0
1106,R0,1,8,44.65,0.0,broken,0
1106,R1,3,8,44.65,0.0,broken,0
1106,R2,5,8,44.65,0.0,broken,0
1106,R3,7,8,44.65,0.0,broken,0
1106,R4,9,8,44.65,100.0,idle,0
1107,R0,1,8,44.6,0.0,broken,0
1107,R1,3,8,44.6,0.0,broken,0
1107,R2,5,8,44.6,0.0,broken,0
1107,R3,7,8,44.6,0.0,broken,0
1107,R4,9,8,44.6,100.0,idle,0
1108,R0,1,8,44.55,0.0,broken,0
1108,R1,3,8,44.55,0.0,broken,0
1108,R2,5,8,44.55,0.0,broken,0
1108,R3,7,8,44.55,0.0,broken,0
1108,R4,9,8,44.55,100.0,idle,0
1109,R0,1,8,44.5,0.0,broken,0
1109,R1,3,8,44.5,0.0,broken,0
1109,R2,5,8,44.5,0.0,broken,0
1109,R3,7,8,44.5,0.0,broken,0
1109,R4,9,8,44.5,100.0,idle,0
1110,R0,1,8,44.45,0.0,broken,0
1110,R1,3,8,44.45,0.0,broken,0
1110,R2,5,8,44.45,0.0,broken,0
1110,R3,7,8,44.45,0.0,broken,0
1110,R4,9,8,44.45,100.0,idle,0
1111,R0,1,8,44.4,0.0,broken,0
1111,R1,3,8,44.4,0.0,broken,0
1111,R2,5,8,44.4,0.0,broken,0
1111,R3,7,8,44.4,0.0,broken,0
1111,R4,9,8,44.4,100.0,idle,0
1112,R0,1,8,44.35,0.0,broken,0
1112,R1,3,8,44.35,0.0,broken,0
1112,R2,5,8,44.35,0.0,broken,0
1112,R3,7,8,44.35,0.0,broken,0
1112,R4,9,8,44.35,100.0,idle,0
1113,R0,1,8,44.3,0.0,broken,0
1113,R1,3,8,44.3,0.0,broken,0
1113,R2,5,8,44.3,0.0,broken,0
1113,R3,7,8,44.3,0.0,broken,0
1113,R4,9,8,44.3,100.0,idle,0
1114,R0,1,8,44.25,0.0,broken,0
1114,R1,3,8,44.25,0.0,broken,0
1114,R2,5,8,44.25,0.0,broken,0
1114,R3,7,8,44.25,0.0,broken,0
1114,R4,9,8,44.25,100.0,idle,0
1115,R0,1,8,44.2,0.0,broken,0
1115,R1,3,8,44.2,0.0,broken,0
1115,R2,5,8,44.2,0.0,broken,0
1115,R3,7,8,44.2,0.0,broken,0
1115,R4,9,8,44.2,100.0,idle,0
1116,R0,1,8,44.15,0.0,broken,0
1116,R1,3,8,44.15,0.0,broken,0
1116,R2,5,8,44.15,0.0,broken,0
1116,R3,7,8,44.15,0.0,broken,0
1116,R4,9,8,44.15,100.0,idle,0
1117,R0,1,8,44.1,0.0,broken,0
1117,R1,3,8,44.1,0.0,broken,0
1117,R2,5,8,44.1,0.0,broken,0
1117,R3,7,8,44.1,0.0,broken,0
1117,R4,9,8,44.1,100.0,idle,0
1118,R0,1,8,44.05,0.0,broken,0
1118,R1,3,8,44.05,0.0,broken,0
1118,R2,5,8,44.05,0.0,broken,0
1118,R3,7,8,44.05,0.0,broken,0
1118,R4,9,8,44.05,100.0,idle,0
1119,R0,1,8,44.0,0.0,broken,0
1119,R1,3,8,44.0,0.0,broken,0
1119,R2,5,8,44.0,0.0,broken,0
1119,R3,7,8,44.0,0.0,broken,0
1119,R4,9,8,44.0,100.0,idle,0
1120,R0,1,8,43.95,0.0,broken,0
1120,R1,3,8,43.95,0.0,broken,0
1120,R2,5,8,43.95,0.0,broken,0
1120,R3,7,8,43.95,0.0,broken,0
1120,R4,9,8,43.95,100.0,idle,0
1121,R0,1,8,43.9,0.0,broken,0
1121,R1,3,8,43.9,0.0,broken,0
1121,R2,5,8,43.9,0.0,broken,0
1121,R3,7,8,43.9,0.0,broken,0
1121,R4,9,8,43.9,100.0,idle,0
1122,R0,1,8,43.85,0.0,broken,0
1122,R1,3,8,43.85,0.0,broken,0
1122,R2,5,8,43.85,0.0,broken,0
1122,R3,7,8,43.85,0.0,broken,0
1122,R4,9,8,43.85,100.0,idle,0
1123,R0,1,8,43.8,0.0,broken,0
1123,R1,3,8,43.8,0.0,broken,0
1123,R2,5,8,43.8,0.0,broken,0
1123,R3,7,8,43.8,0.0,broken,0
1123,R4,9,8,43.8,100.0,idle,0
1124,R0,1,8,43.75,0.0,broken,0
1124,R1,3,8,43.75,0.0,broken,0
1124,R2,5,8,43.75,0.0,broken,0
1124,R3,7,8,43.75,0.0,broken,0
1124,R4,9,8,43.75,100.0,idle,0
1125,R0,1,8,43.7,0.0,broken,0
1125,R1,3,8,43.7,0.0,broken,0
1125,R2,5,8,43.7,0.0,broken,0
1125,R3,7,8,43.7,0.0,broken,0
1125,R4,9,8,43.7,100.0,idle,0
1126,R0,1,8,43.65,0.0,broken,0
1126,R1,3,8,43.65,0.0,broken,0
1126,R2,5,8,43.65,0.0,broken,0
1126,R3,7,8,43.65,0.0,broken,0
1126,R4,9,8,43.65,100.0,idle,0
1127,R0,1,8,43.6,0.0,broken,0
1127,R1,3,8,43.6,0.0,broken,0
1127,R2,5,8,43.6,0.0,broken,0
1127,R3,7,8,43.6,0.0,broken,0
1127,R4,9,8,43.6,100.0,idle,0
1128,R0,1,8,43.55,0.0,broken,0
1128,R1,3,8,43.55,0.0,broken,0
1128,R2,5,8,43.55,0.0,broken,0
1128,R3,7,8,43.55,0.0,broken,0
1128,R4,9,8,43.55,100.0,idle,0
1129,R0,1,8,43.5,0.0,broken,0
1129,R1,3,8,43.5,0.0,broken,0
1129,R2,5,8,43.5,0.0,broken,0
1129,R3,7,8,43.5,0.0,broken,0
1129,R4,9,8,43.5,100.0,idle,0
1130,R0,1,8,43.45,0.0,broken,0
1130,R1,3,8,43.45,0.0,broken,0
1130,R2,5,8,43.45,0.0,broken,0
1130,R3,7,8,43.45,0.0,broken,0
1130,R4,9,8,43.45,100.0,idle,0
1131,R0,1,8,43.4,0.0,broken,0
1131,R1,3,8,43.4,0.0,broken,0
1131,R2,5,8,43.4,0.0,broken,0
1131,R3,7,8,43.4,0.0,broken,0
1131,R4,9,8,43.4,100.0,idle,0
1132,R0,1,8,43.35,0.0,broken,0
1132,R1,3,8,43.35,0.0,broken,0
1132,R2,5,8,43.35,0.0,broken,0
1132,R3,7,8,43.35,0.0,broken,0
1132,R4,9,8,43.35,100.0,idle,0
1133,R0,1,8,43.3,0.0,broken,0
1133,R1,3,8,43.3,0.0,broken,0
1133,R2,5,8,43.3,0.0,broken,0
1133,R3,7,8,43.3,0.0,broken,0
1133,R4,9,8,43.3,100.0,idle,0
1134,R0,1,8,43.25,0.0,broken,0
1134,R1,3,8,43.25,0.0,broken,0
1134,R2,5,8,43.25,0.0,broken,0
1134,R3,7,8,43.25,0.0,broken,0
1134,R4,9,8,43.25,100.0,idle,0
1135,R0,1,8,43.2,0.0,broken,0
1135,R1,3,8,43.2,0.0,broken,0
1135,R2,5,8,43.2,0.0,broken,0
1135,R3,7,8,43.2,0.0,broken,0
1135,R4,9,8,43.2,100.0,idle,0
1136,R0,1,8,43.15,0.0,broken,0
1136,R1,3,8,43.15,0.0,broken,0
1136,R2,5,8,43.15,0.0,broken,0
1136,R3,7,8,43.15,0.0,broken,0
1136,R4,9,8,43.15,100.0,idle,0
1137,R0,1,8,43.1,0.0,broken,0
1137,R1,3,8,43.1,0.0,broken,0
1137,R2,5,8,43.1,0.0,broken,0
1137,R3,7,8,43.1,0.0,broken,0
1137,R4,9,8,43.1,100.0,idle,0
1138,R0,1,8,43.05,0.0,broken,0
1138,R1,3,8,43.05,0.0,broken,0
1138,R2,5,8,43.05,0.0,broken,0
1138,R3,7,8,43.05,0.0,broken,0
1138,R4,9,8,43.05,100.0,idle,0
1139,R0,1,8,43.0,0.0,broken,0
1139,R1,3,8,43.0,0.0,broken,0
1139,R2,5,8,43.0,0.0,broken,0
1139,R3,7,8,43.0,0.0,broken,0
1139,R4,9,8,43.0,100.0,idle,0
1140,R0,1,8,42.95,0.0,broken,0
1140,R1,3,8,42.95,0.0,broken,0
1140,R2,5,8,42.95,0.0,broken,0
1140,R3,7,8,42.95,0.0,broken,0
1140,R4,9,8,42.95,100.0,idle,0
1141,R0,1,8,42.9,0.0,broken,0
1141,R1,3,8,42.9,0.0,broken,0
1141,R2,5,8,42.9,0.0,broken,0
1141,R3,7,8,42.9,0.0,broken,0
1141,R4,9,8,42.9,100.0,idle,0
1142,R0,1,8,42.85,0.0,broken,0
1142,R1,3,8,42.85,0.0,broken,0
1142,R2,5,8,42.85,0.0,broken,0
1142,R3,7,8,42.85,0.0,broken,0
1142,R4,9,8,42.85,100.0,idle,0
1143,R0,1,8,42.8,0.0,broken,0
1143,R1,3,8,42.8,0.0,broken,0
1143,R2,5,8,42.8,0.0,broken,0
1143,R3,7,8,42.8,0.0,broken,0
1143,R4,9,8,42.8,100.0,idle,0
1144,R0,1,8,42.75,0.0,broken,0
1144,R1,3,8,42.75,0.0,broken,0
1144,R2,5,8,42.75,0.0,broken,0
1144,R3,7,8,42.75,0.0,broken,0
1144,R4,9,8,42.75,100.0,idle,0
1145,R0,1,8,42.7,0.0,broken,0
1145,R1,3,8,42.7,0.0,broken,0
1145,R2,5,8,42.7,0.0,broken,0
1145,R3,7,8,42.7,0.0,broken,0
1145,R4,9,8,42.7,100.0,idle,0
1146,R0,1,8,42.65,0.0,broken,0
1146,R1,3,8,42.65,0.0,broken,0
1146,R2,5,8,42.65,0.0,broken,0
1146,R3,7,8,42.65,0.0,broken,0
1146,R4,9,8,42.65,100.0,idle,0
1147,R0,1,8,42.6,0.0,broken,0
1147,R1,3,8,42.6,0.0,broken,0
1147,R2,5,8,42.6,0.0,broken,0
1147,R3,7,8,42.6,0.0,broken,0
1147,R4,9,8,42.6,100.0,idle,0
1148,R0,1,8,42.55,0.0,broken,0
1148,R1,3,8,42.55,0.0,broken,0
1148,R2,5,8,42.55,0.0,broken,0
1148,R3,7,8,42.55,0.0,broken,0
1148,R4,9,8,42.55,100.0,idle,0
1149,R0,1,8,42.5,0.0,broken,0
1149,R1,3,8,42.5,0.0,broken,0
1149,R2,5,8,42.5,0.0,broken,0
1149,R3,7,8,42.5,0.0,broken,0
1149,R4,9,8,42.5,100.0,idle,0
1150,R0,1,8,42.45,0.0,broken,0
1150,R1,3,8,42.45,0.0,broken,0
1150,R2,5,8,42.45,0.0,broken,0
1150,R3,7,8,42.45,0.0,broken,0
1150,R4,9,8,42.45,100.0,idle,0
1151,R0,1,8,42.4,0.0,broken,0
1151,R1,3,8,42.4,0.0,broken,0
1151,R2,5,8,42.4,0.0,broken,0
1151,R3,7,8,42.4,0.0,broken,0
1151,R4,9,8,42.4,100.0,idle,0
1152,R0,1,8,42.35,0.0,broken,0
1152,R1,3,8,42.35,0.0,broken,0
1152,R2,5,8,42.35,0.0,broken,0
1152,R3,7,8,42.35,0.0,broken,0
1152,R4,9,8,42.35,100.0,idle,0
1153,R0,1,8,42.3,0.0,broken,0
1153,R1,3,8,42.3,0.0,broken,0
1153,R2,5,8,42.3,0.0,broken,0
1153,R3,7,8,42.3,0.0,broken,0
1153,R4,9,8,42.3,100.0,idle,0
1154,R0,1,8,42.25,0.0,broken,0
1154,R1,3,8,42.25,0.0,broken,0
1154,R2,5,8,42.25,0.0,broken,0
1154,R3,7,8,42.25,0.0,broken,0
1154,R4,9,8,42.25,100.0,idle,0
1155,R0,1,8,42.2,0.0,broken,0
1155,R1,3,8,42.2,0.0,broken,0
1155,R2,5,8,42.2,0.0,broken,0
1155,R3,7,8,42.2,0.0,broken,0
1155,R4,9,8,42.2,100.0,idle,0
1156,R0,1,8,42.15,0.0,broken,0
1156,R1,3,8,42.15,0.0,broken,0
1156,R2,5,8,42.15,0.0,broken,0
1156,R3,7,8,42.15,0.0,broken,0
1156,R4,9,8,42.15,100.0,idle,0
1157,R0,1,8,42.1,0.0,broken,0
1157,R1,3,8,42.1,0.0,broken,0
1157,R2,5,8,42.1,0.0,broken,0
1157,R3,7,8,42.1,0.0,broken,0
1157,R4,9,8,42.1,100.0,idle,0
1158,R0,1,8,42.05,0.0,broken,0
1158,R1,3,8,42.05,0.0,broken,0
1158,R2,5,8,42.05,0.0,broken,0
1158,R3,7,8,42.05,0.0,broken,0
1158,R4,9,8,42.05,100.0,idle,0
1159,R0,1,8,42.0,0.0,broken,0
1159,R1,3,8,42.0,0.0,broken,0
1159,R2,5,8,42.0,0.0,broken,0
1159,R3,7,8,42.0,0.0,broken,0
1159,R4,9,8,42.0,100.0,idle,0
1160,R0,1,8,41.95,0.0,broken,0
1160,R1,3,8,41.95,0.0,broken,0
1160,R2,5,8,41.95,0.0,broken,0
1160,R3,7,8,41.95,0.0,broken,0
1160,R4,9,8,41.95,100.0,idle,0
1161,R0,1,8,41.9,0.0,broken,0
1161,R1,3,8,41.9,0.0,broken,0
1161,R2,5,8,41.9,0.0,broken,0
1161,R3,7,8,41.9,0.0,broken,0
1161,R4,9,8,41.9,100.0,idle,0
1162,R0,1,8,41.85,0.0,broken,0
1162,R1,3,8,41.85,0.0,broken,0
1162,R2,5,8,41.85,0.0,broken,0
1162,R3,7,8,41.85,0.0,broken,0
1162,R4,9,8,41.85,100.0,idle,0
1163,R0,1,8,41.8,0.0,broken,0
1163,R1,3,8,41.8,0.0,broken,0
1163,R2,5,8,41.8,0.0,broken,0
1163,R3,7,8,41.8,0.0,broken,0
1163,R4,9,8,41.8,100.0,idle,0
1164,R0,1,8,41.75,0.0,broken,0
1164,R1,3,8,41.75,0.0,broken,0
1164,R2,5,8,41.75,0.0,broken,0
1164,R3,7,8,41.75,0.0,broken,0
1164,R4,9,8,41.75,100.0,idle,0
1165,R0,1,8,41.7,0.0,broken,0
1165,R1,3,8,41.7,0.0,broken,0
1165,R2,5,8,41.7,0.0,broken,0
1165,R3,7,8,41.7,0.0,broken,0
1165,R4,9,8,41.7,100.0,idle,0
1166,R0,1,8,41.65,0.0,broken,0
1166,R1,3,8,41.65,0.0,broken,0
1166,R2,5,8,41.65,0.0,broken,0
1166,R3,7,8,41.65,0.0,broken,0
1166,R4,9,8,41.65,100.0,idle,0
1167,R0,1,8,41.6,0.0,broken,0
1167,R1,3,8,41.6,0.0,broken,0
1167,R2,5,8,41.6,0.0,broken,0
1167,R3,7,8,41.6,0.0,broken,0
1167,R4,9,8,41.6,100.0,idle,0
1168,R0,1,8,41.55,0.0,broken,0
1168,R1,3,8,41.55,0.0,broken,0
1168,R2,5,8,41.55,0.0,broken,0
1168,R3,7,8,41.55,0.0,broken,0
1168,R4,9,8,41.55,100.0,idle,0
1169,R0,1,8,41.5,0.0,broken,0
1169,R1,3,8,41.5,0.0,broken,0
1169,R2,5,8,41.5,0.0,broken,0
1169,R3,7,8,41.5,0.0,broken,0
1169,R4,9,8,41.5,100.0,idle,0
1170,R0,1,8,41.45,0.0,broken,0
1170,R1,3,8,41.45,0.0,broken,0
1170,R2,5,8,41.45,0.0,broken,0
1170,R3,7,8,41.45,0.0,broken,0
1170,R4,9,8,41.45,100.0,idle,0
1171,R0,1,8,41.4,0.0,broken,0
1171,R1,3,8,41.4,0.0,broken,0
1171,R2,5,8,41.4,0.0,broken,0
1171,R3,7,8,41.4,0.0,broken,0
1171,R4,9,8,41.4,100.0,idle,0
1172,R0,1,8,41.35,0.0,broken,0
1172,R1,3,8,41.35,0.0,broken,0
1172,R2,5,8,41.35,0.0,broken,0
1172,R3,7,8,41.35,0.0,broken,0
1172,R4,9,8,41.35,100.0,idle,0
1173,R0,1,8,41.3,0.0,broken,0
1173,R1,3,8,41.3,0.0,broken,0
1173,R2,5,8,41.3,0.0,broken,0
1173,R3,7,8,41.3,0.0,broken,0
1173,R4,9,8,41.3,100.0,idle,0
1174,R0,1,8,41.25,0.0,broken,0
1174,R1,3,8,41.25,0.0,broken,0
1174,R2,5,8,41.25,0.0,broken,0
1174,R3,7,8,41.25,0.0,broken,0
1174,R4,9,8,41.25,100.0,idle,0
1175,R0,1,8,41.2,0.0,broken,0
1175,R1,3,8,41.2,0.0,broken,0
1175,R2,5,8,41.2,0.0,broken,0
1175,R3,7,8,41.2,0.0,broken,0
1175,R4,9,8,41.2,100.0,idle,0
1176,R0,1,8,41.15,0.0,broken,0
1176,R1,3,8,41.15,0.0,broken,0
1176,R2,5,8,41.15,0.0,broken,0
1176,R3,7,8,41.15,0.0,broken,0
1176,R4,9,8,41.15,100.0,idle,0
1177,R0,1,8,41.1,0.0,broken,0
1177,R1,3,8,41.1,0.0,broken,0
1177,R2,5,8,41.1,0.0,broken,0
1177,R3,7,8,41.1,0.0,broken,0
1177,R4,9,8,41.1,100.0,idle,0
1178,R0,1,8,41.05,0.0,broken,0
1178,R1,3,8,41.05,0.0,broken,0
1178,R2,5,8,41.05,0.0,broken,0
1178,R3,7,8,41.05,0.0,broken,0
1178,R4,9,8,41.05,100.0,idle,0
1179,R0,1,8,41.0,0.0,broken,0
1179,R1,3,8,41.0,0.0,broken,0
1179,R2,5,8,41.0,0.0,broken,0
1179,R3,7,8,41.0,0.0,broken,0
1179,R4,9,8,41.0,100.0,idle,0
1180,R0,1,8,40.95,0.0,broken,0
1180,R1,3,8,40.95,0.0,broken,0
1180,R2,5,8,40.95,0.0,broken,0
1180,R3,7,8,40.95,0.0,broken,0
1180,R4,9,8,40.95,100.0,idle,0
1181,R0,1,8,40.9,0.0,broken,0
1181,R1,3,8,40.9,0.0,broken,0
1181,R2,5,8,40.9,0.0,broken,0
1181,R3,7,8,40.9,0.0,broken,0
1181,R4,9,8,40.9,100.0,idle,0
1182,R0,1,8,40.85,0.0,broken,0
1182,R1,3,8,40.85,0.0,broken,0
1182,R2,5,8,40.85,0.0,broken,0
1182,R3,7,8,40.85,0.0,broken,0
1182,R4,9,8,40.85,100.0,idle,0
1183,R0,1,8,40.8,0.0,broken,0
1183,R1,3,8,40.8,0.0,broken,0
1183,R2,5,8,40.8,0.0,broken,0
1183,R3,7,8,40.8,0.0,broken,0
1183,R4,9,8,40.8,100.0,idle,0
1184,R0,1,8,40.75,0.0,broken,0
1184,R1,3,8,40.75,0.0,broken,0
1184,R2,5,8,40.75,0.0,broken,0
1184,R3,7,8,40.75,0.0,broken,0
1184,R4,9,8,40.75,100.0,idle,0
1185,R0,1,8,40.7,0.0,broken,0
1185,R1,3,8,40.7,0.0,broken,0
1185,R2,5,8,40.7,0.0,broken,0
1185,R3,7,8,40.7,0.0,broken,0
1185,R4,9,8,40.7,100.0,idle,0
1186,R0,1,8,40.65,0.0,broken,0
1186,R1,3,8,40.65,0.0,broken,0
1186,R2,5,8,40.65,0.0,broken,0
1186,R3,7,8,40.65,0.0,broken,0
1186,R4,9,8,40.65,100.0,idle,0
1187,R0,1,8,40.6,0.0,broken,0
1187,R1,3,8,40.6,0.0,broken,0
1187,R2,5,8,40.6,0.0,broken,0
1187,R3,7,8,40.6,0.0,broken,0
1187,R4,9,8,40.6,100.0,idle,0
1188,R0,1,8,40.55,0.0,broken,0
1188,R1,3,8,40.55,0.0,broken,0
1188,R2,5,8,40.55,0.0,broken,0
1188,R3,7,8,40.55,0.0,broken,0
1188,R4,9,8,40.55,100.0,idle,0
1189,R0,1,8,40.5,0.0,broken,0
1189,R1,3,8,40.5,0.0,broken,0
1189,R2,5,8,40.5,0.0,broken,0
1189,R3,7,8,40.5,0.0,broken,0
1189,R4,9,8,40.5,100.0,idle,0
1190,R0,1,8,40.45,0.0,broken,0
1190,R1,3,8,40.45,0.0,broken,0
1190,R2,5,8,40.45,0.0,broken,0
1190,R3,7,8,40.45,0.0,broken,0
1190,R4,9,8,40.45,100.0,idle,0
1191,R0,1,8,40.4,0.0,broken,0
1191,R1,3,8,40.4,0.0,broken,0
1191,R2,5,8,40.4,0.0,broken,0
1191,R3,7,8,40.4,0.0,broken,0
1191,R4,9,8,40.4,100.0,idle,0
1192,R0,1,8,40.35,0.0,broken,0
1192,R1,3,8,40.35,0.0,broken,0
1192,R2,5,8,40.35,0.0,broken,0
1192,R3,7,8,40.35,0.0,broken,0
1192,R4,9,8,40.35,100.0,idle,0
1193,R0,1,8,40.3,0.0,broken,0
1193,R1,3,8,40.3,0.0,broken,0
1193,R2,5,8,40.3,0.0,broken,0
1193,R3,7,8,40.3,0.0,broken,0
1193,R4,9,8,40.3,100.0,idle,0
1194,R0,1,8,40.25,0.0,broken,0
1194,R1,3,8,40.25,0.0,broken,0
1194,R2,5,8,40.25,0.0,broken,0
1194,R3,7,8,40.25,0.0,broken,0
1194,R4,9,8,40.25,100.0,idle,0
1195,R0,1,8,40.2,0.0,broken,0
1195,R1,3,8,40.2,0.0,broken,0
1195,R2,5,8,40.2,0.0,broken,0
1195,R3,7,8,40.2,0.0,broken,0
1195,R4,9,8,40.2,100.0,idle,0
1196,R0,1,8,40.15,0.0,broken,0
1196,R1,3,8,40.15,0.0,broken,0
1196,R2,5,8,40.15,0.0,broken,0
1196,R3,7,8,40.15,0.0,broken,0
1196,R4,9,8,40.15,100.0,idle,0
1197,R0,1,8,40.1,0.0,broken,0
1197,R1,3,8,40.1,0.0,broken,0
1197,R2,5,8,40.1,0.0,broken,0
1197,R3,7,8,40.1,0.0,broken,0
1197,R4,9,8,40.1,100.0,idle,0
1198,R0,1,8,40.05,0.0,broken,0
1198,R1,3,8,40.05,0.0,broken,0
1198,R2,5,8,40.05,0.0,broken,0
1198,R3,7,8,40.05,0.0,broken,0
1198,R4,9,8,40.05,100.0,idle,0
1199,R0,1,8,40.0,0.0,broken,0
1199,R1,3,8,40.0,0.0,broken,0
1199,R2,5,8,40.0,0.0,broken,0
1199,R3,7,8,40.0,0.0,broken,0
1199,R4,9,8,40.0,100.0,idle,0
1200,R0,1,8,39.95,0.0,broken,0
1200,R1,3,8,39.95,0.0,broken,0
1200,R2,5,8,39.95,0.0,broken,0
1200,R3,7,8,39.95,0.0,broken,0
1200,R4,9,8,39.95,100.0,idle,0
1201,R0,1,8,39.9,0.0,broken,0
1201,R1,3,8,39.9,0.0,broken,0
1201,R2,5,8,39.9,0.0,broken,0
1201,R3,7,8,39.9,0.0,broken,0
1201,R4,9,8,39.9,100.0,idle,0
1202,R0,1,8,39.85,0.0,broken,0
1202,R1,3,8,39.85,0.0,broken,0
1202,R2,5,8,39.85,0.0,broken,0
1202,R3,7,8,39.85,0.0,broken,0
1202,R4,9,8,39.85,100.0,idle,0
1203,R0,1,8,39.8,0.0,broken,0
1203,R1,3,8,39.8,0.0,broken,0
1203,R2,5,8,39.8,0.0,broken,0
1203,R3,7,8,39.8,0.0,broken,0
1203,R4,9,8,39.8,100.0,idle,0
1204,R0,1,8,39.75,0.0,broken,0
1204,R1,3,8,39.75,0.0,broken,0
1204,R2,5,8,39.75,0.0,broken,0
1204,R3,7,8,39.75,0.0,broken,0
1204,R4,9,8,39.75,100.0,idle,0
1205,R0,1,8,39.7,0.0,broken,0
1205,R1,3,8,39.7,0.0,broken,0
1205,R2,5,8,39.7,0.0,broken,0
1205,R3,7,8,39.7,0.0,broken,0
1205,R4,9,8,39.7,100.0,idle,0
1206,R0,1,8,39.65,0.0,broken,0
1206,R1,3,8,39.65,0.0,broken,0
1206,R2,5,8,39.65,0.0,broken,0
1206,R3,7,8,39.65,0.0,broken,0
1206,R4,9,8,39.65,100.0,idle,0
1207,R0,1,8,39.6,0.0,broken,0
1207,R1,3,8,39.6,0.0,broken,0
1207,R2,5,8,39.6,0.0,broken,0
1207,R3,7,8,39.6,0.0,broken,0
1207,R4,9,8,39.6,100.0,idle,0
1208,R0,1,8,39.55,0.0,broken,0
1208,R1,3,8,39.55,0.0,broken,0
1208,R2,5,8,39.55,0.0,broken,0
1208,R3,7,8,39.55,0.0,broken,0
1208,R4,9,8,39.55,100.0,idle,0
1209,R0,1,8,39.5,0.0,broken,0
1209,R1,3,8,39.5,0.0,broken,0
1209,R2,5,8,39.5,0.0,broken,0
1209,R3,7,8,39.5,0.0,broken,0
1209,R4,9,8,39.5,100.0,idle,0
1210,R0,1,8,39.45,0.0,broken,0
1210,R1,3,8,39.45,0.0,broken,0
1210,R2,5,8,39.45,0.0,broken,0
1210,R3,7,8,39.45,0.0,broken,0
1210,R4,9,8,39.45,100.0,idle,0
1211,R0,1,8,39.4,0.0,broken,0
1211,R1,3,8,39.4,0.0,broken,0
1211,R2,5,8,39.4,0.0,broken,0
1211,R3,7,8,39.4,0.0,broken,0
1211,R4,9,8,39.4,100.0,idle,0
1212,R0,1,8,39.35,0.0,broken,0
1212,R1,3,8,39.35,0.0,broken,0
1212,R2,5,8,39.35,0.0,broken,0
1212,R3,7,8,39.35,0.0,broken,0
1212,R4,9,8,39.35,100.0,idle,0
1213,R0,1,8,39.3,0.0,broken,0
1213,R1,3,8,39.3,0.0,broken,0
1213,R2,5,8,39.3,0.0,broken,0
1213,R3,7,8,39.3,0.0,broken,0
1213,R4,9,8,39.3,100.0,idle,0
1214,R0,1,8,39.25,0.0,broken,0
1214,R1,3,8,39.25,0.0,broken,0
1214,R2,5,8,39.25,0.0,broken,0
1214,R3,7,8,39.25,0.0,broken,0
1214,R4,9,8,39.25,100.0,idle,0
1215,R0,1,8,39.2,0.0,broken,0
1215,R1,3,8,39.2,0.0,broken,0
1215,R2,5,8,39.2,0.0,broken,0
1215,R3,7,8,39.2,0.0,broken,0
1215,R4,9,8,39.2,100.0,idle,0
1216,R0,1,8,39.15,0.0,broken,0
1216,R1,3,8,39.15,0.0,broken,0
1216,R2,5,8,39.15,0.0,broken,0
1216,R3,7,8,39.15,0.0,broken,0
1216,R4,9,8,39.15,100.0,idle,0
1217,R0,1,8,39.1,0.0,broken,0
1217,R1,3,8,39.1,0.0,broken,0
1217,R2,5,8,39.1,0.0,broken,0
1217,R3,7,8,39.1,0.0,broken,0
1217,R4,9,8,39.1,100.0,idle,0
1218,R0,1,8,39.05,0.0,broken,0
1218,R1,3,8,39.05,0.0,broken,0
1218,R2,5,8,39.05,0.0,broken,0
1218,R3,7,8,39.05,0.0,broken,0
1218,R4,9,8,39.05,100.0,idle,0
1219,R0,1,8,39.0,0.0,broken,0
1219,R1,3,8,39.0,0.0,broken,0
1219,R2,5,8,39.0,0.0,broken,0
1219,R3,7,8,39.0,0.0,broken,0
1219,R4,9,8,39.0,100.0,idle,0
1220,R0,1,8,38.95,0.0,broken,0
1220,R1,3,8,38.95,0.0,broken,0
1220,R2,5,8,38.95,0.0,broken,0
1220,R3,7,8,38.95,0.0,broken,0
1220,R4,9,8,38.95,100.0,idle,0
1221,R0,1,8,38.9,0.0,broken,0
1221,R1,3,8,38.9,0.0,broken,0
1221,R2,5,8,38.9,0.0,broken,0
1221,R3,7,8,38.9,0.0,broken,0
1221,R4,9,8,38.9,100.0,idle,0
1222,R0,1,8,38.85,0.0,broken,0
1222,R1,3,8,38.85,0.0,broken,0
1222,R2,5,8,38.85,0.0,broken,0
1222,R3,7,8,38.85,0.0,broken,0
1222,R4,9,8,38.85,100.0,idle,0
1223,R0,1,8,38.8,0.0,broken,0
1223,R1,3,8,38.8,0.0,broken,0
1223,R2,5,8,38.8,0.0,broken,0
1223,R3,7,8,38.8,0.0,broken,0
1223,R4,9,8,38.8,100.0,idle,0
1224,R0,1,8,38.75,0.0,broken,0
1224,R1,3,8,38.75,0.0,broken,0
1224,R2,5,8,38.75,0.0,broken,0
1224,R3,7,8,38.75,0.0,broken,0
1224,R4,9,8,38.75,100.0,idle,0
1225,R0,1,8,38.7,0.0,broken,0
1225,R1,3,8,38.7,0.0,broken,0
1225,R2,5,8,38.7,0.0,broken,0
1225,R3,7,8,38.7,0.0,broken,0
1225,R4,9,8,38.7,100.0,idle,0
1226,R0,1,8,38.65,0.0,broken,0
1226,R1,3,8,38.65,0.0,broken,0
1226,R2,5,8,38.65,0.0,broken,0
1226,R3,7,8,38.65,0.0,broken,0
1226,R4,9,8,38.65,100.0,idle,0
1227,R0,1,8,38.6,0.0,broken,0
1227,R1,3,8,38.6,0.0,broken,0
1227,R2,5,8,38.6,0.0,broken,0
1227,R3,7,8,38.6,0.0,broken,0
1227,R4,9,8,38.6,100.0,idle,0
1228,R0,1,8,38.55,0.0,broken,0
1228,R1,3,8,38.55,0.0,broken,0
1228,R2,5,8,38.55,0.0,broken,0
1228,R3,7,8,38.55,0.0,broken,0
1228,R4,9,8,38.55,100.0,idle,0
1229,R0,1,8,38.5,0.0,broken,0
1229,R1,3,8,38.5,0.0,broken,0
1229,R2,5,8,38.5,0.0,broken,0
1229,R3,7,8,38.5,0.0,broken,0
1229,R4,9,8,38.5,100.0,idle,0
1230,R0,1,8,38.45,0.0,broken,0
1230,R1,3,8,38.45,0.0,broken,0
1230,R2,5,8,38.45,0.0,broken,0
1230,R3,7,8,38.45,0.0,broken,0
1230,R4,9,8,38.45,100.0,idle,0
1231,R0,1,8,38.4,0.0,broken,0
1231,R1,3,8,38.4,0.0,broken,0
1231,R2,5,8,38.4,0.0,broken,0
1231,R3,7,8,38.4,0.0,broken,0
1231,R4,9,8,38.4,100.0,idle,0
1232,R0,1,8,38.35,0.0,broken,0
1232,R1,3,8,38.35,0.0,broken,0
1232,R2,5,8,38.35,0.0,broken,0
1232,R3,7,8,38.35,0.0,broken,0
1232,R4,9,8,38.35,100.0,idle,0
1233,R0,1,8,38.3,0.0,broken,0
1233,R1,3,8,38.3,0.0,broken,0
1233,R2,5,8,38.3,0.0,broken,0
1233,R3,7,8,38.3,0.0,broken,0
1233,R4,9,8,38.3,100.0,idle,0
1234,R0,1,8,38.25,0.0,broken,0
1234,R1,3,8,38.25,0.0,broken,0
1234,R2,5,8,38.25,0.0,broken,0
1234,R3,7,8,38.25,0.0,broken,0
1234,R4,9,8,38.25,100.0,idle,0
1235,R0,1,8,38.2,0.0,broken,0
1235,R1,3,8,38.2,0.0,broken,0
1235,R2,5,8,38.2,0.0,broken,0
1235,R3,7,8,38.2,0.0,broken,0
1235,R4,9,8,38.2,100.0,idle,0
1236,R0,1,8,38.15,0.0,broken,0
1236,R1,3,8,38.15,0.0,broken,0
1236,R2,5,8,38.15,0.0,broken,0
1236,R3,7,8,38.15,0.0,broken,0
1236,R4,9,8,38.15,100.0,idle,0
1237,R0,1,8,38.1,0.0,broken,0
1237,R1,3,8,38.1,0.0,broken,0
1237,R2,5,8,38.1,0.0,broken,0
1237,R3,7,8,38.1,0.0,broken,0
1237,R4,9,8,38.1,100.0,idle,0
1238,R0,1,8,38.05,0.0,broken,0
1238,R1,3,8,38.05,0.0,broken,0
1238,R2,5,8,38.05,0.0,broken,0
1238,R3,7,8,38.05,0.0,broken,0
1238,R4,9,8,38.05,100.0,idle,0
1239,R0,1,8,38.0,0.0,broken,0
1239,R1,3,8,38.0,0.0,broken,0
1239,R2,5,8,38.0,0.0,broken,0
1239,R3,7,8,38.0,0.0,broken,0
1239,R4,9,8,38.0,100.0,idle,0
1240,R0,1,8,37.95,0.0,broken,0
1240,R1,3,8,37.95,0.0,broken,0
1240,R2,5,8,37.95,0.0,broken,0
1240,R3,7,8,37.95,0.0,broken,0
1240,R4,9,8,37.95,100.0,idle,0
1241,R0,1,8,37.9,0.0,broken,0
1241,R1,3,8,37.9,0.0,broken,0
1241,R2,5,8,37.9,0.0,broken,0
1241,R3,7,8,37.9,0.0,broken,0
1241,R4,9,8,37.9,100.0,idle,0
1242,R0,1,8,37.85,0.0,broken,0
1242,R1,3,8,37.85,0.0,broken,0
1242,R2,5,8,37.85,0.0,broken,0
1242,R3,7,8,37.85,0.0,broken,0
1242,R4,9,8,37.85,100.0,idle,0
1243,R0,1,8,37.8,0.0,broken,0
1243,R1,3,8,37.8,0.0,broken,0
1243,R2,5,8,37.8,0.0,broken,0
1243,R3,7,8,37.8,0.0,broken,0
1243,R4,9,8,37.8,100.0,idle,0
1244,R0,1,8,37.75,0.0,broken,0
1244,R1,3,8,37.75,0.0,broken,0
1244,R2,5,8,37.75,0.0,broken,0
1244,R3,7,8,37.75,0.0,broken,0
1244,R4,9,8,37.75,100.0,idle,0
1245,R0,1,8,37.7,0.0,broken,0
1245,R1,3,8,37.7,0.0,broken,0
1245,R2,5,8,37.7,0.0,broken,0
1245,R3,7,8,37.7,0.0,broken,0
1245,R4,9,8,37.7,100.0,idle,0
1246,R0,1,8,37.65,0.0,broken,0
1246,R1,3,8,37.65,0.0,broken,0
1246,R2,5,8,37.65,0.0,broken,0
1246,R3,7,8,37.65,0.0,broken,0
1246,R4,9,8,37.65,100.0,idle,0
1247,R0,1,8,37.6,0.0,broken,0
1247,R1,3,8,37.6,0.0,broken,0
1247,R2,5,8,37.6,0.0,broken,0
1247,R3,7,8,37.6,0.0,broken,0
1247,R4,9,8,37.6,100.0,idle,0
1248,R0,1,8,37.55,0.0,broken,0
1248,R1,3,8,37.55,0.0,broken,0
1248,R2,5,8,37.55,0.0,broken,0
1248,R3,7,8,37.55,0.0,broken,0
1248,R4,9,8,37.55,100.0,idle,0
1249,R0,1,8,37.5,0.0,broken,0
1249,R1,3,8,37.5,0.0,broken,0
1249,R2,5,8,37.5,0.0,broken,0
1249,R3,7,8,37.5,0.0,broken,0
1249,R4,9,8,37.5,100.0,idle,0
1250,R0,1,8,37.45,0.0,broken,0
1250,R1,3,8,37.45,0.0,broken,0
1250,R2,5,8,37.45,0.0,broken,0
1250,R3,7,8,37.45,0.0,broken,0
1250,R4,9,8,37.45,100.0,idle,0
1251,R0,1,8,37.4,0.0,broken,0
1251,R1,3,8,37.4,0.0,broken,0
1251,R2,5,8,37.4,0.0,broken,0
1251,R3,7,8,37.4,0.0,broken,0
1251,R4,9,8,37.4,100.0,idle,0
1252,R0,1,8,37.35,0.0,broken,0
1252,R1,3,8,37.35,0.0,broken,0
1252,R2,5,8,37.35,0.0,broken,0
1252,R3,7,8,37.35,0.0,broken,0
1252,R4,9,8,37.35,100.0,idle,0
1253,R0,1,8,37.3,0.0,broken,0
1253,R1,3,8,37.3,0.0,broken,0
1253,R2,5,8,37.3,0.0,broken,0
1253,R3,7,8,37.3,0.0,broken,0
1253,R4,9,8,37.3,100.0,idle,0
1254,R0,1,8,37.25,0.0,broken,0
1254,R1,3,8,37.25,0.0,broken,0
1254,R2,5,8,37.25,0.0,broken,0
1254,R3,7,8,37.25,0.0,broken,0
1254,R4,9,8,37.25,100.0,idle,0
1255,R0,1,8,37.2,0.0,broken,0
1255,R1,3,8,37.2,0.0,broken,0
1255,R2,5,8,37.2,0.0,broken,0
1255,R3,7,8,37.2,0.0,broken,0
1255,R4,9,8,37.2,100.0,idle,0
1256,R0,1,8,37.15,0.0,broken,0
1256,R1,3,8,37.15,0.0,broken,0
1256,R2,5,8,37.15,0.0,broken,0
1256,R3,7,8,37.15,0.0,broken,0
1256,R4,9,8,37.15,100.0,idle,0
1257,R0,1,8,37.1,0.0,broken,0
1257,R1,3,8,37.1,0.0,broken,0
1257,R2,5,8,37.1,0.0,broken,0
1257,R3,7,8,37.1,0.0,broken,0
1257,R4,9,8,37.1,100.0,idle,0
1258,R0,1,8,37.05,0.0,broken,0
1258,R1,3,8,37.05,0.0,broken,0
1258,R2,5,8,37.05,0.0,broken,0
1258,R3,7,8,37.05,0.0,broken,0
1258,R4,9,8,37.05,100.0,idle,0
1259,R0,1,8,37.0,0.0,broken,0
1259,R1,3,8,37.0,0.0,broken,0
1259,R2,5,8,37.0,0.0,broken,0
1259,R3,7,8,37.0,0.0,broken,0
1259,R4,9,8,37.0,100.0,idle,0
1260,R0,1,8,36.95,0.0,broken,0
1260,R1,3,8,36.95,0.0,broken,0
1260,R2,5,8,36.95,0.0,broken,0
1260,R3,7,8,36.95,0.0,broken,0
1260,R4,9,8,36.95,100.0,idle,0
1261,R0,1,8,36.9,0.0,broken,0
1261,R1,3,8,36.9,0.0,broken,0
1261,R2,5,8,36.9,0.0,broken,0
1261,R3,7,8,36.9,0.0,broken,0
1261,R4,9,8,36.9,100.0,idle,0
1262,R0,1,8,36.85,0.0,broken,0
1262,R1,3,8,36.85,0.0,broken,0
1262,R2,5,8,36.85,0.0,broken,0
1262,R3,7,8,36.85,0.0,broken,0
1262,R4,9,8,36.85,100.0,idle,0
1263,R0,1,8,36.8,0.0,broken,0
1263,R1,3,8,36.8,0.0,broken,0
1263,R2,5,8,36.8,0.0,broken,0
1263,R3,7,8,36.8,0.0,broken,0
1263,R4,9,8,36.8,100.0,idle,0
1264,R0,1,8,36.75,0.0,broken,0
1264,R1,3,8,36.75,0.0,broken,0
1264,R2,5,8,36.75,0.0,broken,0
1264,R3,7,8,36.75,0.0,broken,0
1264,R4,9,8,36.75,100.0,idle,0
1265,R0,1,8,36.7,0.0,broken,0
1265,R1,3,8,36.7,0.0,broken,0
1265,R2,5,8,36.7,0.0,broken,0
1265,R3,7,8,36.7,0.0,broken,0
1265,R4,9,8,36.7,100.0,idle,0
1266,R0,1,8,36.65,0.0,broken,0
1266,R1,3,8,36.65,0.0,broken,0
1266,R2,5,8,36.65,0.0,broken,0
1266,R3,7,8,36.65,0.0,broken,0
1266,R4,9,8,36.65,100.0,idle,0
1267,R0,1,8,36.6,0.0,broken,0
1267,R1,3,8,36.6,0.0,broken,0
1267,R2,5,8,36.6,0.0,broken,0
1267,R3,7,8,36.6,0.0,broken,0
1267,R4,9,8,36.6,100.0,idle,0
1268,R0,1,8,36.55,0.0,broken,0
1268,R1,3,8,36.55,0.0,broken,0
1268,R2,5,8,36.55,0.0,broken,0
1268,R3,7,8,36.55,0.0,broken,0
1268,R4,9,8,36.55,100.0,idle,0
1269,R0,1,8,36.5,0.0,broken,0
1269,R1,3,8,36.5,0.0,broken,0
1269,R2,5,8,36.5,0.0,broken,0
1269,R3,7,8,36.5,0.0,broken,0
1269,R4,9,8,36.5,100.0,idle,0
1270,R0,1,8,36.45,0.0,broken,0
1270,R1,3,8,36.45,0.0,broken,0
1270,R2,5,8,36.45,0.0,broken,0
1270,R3,7,8,36.45,0.0,broken,0
1270,R4,9,8,36.45,100.0,idle,0
1271,R0,1,8,36.4,0.0,broken,0
1271,R1,3,8,36.4,0.0,broken,0
1271,R2,5,8,36.4,0.0,broken,0
1271,R3,7,8,36.4,0.0,broken,0
1271,R4,9,8,36.4,100.0,idle,0
1272,R0,1,8,36.35,0.0,broken,0
1272,R1,3,8,36.35,0.0,broken,0
1272,R2,5,8,36.35,0.0,broken,0
1272,R3,7,8,36.35,0.0,broken,0
1272,R4,9,8,36.35,100.0,idle,0
1273,R0,1,8,36.3,0.0,broken,0
1273,R1,3,8,36.3,0.0,broken,0
1273,R2,5,8,36.3,0.0,broken,0
1273,R3,7,8,36.3,0.0,broken,0
1273,R4,9,8,36.3,100.0,idle,0
1274,R0,1,8,36.25,0.0,broken,0
1274,R1,3,8,36.25,0.0,broken,0
1274,R2,5,8,36.25,0.0,broken,0
1274,R3,7,8,36.25,0.0,broken,0
1274,R4,9,8,36.25,100.0,idle,0
1275,R0,1,8,36.2,0.0,broken,0
1275,R1,3,8,36.2,0.0,broken,0
1275,R2,5,8,36.2,0.0,broken,0
1275,R3,7,8,36.2,0.0,broken,0
1275,R4,9,8,36.2,100.0,idle,0
1276,R0,1,8,36.15,0.0,broken,0
1276,R1,3,8,36.15,0.0,broken,0
1276,R2,5,8,36.15,0.0,broken,0
1276,R3,7,8,36.15,0.0,broken,0
1276,R4,9,8,36.15,100.0,idle,0
1277,R0,1,8,36.1,0.0,broken,0
1277,R1,3,8,36.1,0.0,broken,0
1277,R2,5,8,36.1,0.0,broken,0
1277,R3,7,8,36.1,0.0,broken,0
1277,R4,9,8,36.1,100.0,idle,0
1278,R0,1,8,36.05,0.0,broken,0
1278,R1,3,8,36.05,0.0,broken,0
1278,R2,5,8,36.05,0.0,broken,0
1278,R3,7,8,36.05,0.0,broken,0
1278,R4,9,8,36.05,100.0,idle,0
1279,R0,1,8,36.0,0.0,broken,0
1279,R1,3,8,36.0,0.0,broken,0
1279,R2,5,8,36.0,0.0,broken,0
1279,R3,7,8,36.0,0.0,broken,0
1279,R4,9,8,36.0,100.0,idle,0
1280,R0,1,8,35.95,0.0,broken,0
1280,R1,3,8,35.95,0.0,broken,0
1280,R2,5,8,35.95,0.0,broken,0
1280,R3,7,8,35.95,0.0,broken,0
1280,R4,9,8,35.95,100.0,idle,0
1281,R0,1,8,35.9,0.0,broken,0
1281,R1,3,8,35.9,0.0,broken,0
1281,R2,5,8,35.9,0.0,broken,0
1281,R3,7,8,35.9,0.0,broken,0
1281,R4,9,8,35.9,100.0,idle,0
1282,R0,1,8,35.85,0.0,broken,0
1282,R1,3,8,35.85,0.0,broken,0
1282,R2,5,8,35.85,0.0,broken,0
1282,R3,7,8,35.85,0.0,broken,0
1282,R4,9,8,35.85,100.0,idle,0
1283,R0,1,8,35.8,0.0,broken,0
1283,R1,3,8,35.8,0.0,broken,0
1283,R2,5,8,35.8,0.0,broken,0
1283,R3,7,8,35.8,0.0,broken,0
1283,R4,9,8,35.8,100.0,idle,0
1284,R0,1,8,35.75,0.0,broken,0
1284,R1,3,8,35.75,0.0,broken,0
1284,R2,5,8,35.75,0.0,broken,0
1284,R3,7,8,35.75,0.0,broken,0
1284,R4,9,8,35.75,100.0,idle,0
1285,R0,1,8,35.7,0.0,broken,0
1285,R1,3,8,35.7,0.0,broken,0
1285,R2,5,8,35.7,0.0,broken,0
1285,R3,7,8,35.7,0.0,broken,0
1285,R4,9,8,35.7,100.0,idle,0
1286,R0,1,8,35.65,0.0,broken,0
1286,R1,3,8,35.65,0.0,broken,0
1286,R2,5,8,35.65,0.0,broken,0
1286,R3,7,8,35.65,0.0,broken,0
1286,R4,9,8,35.65,100.0,idle,0
1287,R0,1,8,35.6,0.0,broken,0
1287,R1,3,8,35.6,0.0,broken,0
1287,R2,5,8,35.6,0.0,broken,0
1287,R3,7,8,35.6,0.0,broken,0
1287,R4,9,8,35.6,100.0,idle,0
1288,R0,1,8,35.55,0.0,broken,0
1288,R1,3,8,35.55,0.0,broken,0
1288,R2,5,8,35.55,0.0,broken,0
1288,R3,7,8,35.55,0.0,broken,0
1288,R4,9,8,35.55,100.0,idle,0
1289,R0,1,8,35.5,0.0,broken,0
1289,R1,3,8,35.5,0.0,broken,0
1289,R2,5,8,35.5,0.0,broken,0
1289,R3,7,8,35.5,0.0,broken,0
1289,R4,9,8,35.5,100.0,idle,0
1290,R0,1,8,35.45,0.0,broken,0
1290,R1,3,8,35.45,0.0,broken,0
1290,R2,5,8,35.45,0.0,broken,0
1290,R3,7,8,35.45,0.0,broken,0
1290,R4,9,8,35.45,100.0,idle,0
1291,R0,1,8,35.4,0.0,broken,0
1291,R1,3,8,35.4,0.0,broken,0
1291,R2,5,8,35.4,0.0,broken,0
1291,R3,7,8,35.4,0.0,broken,0
1291,R4,9,8,35.4,100.0,idle,0
1292,R0,1,8,35.35,0.0,broken,0
1292,R1,3,8,35.35,0.0,broken,0
1292,R2,5,8,35.35,0.0,broken,0
1292,R3,7,8,35.35,0.0,broken,0
1292,R4,9,8,35.35,100.0,idle,0
1293,R0,1,8,35.3,0.0,broken,0
1293,R1,3,8,35.3,0.0,broken,0
1293,R2,5,8,35.3,0.0,broken,0
1293,R3,7,8,35.3,0.0,broken,0
1293,R4,9,8,35.3,100.0,idle,0
1294,R0,1,8,35.25,0.0,broken,0
1294,R1,3,8,35.25,0.0,broken,0
1294,R2,5,8,35.25,0.0,broken,0
1294,R3,7,8,35.25,0.0,broken,0
1294,R4,9,8,35.25,100.0,idle,0
1295,R0,1,8,35.2,0.0,broken,0
1295,R1,3,8,35.2,0.0,broken,0
1295,R2,5,8,35.2,0.0,broken,0
1295,R3,7,8,35.2,0.0,broken,0
1295,R4,9,8,35.2,100.0,idle,0
1296,R0,1,8,35.15,0.0,broken,0
1296,R1,3,8,35.15,0.0,broken,0
1296,R2,5,8,35.15,0.0,broken,0
1296,R3,7,8,35.15,0.0,broken,0
1296,R4,9,8,35.15,100.0,idle,0
1297,R0,1,8,35.1,0.0,broken,0
1297,R1,3,8,35.1,0.0,broken,0
1297,R2,5,8,35.1,0.0,broken,0
1297,R3,7,8,35.1,0.0,broken,0
1297,R4,9,8,35.1,100.0,idle,0
1298,R0,1,8,35.05,0.0,broken,0
1298,R1,3,8,35.05,0.0,broken,0
1298,R2,5,8,35.05,0.0,broken,0
1298,R3,7,8,35.05,0.0,broken,0
1298,R4,9,8,35.05,100.0,idle,0
1299,R0,1,8,35.0,0.0,broken,0
1299,R1,3,8,35.0,0.0,broken,0
1299,R2,5,8,35.0,0.0,broken,0
1299,R3,7,8,35.0,0.0,broken,0
1299,R4,9,8,35.0,100.0,idle,0
1300,R0,1,8,34.95,0.0,broken,0
1300,R1,3,8,34.95,0.0,broken,0
1300,R2,5,8,34.95,0.0,broken,0
1300,R3,7,8,34.95,0.0,broken,0
1300,R4,9,8,34.95,100.0,idle,0
1301,R0,1,8,34.9,0.0,broken,0
1301,R1,3,8,34.9,0.0,broken,0
1301,R2,5,8,34.9,0.0,broken,0
1301,R3,7,8,34.9,0.0,broken,0
1301,R4,9,8,34.9,100.0,idle,0
1302,R0,1,8,34.85,0.0,broken,0
1302,R1,3,8,34.85,0.0,broken,0
1302,R2,5,8,34.85,0.0,broken,0
1302,R3,7,8,34.85,0.0,broken,0
1302,R4,9,8,34.85,100.0,idle,0
1303,R0,1,8,34.8,0.0,broken,0
1303,R1,3,8,34.8,0.0,broken,0
1303,R2,5,8,34.8,0.0,broken,0
1303,R3,7,8,34.8,0.0,broken,0
1303,R4,9,8,34.8,100.0,idle,0
1304,R0,1,8,34.75,0.0,broken,0
1304,R1,3,8,34.75,0.0,broken,0
1304,R2,5,8,34.75,0.0,broken,0
1304,R3,7,8,34.75,0.0,broken,0
1304,R4,9,8,34.75,100.0,idle,0
1305,R0,1,8,34.7,0.0,broken,0
1305,R1,3,8,34.7,0.0,broken,0
1305,R2,5,8,34.7,0.0,broken,0
1305,R3,7,8,34.7,0.0,broken,0
1305,R4,9,8,34.7,100.0,idle,0
1306,R0,1,8,34.65,0.0,broken,0
1306,R1,3,8,34.65,0.0,broken,0
1306,R2,5,8,34.65,0.0,broken,0
1306,R3,7,8,34.65,0.0,broken,0
1306,R4,9,8,34.65,100.0,idle,0
1307,R0,1,8,34.6,0.0,broken,0
1307,R1,3,8,34.6,0.0,broken,0
1307,R2,5,8,34.6,0.0,broken,0
1307,R3,7,8,34.6,0.0,broken,0
1307,R4,9,8,34.6,100.0,idle,0
1308,R0,1,8,34.55,0.0,broken,0
1308,R1,3,8,34.55,0.0,broken,0
1308,R2,5,8,34.55,0.0,broken,0
1308,R3,7,8,34.55,0.0,broken,0
1308,R4,9,8,34.55,100.0,idle,0
1309,R0,1,8,34.5,0.0,broken,0
1309,R1,3,8,34.5,0.0,broken,0
1309,R2,5,8,34.5,0.0,broken,0
1309,R3,7,8,34.5,0.0,broken,0
1309,R4,9,8,34.5,100.0,idle,0
1310,R0,1,8,34.45,0.0,broken,0
1310,R1,3,8,34.45,0.0,broken,0
1310,R2,5,8,34.45,0.0,broken,0
1310,R3,7,8,34.45,0.0,broken,0
1310,R4,9,8,34.45,100.0,idle,0
1311,R0,1,8,34.4,0.0,broken,0
1311,R1,3,8,34.4,0.0,broken,0
1311,R2,5,8,34.4,0.0,broken,0
1311,R3,7,8,34.4,0.0,broken,0
1311,R4,9,8,34.4,100.0,idle,0
1312,R0,1,8,34.35,0.0,broken,0
1312,R1,3,8,34.35,0.0,broken,0
1312,R2,5,8,34.35,0.0,broken,0
1312,R3,7,8,34.35,0.0,broken,0
1312,R4,9,8,34.35,100.0,idle,0
1313,R0,1,8,34.3,0.0,broken,0
1313,R1,3,8,34.3,0.0,broken,0
1313,R2,5,8,34.3,0.0,broken,0
1313,R3,7,8,34.3,0.0,broken,0
1313,R4,9,8,34.3,100.0,idle,0
1314,R0,1,8,34.25,0.0,broken,0
1314,R1,3,8,34.25,0.0,broken,0
1314,R2,5,8,34.25,0.0,broken,0
1314,R3,7,8,34.25,0.0,broken,0
1314,R4,9,8,34.25,100.0,idle,0
1315,R0,1,8,34.2,0.0,broken,0
1315,R1,3,8,34.2,0.0,broken,0
1315,R2,5,8,34.2,0.0,broken,0
1315,R3,7,8,34.2,0.0,broken,0
1315,R4,9,8,34.2,100.0,idle,0
1316,R0,1,8,34.15,0.0,broken,0
1316,R1,3,8,34.15,0.0,broken,0
1316,R2,5,8,34.15,0.0,broken,0
1316,R3,7,8,34.15,0.0,broken,0
1316,R4,9,8,34.15,100.0,idle,0
1317,R0,1,8,34.1,0.0,broken,0
1317,R1,3,8,34.1,0.0,broken,0
1317,R2,5,8,34.1,0.0,broken,0
1317,R3,7,8,34.1,0.0,broken,0
1317,R4,9,8,34.1,100.0,idle,0
1318,R0,1,8,34.05,0.0,broken,0
1318,R1,3,8,34.05,0.0,broken,0
1318,R2,5,8,34.05,0.0,broken,0
1318,R3,7,8,34.05,0.0,broken,0
1318,R4,9,8,34.05,100.0,idle,0
1319,R0,1,8,34.0,0.0,broken,0
1319,R1,3,8,34.0,0.0,broken,0
1319,R2,5,8,34.0,0.0,broken,0
1319,R3,7,8,34.0,0.0,broken,0
1319,R4,9,8,34.0,100.0,idle,0
1320,R0,1,8,33.95,0.0,broken,0
1320,R1,3,8,33.95,0.0,broken,0
1320,R2,5,8,33.95,0.0,broken,0
1320,R3,7,8,33.95,0.0,broken,0
1320,R4,9,8,33.95,100.0,idle,0
1321,R0,1,8,33.9,0.0,broken,0
1321,R1,3,8,33.9,0.0,broken,0
1321,R2,5,8,33.9,0.0,broken,0
1321,R3,7,8,33.9,0.0,broken,0
1321,R4,9,8,33.9,100.0,idle,0
1322,R0,1,8,33.85,0.0,broken,0
1322,R1,3,8,33.85,0.0,broken,0
1322,R2,5,8,33.85,0.0,broken,0
1322,R3,7,8,33.85,0.0,broken,0
1322,R4,9,8,33.85,100.0,idle,0
1323,R0,1,8,33.8,0.0,broken,0
1323,R1,3,8,33.8,0.0,broken,0
1323,R2,5,8,33.8,0.0,broken,0
1323,R3,7,8,33.8,0.0,broken,0
1323,R4,9,8,33.8,100.0,idle,0
1324,R0,1,8,33.75,0.0,broken,0
1324,R1,3,8,33.75,0.0,broken,0
1324,R2,5,8,33.75,0.0,broken,0
1324,R3,7,8,33.75,0.0,broken,0
1324,R4,9,8,33.75,100.0,idle,0
1325,R0,1,8,33.7,0.0,broken,0
1325,R1,3,8,33.7,0.0,broken,0
1325,R2,5,8,33.7,0.0,broken,0
1325,R3,7,8,33.7,0.0,broken,0
1325,R4,9,8,33.7,100.0,idle,0
1326,R0,1,8,33.65,0.0,broken,0
1326,R1,3,8,33.65,0.0,broken,0
1326,R2,5,8,33.65,0.0,broken,0
1326,R3,7,8,33.65,0.0,broken,0
1326,R4,9,8,33.65,100.0,idle,0
1327,R0,1,8,33.6,0.0,broken,0
1327,R1,3,8,33.6,0.0,broken,0
1327,R2,5,8,33.6,0.0,broken,0
1327,R3,7,8,33.6,0.0,broken,0
1327,R4,9,8,33.6,100.0,idle,0
1328,R0,1,8,33.55,0.0,broken,0
1328,R1,3,8,33.55,0.0,broken,0
1328,R2,5,8,33.55,0.0,broken,0
1328,R3,7,8,33.55,0.0,broken,0
1328,R4,9,8,33.55,100.0,idle,0
1329,R0,1,8,33.5,0.0,broken,0
1329,R1,3,8,33.5,0.0,broken,0
1329,R2,5,8,33.5,0.0,broken,0
1329,R3,7,8,33.5,0.0,broken,0
1329,R4,9,8,33.5,100.0,idle,0
1330,R0,1,8,33.45,0.0,broken,0
1330,R1,3,8,33.45,0.0,broken,0
1330,R2,5,8,33.45,0.0,broken,0
1330,R3,7,8,33.45,0.0,broken,0
1330,R4,9,8,33.45,100.0,idle,0
1331,R0,1,8,33.4,0.0,broken,0
1331,R1,3,8,33.4,0.0,broken,0
1331,R2,5,8,33.4,0.0,broken,0
1331,R3,7,8,33.4,0.0,broken,0
1331,R4,9,8,33.4,100.0,idle,0
1332,R0,1,8,33.35,0.0,broken,0
1332,R1,3,8,33.35,0.0,broken,0
1332,R2,5,8,33.35,0.0,broken,0
1332,R3,7,8,33.35,0.0,broken,0
1332,R4,9,8,33.35,100.0,idle,0
1333,R0,1,8,33.3,0.0,broken,0
1333,R1,3,8,33.3,0.0,broken,0
1333,R2,5,8,33.3,0.0,broken,0
1333,R3,7,8,33.3,0.0,broken,0
1333,R4,9,8,33.3,100.0,idle,0
1334,R0,1,8,33.25,0.0,broken,0
1334,R1,3,8,33.25,0.0,broken,0
1334,R2,5,8,33.25,0.0,broken,0
1334,R3,7,8,33.25,0.0,broken,0
1334,R4,9,8,33.25,100.0,idle,0
1335,R0,1,8,33.2,0.0,broken,0
1335,R1,3,8,33.2,0.0,broken,0
1335,R2,5,8,33.2,0.0,broken,0
1335,R3,7,8,33.2,0.0,broken,0
1335,R4,9,8,33.2,100.0,idle,0
1336,R0,1,8,33.15,0.0,broken,0
1336,R1,3,8,33.15,0.0,broken,0
1336,R2,5,8,33.15,0.0,broken,0
1336,R3,7,8,33.15,0.0,broken,0
1336,R4,9,8,33.15,100.0,idle,0
1337,R0,1,8,33.1,0.0,broken,0
1337,R1,3,8,33.1,0.0,broken,0
1337,R2,5,8,33.1,0.0,broken,0
1337,R3,7,8,33.1,0.0,broken,0
1337,R4,9,8,33.1,100.0,idle,0
1338,R0,1,8,33.05,0.0,broken,0
1338,R1,3,8,33.05,0.0,broken,0
1338,R2,5,8,33.05,0.0,broken,0
1338,R3,7,8,33.05,0.0,broken,0
1338,R4,9,8,33.05,100.0,idle,0
1339,R0,1,8,33.0,0.0,broken,0
1339,R1,3,8,33.0,0.0,broken,0
1339,R2,5,8,33.0,0.0,broken,0
1339,R3,7,8,33.0,0.0,broken,0
1339,R4,9,8,33.0,100.0,idle,0
1340,R0,1,8,32.95,0.0,broken,0
1340,R1,3,8,32.95,0.0,broken,0
1340,R2,5,8,32.95,0.0,broken,0
1340,R3,7,8,32.95,0.0,broken,0
1340,R4,9,8,32.95,100.0,idle,0
1341,R0,1,8,32.9,0.0,broken,0
1341,R1,3,8,32.9,0.0,broken,0
1341,R2,5,8,32.9,0.0,broken,0
1341,R3,7,8,32.9,0.0,broken,0
1341,R4,9,8,32.9,100.0,idle,0
1342,R0,1,8,32.85,0.0,broken,0
1342,R1,3,8,32.85,0.0,broken,0
1342,R2,5,8,32.85,0.0,broken,0
1342,R3,7,8,32.85,0.0,broken,0
1342,R4,9,8,32.85,100.0,idle,0
1343,R0,1,8,32.8,0.0,broken,0
1343,R1,3,8,32.8,0.0,broken,0
1343,R2,5,8,32.8,0.0,broken,0
1343,R3,7,8,32.8,0.0,broken,0
1343,R4,9,8,32.8,100.0,idle,0
1344,R0,1,8,32.75,0.0,broken,0
1344,R1,3,8,32.75,0.0,broken,0
1344,R2,5,8,32.75,0.0,broken,0
1344,R3,7,8,32.75,0.0,broken,0
1344,R4,9,8,32.75,100.0,idle,0
1345,R0,1,8,32.7,0.0,broken,0
1345,R1,3,8,32.7,0.0,broken,0
1345,R2,5,8,32.7,0.0,broken,0
1345,R3,7,8,32.7,0.0,broken,0
1345,R4,9,8,32.7,100.0,idle,0
1346,R0,1,8,32.65,0.0,broken,0
1346,R1,3,8,32.65,0.0,broken,0
1346,R2,5,8,32.65,0.0,broken,0
1346,R3,7,8,32.65,0.0,broken,0
1346,R4,9,8,32.65,100.0,idle,0
1347,R0,1,8,32.6,0.0,broken,0
1347,R1,3,8,32.6,0.0,broken,0
1347,R2,5,8,32.6,0.0,broken,0
1347,R3,7,8,32.6,0.0,broken,0
1347,R4,9,8,32.6,100.0,idle,0
1348,R0,1,8,32.55,0.0,broken,0
1348,R1,3,8,32.55,0.0,broken,0
1348,R2,5,8,32.55,0.0,broken,0
1348,R3,7,8,32.55,0.0,broken,0
1348,R4,9,8,32.55,100.0,idle,0
1349,R0,1,8,32.5,0.0,broken,0
1349,R1,3,8,32.5,0.0,broken,0
1349,R2,5,8,32.5,0.0,broken,0
1349,R3,7,8,32.5,0.0,broken,0
1349,R4,9,8,32.5,100.0,idle,0
1350,R0,1,8,32.45,0.0,broken,0
1350,R1,3,8,32.45,0.0,broken,0
1350,R2,5,8,32.45,0.0,broken,0
1350,R3,7,8,32.45,0.0,broken,0
1350,R4,9,8,32.45,100.0,idle,0
1351,R0,1,8,32.4,0.0,broken,0
1351,R1,3,8,32.4,0.0,broken,0
1351,R2,5,8,32.4,0.0,broken,0
1351,R3,7,8,32.4,0.0,broken,0
1351,R4,9,8,32.4,100.0,idle,0
1352,R0,1,8,32.35,0.0,broken,0
1352,R1,3,8,32.35,0.0,broken,0
1352,R2,5,8,32.35,0.0,broken,0
1352,R3,7,8,32.35,0.0,broken,0
1352,R4,9,8,32.35,100.0,idle,0
1353,R0,1,8,32.3,0.0,broken,0
1353,R1,3,8,32.3,0.0,broken,0
1353,R2,5,8,32.3,0.0,broken,0
1353,R3,7,8,32.3,0.0,broken,0
1353,R4,9,8,32.3,100.0,idle,0
1354,R0,1,8,32.25,0.0,broken,0
1354,R1,3,8,32.25,0.0,broken,0
1354,R2,5,8,32.25,0.0,broken,0
1354,R3,7,8,32.25,0.0,broken,0
1354,R4,9,8,32.25,100.0,idle,0
1355,R0,1,8,32.2,0.0,broken,0
1355,R1,3,8,32.2,0.0,broken,0
1355,R2,5,8,32.2,0.0,broken,0
1355,R3,7,8,32.2,0.0,broken,0
1355,R4,9,8,32.2,100.0,idle,0
1356,R0,1,8,32.15,0.0,broken,0
1356,R1,3,8,32.15,0.0,broken,0
1356,R2,5,8,32.15,0.0,broken,0
1356,R3,7,8,32.15,0.0,broken,0
1356,R4,9,8,32.15,100.0,idle,0
1357,R0,1,8,32.1,0.0,broken,0
1357,R1,3,8,32.1,0.0,broken,0
1357,R2,5,8,32.1,0.0,broken,0
1357,R3,7,8,32.1,0.0,broken,0
1357,R4,9,8,32.1,100.0,idle,0
1358,R0,1,8,32.05,0.0,broken,0
1358,R1,3,8,32.05,0.0,broken,0
1358,R2,5,8,32.05,0.0,broken,0
1358,R3,7,8,32.05,0.0,broken,0
1358,R4,9,8,32.05,100.0,idle,0
1359,R0,1,8,32.0,0.0,broken,0
1359,R1,3,8,32.0,0.0,broken,0
1359,R2,5,8,32.0,0.0,broken,0
1359,R3,7,8,32.0,0.0,broken,0
1359,R4,9,8,32.0,100.0,idle,0
1360,R0,1,8,31.95,0.0,broken,0
1360,R1,3,8,31.95,0.0,broken,0
1360,R2,5,8,31.95,0.0,broken,0
1360,R3,7,8,31.95,0.0,broken,0
1360,R4,9,8,31.95,100.0,idle,0
1361,R0,1,8,31.9,0.0,broken,0
1361,R1,3,8,31.9,0.0,broken,0
1361,R2,5,8,31.9,0.0,broken,0
1361,R3,7,8,31.9,0.0,broken,0
1361,R4,9,8,31.9,100.0,idle,0
1362,R0,1,8,31.85,0.0,broken,0
1362,R1,3,8,31.85,0.0,broken,0
1362,R2,5,8,31.85,0.0,broken,0
1362,R3,7,8,31.85,0.0,broken,0
1362,R4,9,8,31.85,100.0,idle,0
1363,R0,1,8,31.8,0.0,broken,0
1363,R1,3,8,31.8,0.0,broken,0
1363,R2,5,8,31.8,0.0,broken,0
1363,R3,7,8,31.8,0.0,broken,0
1363,R4,9,8,31.8,100.0,idle,0
1364,R0,1,8,31.75,0.0,broken,0
1364,R1,3,8,31.75,0.0,broken,0
1364,R2,5,8,31.75,0.0,broken,0
1364,R3,7,8,31.75,0.0,broken,0
1364,R4,9,8,31.75,100.0,idle,0
1365,R0,1,8,31.7,0.0,broken,0
1365,R1,3,8,31.7,0.0,broken,0
1365,R2,5,8,31.7,0.0,broken,0
1365,R3,7,8,31.7,0.0,broken,0
1365,R4,9,8,31.7,100.0,idle,0
1366,R0,1,8,31.65,0.0,broken,0
1366,R1,3,8,31.65,0.0,broken,0
1366,R2,5,8,31.65,0.0,broken,0
1366,R3,7,8,31.65,0.0,broken,0
1366,R4,9,8,31.65,100.0,idle,0
1367,R0,1,8,31.6,0.0,broken,0
1367,R1,3,8,31.6,0.0,broken,0
1367,R2,5,8,31.6,0.0,broken,0
1367,R3,7,8,31.6,0.0,broken,0
1367,R4,9,8,31.6,100.0,idle,0
1368,R0,1,8,31.55,0.0,broken,0
1368,R1,3,8,31.55,0.0,broken,0
1368,R2,5,8,31.55,0.0,broken,0
1368,R3,7,8,31.55,0.0,broken,0
1368,R4,9,8,31.55,100.0,idle,0
1369,R0,1,8,31.5,0.0,broken,0
1369,R1,3,8,31.5,0.0,broken,0
1369,R2,5,8,31.5,0.0,broken,0
1369,R3,7,8,31.5,0.0,broken,0
1369,R4,9,8,31.5,100.0,idle,0
1370,R0,1,8,31.45,0.0,broken,0
1370,R1,3,8,31.45,0.0,broken,0
1370,R2,5,8,31.45,0.0,broken,0
1370,R3,7,8,31.45,0.0,broken,0
1370,R4,9,8,31.45,100.0,idle,0
1371,R0,1,8,31.4,0.0,broken,0
1371,R1,3,8,31.4,0.0,broken,0
1371,R2,5,8,31.4,0.0,broken,0
1371,R3,7,8,31.4,0.0,broken,0
1371,R4,9,8,31.4,100.0,idle,0
1372,R0,1,8,31.35,0.0,broken,0
1372,R1,3,8,31.35,0.0,broken,0
1372,R2,5,8,31.35,0.0,broken,0
1372,R3,7,8,31.35,0.0,broken,0
1372,R4,9,8,31.35,100.0,idle,0
1373,R0,1,8,31.3,0.0,broken,0
1373,R1,3,8,31.3,0.0,broken,0
1373,R2,5,8,31.3,0.0,broken,0
1373,R3,7,8,31.3,0.0,broken,0
1373,R4,9,8,31.3,100.0,idle,0
1374,R0,1,8,31.25,0.0,broken,0
1374,R1,3,8,31.25,0.0,broken,0
1374,R2,5,8,31.25,0.0,broken,0
1374,R3,7,8,31.25,0.0,broken,0
1374,R4,9,8,31.25,100.0,idle,0
1375,R0,1,8,31.2,0.0,broken,0
1375,R1,3,8,31.2,0.0,broken,0
1375,R2,5,8,31.2,0.0,broken,0
1375,R3,7,8,31.2,0.0,broken,0
1375,R4,9,8,31.2,100.0,idle,0
1376,R0,1,8,31.15,0.0,broken,0
1376,R1,3,8,31.15,0.0,broken,0
1376,R2,5,8,31.15,0.0,broken,0
1376,R3,7,8,31.15,0.0,broken,0
1376,R4,9,8,31.15,100.0,idle,0
1377,R0,1,8,31.1,0.0,broken,0
1377,R1,3,8,31.1,0.0,broken,0
1377,R2,5,8,31.1,0.0,broken,0
1377,R3,7,8,31.1,0.0,broken,0
1377,R4,9,8,31.1,100.0,idle,0
1378,R0,1,8,31.05,0.0,broken,0
1378,R1,3,8,31.05,0.0,broken,0
1378,R2,5,8,31.05,0.0,broken,0
1378,R3,7,8,31.05,0.0,broken,0
1378,R4,9,8,31.05,100.0,idle,0
1379,R0,1,8,31.0,0.0,broken,0
1379,R1,3,8,31.0,0.0,broken,0
1379,R2,5,8,31.0,0.0,broken,0
1379,R3,7,8,31.0,0.0,broken,0
1379,R4,9,8,31.0,100.0,idle,0
1380,R0,1,8,30.95,0.0,broken,0
1380,R1,3,8,30.95,0.0,broken,0
1380,R2,5,8,30.95,0.0,broken,0
1380,R3,7,8,30.95,0.0,broken,0
1380,R4,9,8,30.95,100.0,idle,0
1381,R0,1,8,30.9,0.0,broken,0
1381,R1,3,8,30.9,0.0,broken,0
1381,R2,5,8,30.9,0.0,broken,0
1381,R3,7,8,30.9,0.0,broken,0
1381,R4,9,8,30.9,100.0,idle,0
1382,R0,1,8,30.85,0.0,broken,0
1382,R1,3,8,30.85,0.0,broken,0
1382,R2,5,8,30.85,0.0,broken,0
1382,R3,7,8,30.85,0.0,broken,0
1382,R4,9,8,30.85,100.0,idle,0
1383,R0,1,8,30.8,0.0,broken,0
1383,R1,3,8,30.8,0.0,broken,0
1383,R2,5,8,30.8,0.0,broken,0
1383,R3,7,8,30.8,0.0,broken,0
1383,R4,9,8,30.8,100.0,idle,0
1384,R0,1,8,30.75,0.0,broken,0
1384,R1,3,8,30.75,0.0,broken,0
1384,R2,5,8,30.75,0.0,broken,0
1384,R3,7,8,30.75,0.0,broken,0
1384,R4,9,8,30.75,100.0,idle,0
1385,R0,1,8,30.7,0.0,broken,0
1385,R1,3,8,30.7,0.0,broken,0
1385,R2,5,8,30.7,0.0,broken,0
1385,R3,7,8,30.7,0.0,broken,0
1385,R4,9,8,30.7,100.0,idle,0
1386,R0,1,8,30.65,0.0,broken,0
1386,R1,3,8,30.65,0.0,broken,0
1386,R2,5,8,30.65,0.0,broken,0
1386,R3,7,8,30.65,0.0,broken,0
1386,R4,9,8,30.65,100.0,idle,0
1387,R0,1,8,30.6,0.0,broken,0
1387,R1,3,8,30.6,0.0,broken,0
1387,R2,5,8,30.6,0.0,broken,0
1387,R3,7,8,30.6,0.0,broken,0
1387,R4,9,8,30.6,100.0,idle,0
1388,R0,1,8,30.55,0.0,broken,0
1388,R1,3,8,30.55,0.0,broken,0
1388,R2,5,8,30.55,0.0,broken,0
1388,R3,7,8,30.55,0.0,broken,0
1388,R4,9,8,30.55,100.0,idle,0
1389,R0,1,8,30.5,0.0,broken,0
1389,R1,3,8,30.5,0.0,broken,0
1389,R2,5,8,30.5,0.0,broken,0
1389,R3,7,8,30.5,0.0,broken,0
1389,R4,9,8,30.5,100.0,idle,0
1390,R0,1,8,30.45,0.0,broken,0
1390,R1,3,8,30.45,0.0,broken,0
1390,R2,5,8,30.45,0.0,broken,0
1390,R3,7,8,30.45,0.0,broken,0
1390,R4,9,8,30.45,100.0,idle,0
1391,R0,1,8,30.4,0.0,broken,0
1391,R1,3,8,30.4,0.0,broken,0
1391,R2,5,8,30.4,0.0,broken,0
1391,R3,7,8,30.4,0.0,broken,0
1391,R4,9,8,30.4,100.0,idle,0
1392,R0,1,8,30.35,0.0,broken,0
1392,R1,3,8,30.35,0.0,broken,0
1392,R2,5,8,30.35,0.0,broken,0
1392,R3,7,8,30.35,0.0,broken,0
1392,R4,9,8,30.35,100.0,idle,0
1393,R0,1,8,30.3,0.0,broken,0
1393,R1,3,8,30.3,0.0,broken,0
1393,R2,5,8,30.3,0.0,broken,0
1393,R3,7,8,30.3,0.0,broken,0
1393,R4,9,8,30.3,100.0,idle,0
1394,R0,1,8,30.25,0.0,broken,0
1394,R1,3,8,30.25,0.0,broken,0
1394,R2,5,8,30.25,0.0,broken,0
1394,R3,7,8,30.25,0.0,broken,0
1394,R4,9,8,30.25,100.0,idle,0
1395,R0,1,8,30.2,0.0,broken,0
1395,R1,3,8,30.2,0.0,broken,0
1395,R2,5,8,30.2,0.0,broken,0
1395,R3,7,8,30.2,0.0,broken,0
1395,R4,9,8,30.2,100.0,idle,0
1396,R0,1,8,30.15,0.0,broken,0
1396,R1,3,8,30.15,0.0,broken,0
1396,R2,5,8,30.15,0.0,broken,0
1396,R3,7,8,30.15,0.0,broken,0
1396,R4,9,8,30.15,100.0,idle,0
1397,R0,1,8,30.1,0.0,broken,0
1397,R1,3,8,30.1,0.0,broken,0
1397,R2,5,8,30.1,0.0,broken,0
1397,R3,7,8,30.1,0.0,broken,0
1397,R4,9,8,30.1,100.0,idle,0
1398,R0,1,8,30.05,0.0,broken,0
1398,R1,3,8,30.05,0.0,broken,0
1398,R2,5,8,30.05,0.0,broken,0
1398,R3,7,8,30.05,0.0,broken,0
1398,R4,9,8,30.05,100.0,idle,0
1399,R0,1,8,30.0,0.0,broken,0
1399,R1,3,8,30.0,0.0,broken,0
1399,R2,5,8,30.0,0.0,broken,0
1399,R3,7,8,30.0,0.0,broken,0
1399,R4,9,8,30.0,100.0,idle,0
1400,R0,1,8,29.95,0.0,broken,0
1400,R1,3,8,29.95,0.0,broken,0
1400,R2,5,8,29.95,0.0,broken,0
1400,R3,7,8,29.95,0.0,broken,0
1400,R4,9,8,29.95,100.0,idle,0
1401,R0,1,8,29.9,0.0,broken,0
1401,R1,3,8,29.9,0.0,broken,0
1401,R2,5,8,29.9,0.0,broken,0
1401,R3,7,8,29.9,0.0,broken,0
1401,R4,9,8,29.9,100.0,idle,0
1402,R0,1,8,29.85,0.0,broken,0
1402,R1,3,8,29.85,0.0,broken,0
1402,R2,5,8,29.85,0.0,broken,0
1402,R3,7,8,29.85,0.0,broken,0
1402,R4,9,8,29.85,100.0,idle,0
1403,R0,1,8,29.8,0.0,broken,0
1403,R1,3,8,29.8,0.0,broken,0
1403,R2,5,8,29.8,0.0,broken,0
1403,R3,7,8,29.8,0.0,broken,0
1403,R4,9,8,29.8,100.0,idle,0
1404,R0,1,8,29.75,0.0,broken,0
1404,R1,3,8,29.75,0.0,broken,0
1404,R2,5,8,29.75,0.0,broken,0
1404,R3,7,8,29.75,0.0,broken,0
1404,R4,9,8,29.75,100.0,idle,0
1405,R0,1,8,29.7,0.0,broken,0
1405,R1,3,8,29.7,0.0,broken,0
1405,R2,5,8,29.7,0.0,broken,0
1405,R3,7,8,29.7,0.0,broken,0
1405,R4,9,8,29.7,100.0,idle,0
1406,R0,1,8,29.65,0.0,broken,0
1406,R1,3,8,29.65,0.0,broken,0
1406,R2,5,8,29.65,0.0,broken,0
1406,R3,7,8,29.65,0.0,broken,0
1406,R4,9,8,29.65,100.0,idle,0
1407,R0,1,8,29.6,0.0,broken,0
1407,R1,3,8,29.6,0.0,broken,0
1407,R2,5,8,29.6,0.0,broken,0
1407,R3,7,8,29.6,0.0,broken,0
1407,R4,9,8,29.6,100.0,idle,0
1408,R0,1,8,29.55,0.0,broken,0
1408,R1,3,8,29.55,0.0,broken,0
1408,R2,5,8,29.55,0.0,broken,0
1408,R3,7,8,29.55,0.0,broken,0
1408,R4,9,8,29.55,100.0,idle,0
1409,R0,1,8,29.5,0.0,broken,0
1409,R1,3,8,29.5,0.0,broken,0
1409,R2,5,8,29.5,0.0,broken,0
1409,R3,7,8,29.5,0.0,broken,0
1409,R4,9,8,29.5,100.0,idle,0
1410,R0,1,8,29.45,0.0,broken,0
1410,R1,3,8,29.45,0.0,broken,0
1410,R2,5,8,29.45,0.0,broken,0
1410,R3,7,8,29.45,0.0,broken,0
1410,R4,9,8,29.45,100.0,idle,0
1411,R0,1,8,29.4,0.0,broken,0
1411,R1,3,8,29.4,0.0,broken,0
1411,R2,5,8,29.4,0.0,broken,0
1411,R3,7,8,29.4,0.0,broken,0
1411,R4,9,8,29.4,100.0,idle,0
1412,R0,1,8,29.35,0.0,broken,0
1412,R1,3,8,29.35,0.0,broken,0
1412,R2,5,8,29.35,0.0,broken,0
1412,R3,7,8,29.35,0.0,broken,0
1412,R4,9,8,29.35,100.0,idle,0
1413,R0,1,8,29.3,0.0,broken,0
1413,R1,3,8,29.3,0.0,broken,0
1413,R2,5,8,29.3,0.0,broken,0
1413,R3,7,8,29.3,0.0,broken,0
1413,R4,9,8,29.3,100.0,idle,0
1414,R0,1,8,29.25,0.0,broken,0
1414,R1,3,8,29.25,0.0,broken,0
1414,R2,5,8,29.25,0.0,broken,0
1414,R3,7,8,29.25,0.0,broken,0
1414,R4,9,8,29.25,100.0,idle,0
1415,R0,1,8,29.2,0.0,broken,0
1415,R1,3,8,29.2,0.0,broken,0
1415,R2,5,8,29.2,0.0,broken,0
1415,R3,7,8,29.2,0.0,broken,0
1415,R4,9,8,29.2,100.0,idle,0
1416,R0,1,8,29.15,0.0,broken,0
1416,R1,3,8,29.15,0.0,broken,0
1416,R2,5,8,29.15,0.0,broken,0
1416,R3,7,8,29.15,0.0,broken,0
1416,R4,9,8,29.15,100.0,idle,0
1417,R0,1,8,29.1,0.0,broken,0
1417,R1,3,8,29.1,0.0,broken,0
1417,R2,5,8,29.1,0.0,broken,0
1417,R3,7,8,29.1,0.0,broken,0
1417,R4,9,8,29.1,100.0,idle,0
1418,R0,1,8,29.05,0.0,broken,0
1418,R1,3,8,29.05,0.0,broken,0
1418,R2,5,8,29.05,0.0,broken,0
1418,R3,7,8,29.05,0.0,broken,0
1418,R4,9,8,29.05,100.0,idle,0
1419,R0,1,8,29.0,0.0,broken,0
1419,R1,3,8,29.0,0.0,broken,0
1419,R2,5,8,29.0,0.0,broken,0
1419,R3,7,8,29.0,0.0,broken,0
1419,R4,9,8,29.0,100.0,idle,0
1420,R0,1,8,28.95,0.0,broken,0
1420,R1,3,8,28.95,0.0,broken,0
1420,R2,5,8,28.95,0.0,broken,0
1420,R3,7,8,28.95,0.0,broken,0
1420,R4,9,8,28.95,100.0,idle,0
1421,R0,1,8,28.9,0.0,broken,0
1421,R1,3,8,28.9,0.0,broken,0
1421,R2,5,8,28.9,0.0,broken,0
1421,R3,7,8,28.9,0.0,broken,0
1421,R4,9,8,28.9,100.0,idle,0
1422,R0,1,8,28.85,0.0,broken,0
1422,R1,3,8,28.85,0.0,broken,0
1422,R2,5,8,28.85,0.0,broken,0
1422,R3,7,8,28.85,0.0,broken,0
1422,R4,9,8,28.85,100.0,idle,0
1423,R0,1,8,28.8,0.0,broken,0
1423,R1,3,8,28.8,0.0,broken,0
1423,R2,5,8,28.8,0.0,broken,0
1423,R3,7,8,28.8,0.0,broken,0
1423,R4,9,8,28.8,100.0,idle,0
1424,R0,1,8,28.75,0.0,broken,0
1424,R1,3,8,28.75,0.0,broken,0
1424,R2,5,8,28.75,0.0,broken,0
1424,R3,7,8,28.75,0.0,broken,0
1424,R4,9,8,28.75,100.0,idle,0
1425,R0,1,8,28.7,0.0,broken,0
1425,R1,3,8,28.7,0.0,broken,0
1425,R2,5,8,28.7,0.0,broken,0
1425,R3,7,8,28.7,0.0,broken,0
1425,R4,9,8,28.7,100.0,idle,0
1426,R0,1,8,28.65,0.0,broken,0
1426,R1,3,8,28.65,0.0,broken,0
1426,R2,5,8,28.65,0.0,broken,0
1426,R3,7,8,28.65,0.0,broken,0
1426,R4,9,8,28.65,100.0,idle,0
1427,R0,1,8,28.6,0.0,broken,0
1427,R1,3,8,28.6,0.0,broken,0
1427,R2,5,8,28.6,0.0,broken,0
1427,R3,7,8,28.6,0.0,broken,0
1427,R4,9,8,28.6,100.0,idle,0
1428,R0,1,8,28.55,0.0,broken,0
1428,R1,3,8,28.55,0.0,broken,0
1428,R2,5,8,28.55,0.0,broken,0
1428,R3,7,8,28.55,0.0,broken,0
1428,R4,9,8,28.55,100.0,idle,0
1429,R0,1,8,28.5,0.0,broken,0
1429,R1,3,8,28.5,0.0,broken,0
1429,R2,5,8,28.5,0.0,broken,0
1429,R3,7,8,28.5,0.0,broken,0
1429,R4,9,8,28.5,100.0,idle,0
1430,R0,1,8,28.45,0.0,broken,0
1430,R1,3,8,28.45,0.0,broken,0
1430,R2,5,8,28.45,0.0,broken,0
1430,R3,7,8,28.45,0.0,broken,0
1430,R4,9,8,28.45,100.0,idle,0
1431,R0,1,8,28.4,0.0,broken,0
1431,R1,3,8,28.4,0.0,broken,0
1431,R2,5,8,28.4,0.0,broken,0
1431,R3,7,8,28.4,0.0,broken,0
1431,R4,9,8,28.4,100.0,idle,0
1432,R0,1,8,28.35,0.0,broken,0
1432,R1,3,8,28.35,0.0,broken,0
1432,R2,5,8,28.35,0.0,broken,0
1432,R3,7,8,28.35,0.0,broken,0
1432,R4,9,8,28.35,100.0,idle,0
1433,R0,1,8,28.3,0.0,broken,0
1433,R1,3,8,28.3,0.0,broken,0
1433,R2,5,8,28.3,0.0,broken,0
1433,R3,7,8,28.3,0.0,broken,0
1433,R4,9,8,28.3,100.0,idle,0
1434,R0,1,8,28.25,0.0,broken,0
1434,R1,3,8,28.25,0.0,broken,0
1434,R2,5,8,28.25,0.0,broken,0
1434,R3,7,8,28.25,0.0,broken,0
1434,R4,9,8,28.25,100.0,idle,0
1435,R0,1,8,28.2,0.0,broken,0
1435,R1,3,8,28.2,0.0,broken,0
1435,R2,5,8,28.2,0.0,broken,0
1435,R3,7,8,28.2,0.0,broken,0
1435,R4,9,8,28.2,100.0,idle,0
1436,R0,1,8,28.15,0.0,broken,0
1436,R1,3,8,28.15,0.0,broken,0
1436,R2,5,8,28.15,0.0,broken,0
1436,R3,7,8,28.15,0.0,broken,0
1436,R4,9,8,28.15,100.0,idle,0
1437,R0,1,8,28.1,0.0,broken,0
1437,R1,3,8,28.1,0.0,broken,0
1437,R2,5,8,28.1,0.0,broken,0
1437,R3,7,8,28.1,0.0,broken,0
1437,R4,9,8,28.1,100.0,idle,0
1438,R0,1,8,28.05,0.0,broken,0
1438,R1,3,8,28.05,0.0,broken,0
1438,R2,5,8,28.05,0.0,broken,0
1438,R3,7,8,28.05,0.0,broken,0
1438,R4,9,8,28.05,100.0,idle,0
1439,R0,1,8,28.0,0.0,broken,0
1439,R1,3,8,28.0,0.0,broken,0
1439,R2,5,8,28.0,0.0,broken,0
1439,R3,7,8,28.0,0.0,broken,0
1439,R4,9,8,28.0,100.0,idle,0
1440,R0,1,8,27.95,0.0,broken,0
1440,R1,3,8,27.95,0.0,broken,0
1440,R2,5,8,27.95,0.0,broken,0
1440,R3,7,8,27.95,0.0,broken,0
1440,R4,9,8,27.95,100.0,idle,0
1441,R0,1,8,27.9,0.0,broken,0
1441,R1,3,8,27.9,0.0,broken,0
1441,R2,5,8,27.9,0.0,broken,0
1441,R3,7,8,27.9,0.0,broken,0
1441,R4,9,8,27.9,100.0,idle,0
1442,R0,1,8,27.85,0.0,broken,0
1442,R1,3,8,27.85,0.0,broken,0
1442,R2,5,8,27.85,0.0,broken,0
1442,R3,7,8,27.85,0.0,broken,0
1442,R4,9,8,27.85,100.0,idle,0
1443,R0,1,8,27.8,0.0,broken,0
1443,R1,3,8,27.8,0.0,broken,0
1443,R2,5,8,27.8,0.0,broken,0
1443,R3,7,8,27.8,0.0,broken,0
1443,R4,9,8,27.8,100.0,idle,0
1444,R0,1,8,27.75,0.0,broken,0
1444,R1,3,8,27.75,0.0,broken,0
1444,R2,5,8,27.75,0.0,broken,0
1444,R3,7,8,27.75,0.0,broken,0
1444,R4,9,8,27.75,100.0,idle,0
1445,R0,1,8,27.7,0.0,broken,0
1445,R1,3,8,27.7,0.0,broken,0
1445,R2,5,8,27.7,0.0,broken,0
1445,R3,7,8,27.7,0.0,broken,0
1445,R4,9,8,27.7,100.0,idle,0
1446,R0,1,8,27.65,0.0,broken,0
1446,R1,3,8,27.65,0.0,broken,0
1446,R2,5,8,27.65,0.0,broken,0
1446,R3,7,8,27.65,0.0,broken,0
1446,R4,9,8,27.65,100.0,idle,0
1447,R0,1,8,27.6,0.0,broken,0
1447,R1,3,8,27.6,0.0,broken,0
1447,R2,5,8,27.6,0.0,broken,0
1447,R3,7,8,27.6,0.0,broken,0
1447,R4,9,8,27.6,100.0,idle,0
1448,R0,1,8,27.55,0.0,broken,0
1448,R1,3,8,27.55,0.0,broken,0
1448,R2,5,8,27.55,0.0,broken,0
1448,R3,7,8,27.55,0.0,broken,0
1448,R4,9,8,27.55,100.0,idle,0
1449,R0,1,8,27.5,0.0,broken,0
1449,R1,3,8,27.5,0.0,broken,0
1449,R2,5,8,27.5,0.0,broken,0
1449,R3,7,8,27.5,0.0,broken,0
1449,R4,9,8,27.5,100.0,idle,0
1450,R0,1,8,27.45,0.0,broken,0
1450,R1,3,8,27.45,0.0,broken,0
1450,R2,5,8,27.45,0.0,broken,0
1450,R3,7,8,27.45,0.0,broken,0
1450,R4,9,8,27.45,100.0,idle,0
1451,R0,1,8,27.4,0.0,broken,0
1451,R1,3,8,27.4,0.0,broken,0
1451,R2,5,8,27.4,0.0,broken,0
1451,R3,7,8,27.4,0.0,broken,0
1451,R4,9,8,27.4,100.0,idle,0
1452,R0,1,8,27.35,0.0,broken,0
1452,R1,3,8,27.35,0.0,broken,0
1452,R2,5,8,27.35,0.0,broken,0
1452,R3,7,8,27.35,0.0,broken,0
1452,R4,9,8,27.35,100.0,idle,0
1453,R0,1,8,27.3,0.0,broken,0
1453,R1,3,8,27.3,0.0,broken,0
1453,R2,5,8,27.3,0.0,broken,0
1453,R3,7,8,27.3,0.0,broken,0
1453,R4,9,8,27.3,100.0,idle,0
1454,R0,1,8,27.25,0.0,broken,0
1454,R1,3,8,27.25,0.0,broken,0
1454,R2,5,8,27.25,0.0,broken,0
1454,R3,7,8,27.25,0.0,broken,0
1454,R4,9,8,27.25,100.0,idle,0
1455,R0,1,8,27.2,0.0,broken,0
1455,R1,3,8,27.2,0.0,broken,0
1455,R2,5,8,27.2,0.0,broken,0
1455,R3,7,8,27.2,0.0,broken,0
1455,R4,9,8,27.2,100.0,idle,0
1456,R0,1,8,27.15,0.0,broken,0
1456,R1,3,8,27.15,0.0,broken,0
1456,R2,5,8,27.15,0.0,broken,0
1456,R3,7,8,27.15,0.0,broken,0
1456,R4,9,8,27.15,100.0,idle,0
1457,R0,1,8,27.1,0.0,broken,0
1457,R1,3,8,27.1,0.0,broken,0
1457,R2,5,8,27.1,0.0,broken,0
1457,R3,7,8,27.1,0.0,broken,0
1457,R4,9,8,27.1,100.0,idle,0
1458,R0,1,8,27.05,0.0,broken,0
1458,R1,3,8,27.05,0.0,broken,0
1458,R2,5,8,27.05,0.0,broken,0
1458,R3,7,8,27.05,0.0,broken,0
1458,R4,9,8,27.05,100.0,idle,0
1459,R0,1,8,27.0,0.0,broken,0
1459,R1,3,8,27.0,0.0,broken,0
1459,R2,5,8,27.0,0.0,broken,0
1459,R3,7,8,27.0,0.0,broken,0
1459,R4,9,8,27.0,100.0,idle,0
1460,R0,1,8,26.95,0.0,broken,0
1460,R1,3,8,26.95,0.0,broken,0
1460,R2,5,8,26.95,0.0,broken,0
1460,R3,7,8,26.95,0.0,broken,0
1460,R4,9,8,26.95,100.0,idle,0
1461,R0,1,8,26.9,0.0,broken,0
1461,R1,3,8,26.9,0.0,broken,0
1461,R2,5,8,26.9,0.0,broken,0
1461,R3,7,8,26.9,0.0,broken,0
1461,R4,9,8,26.9,100.0,idle,0
1462,R0,1,8,26.85,0.0,broken,0
1462,R1,3,8,26.85,0.0,broken,0
1462,R2,5,8,26.85,0.0,broken,0
1462,R3,7,8,26.85,0.0,broken,0
1462,R4,9,8,26.85,100.0,idle,0
1463,R0,1,8,26.8,0.0,broken,0
1463,R1,3,8,26.8,0.0,broken,0
1463,R2,5,8,26.8,0.0,broken,0
1463,R3,7,8,26.8,0.0,broken,0
1463,R4,9,8,26.8,100.0,idle,0
1464,R0,1,8,26.75,0.0,broken,0
1464,R1,3,8,26.75,0.0,broken,0
1464,R2,5,8,26.75,0.0,broken,0
1464,R3,7,8,26.75,0.0,broken,0
1464,R4,9,8,26.75,100.0,idle,0
1465,R0,1,8,26.7,0.0,broken,0
1465,R1,3,8,26.7,0.0,broken,0
1465,R2,5,8,26.7,0.0,broken,0
1465,R3,7,8,26.7,0.0,broken,0
1465,R4,9,8,26.7,100.0,idle,0
1466,R0,1,8,26.65,0.0,broken,0
1466,R1,3,8,26.65,0.0,broken,0
1466,R2,5,8,26.65,0.0,broken,0
1466,R3,7,8,26.65,0.0,broken,0
1466,R4,9,8,26.65,100.0,idle,0
1467,R0,1,8,26.6,0.0,broken,0
1467,R1,3,8,26.6,0.0,broken,0
1467,R2,5,8,26.6,0.0,broken,0
1467,R3,7,8,26.6,0.0,broken,0
1467,R4,9,8,26.6,100.0,idle,0
1468,R0,1,8,26.55,0.0,broken,0
1468,R1,3,8,26.55,0.0,broken,0
1468,R2,5,8,26.55,0.0,broken,0
1468,R3,7,8,26.55,0.0,broken,0
1468,R4,9,8,26.55,100.0,idle,0
1469,R0,1,8,26.5,0.0,broken,0
1469,R1,3,8,26.5,0.0,broken,0
1469,R2,5,8,26.5,0.0,broken,0
1469,R3,7,8,26.5,0.0,broken,0
1469,R4,9,8,26.5,100.0,idle,0
1470,R0,1,8,26.45,0.0,broken,0
1470,R1,3,8,26.45,0.0,broken,0
1470,R2,5,8,26.45,0.0,broken,0
1470,R3,7,8,26.45,0.0,broken,0
1470,R4,9,8,26.45,100.0,idle,0
1471,R0,1,8,26.4,0.0,broken,0
1471,R1,3,8,26.4,0.0,broken,0
1471,R2,5,8,26.4,0.0,broken,0
1471,R3,7,8,26.4,0.0,broken,0
1471,R4,9,8,26.4,100.0,idle,0
1472,R0,1,8,26.35,0.0,broken,0
1472,R1,3,8,26.35,0.0,broken,0
1472,R2,5,8,26.35,0.0,broken,0
1472,R3,7,8,26.35,0.0,broken,0
1472,R4,9,8,26.35,100.0,idle,0
1473,R0,1,8,26.3,0.0,broken,0
1473,R1,3,8,26.3,0.0,broken,0
1473,R2,5,8,26.3,0.0,broken,0
1473,R3,7,8,26.3,0.0,broken,0
1473,R4,9,8,26.3,100.0,idle,0
1474,R0,1,8,26.25,0.0,broken,0
1474,R1,3,8,26.25,0.0,broken,0
1474,R2,5,8,26.25,0.0,broken,0
1474,R3,7,8,26.25,0.0,broken,0
1474,R4,9,8,26.25,100.0,idle,0
1475,R0,1,8,26.2,0.0,broken,0
1475,R1,3,8,26.2,0.0,broken,0
1475,R2,5,8,26.2,0.0,broken,0
1475,R3,7,8,26.2,0.0,broken,0
1475,R4,9,8,26.2,100.0,idle,0
1476,R0,1,8,26.15,0.0,broken,0
1476,R1,3,8,26.15,0.0,broken,0
1476,R2,5,8,26.15,0.0,broken,0
1476,R3,7,8,26.15,0.0,broken,0
1476,R4,9,8,26.15,100.0,idle,0
1477,R0,1,8,26.1,0.0,broken,0
1477,R1,3,8,26.1,0.0,broken,0
1477,R2,5,8,26.1,0.0,broken,0
1477,R3,7,8,26.1,0.0,broken,0
1477,R4,9,8,26.1,100.0,idle,0
1478,R0,1,8,26.05,0.0,broken,0
1478,R1,3,8,26.05,0.0,broken,0
1478,R2,5,8,26.05,0.0,broken,0
1478,R3,7,8,26.05,0.0,broken,0
1478,R4,9,8,26.05,100.0,idle,0
1479,R0,1,8,26.0,0.0,broken,0
1479,R1,3,8,26.0,0.0,broken,0
1479,R2,5,8,26.0,0.0,broken,0
1479,R3,7,8,26.0,0.0,broken,0
1479,R4,9,8,26.0,100.0,idle,0
1480,R0,1,8,25.95,0.0,broken,0
1480,R1,3,8,25.95,0.0,broken,0
1480,R2,5,8,25.95,0.0,broken,0
1480,R3,7,8,25.95,0.0,broken,0
1480,R4,9,8,25.95,100.0,idle,0
1481,R0,1,8,25.9,0.0,broken,0
1481,R1,3,8,25.9,0.0,broken,0
1481,R2,5,8,25.9,0.0,broken,0
1481,R3,7,8,25.9,0.0,broken,0
1481,R4,9,8,25.9,100.0,idle,0
1482,R0,1,8,25.85,0.0,broken,0
1482,R1,3,8,25.85,0.0,broken,0
1482,R2,5,8,25.85,0.0,broken,0
1482,R3,7,8,25.85,0.0,broken,0
1482,R4,9,8,25.85,100.0,idle,0
1483,R0,1,8,25.8,0.0,broken,0
1483,R1,3,8,25.8,0.0,broken,0
1483,R2,5,8,25.8,0.0,broken,0
1483,R3,7,8,25.8,0.0,broken,0
1483,R4,9,8,25.8,100.0,idle,0
1484,R0,1,8,25.75,0.0,broken,0
1484,R1,3,8,25.75,0.0,broken,0
1484,R2,5,8,25.75,0.0,broken,0
1484,R3,7,8,25.75,0.0,broken,0
1484,R4,9,8,25.75,100.0,idle,0
1485,R0,1,8,25.7,0.0,broken,0
1485,R1,3,8,25.7,0.0,broken,0
1485,R2,5,8,25.7,0.0,broken,0
1485,R3,7,8,25.7,0.0,broken,0
1485,R4,9,8,25.7,100.0,idle,0
1486,R0,1,8,25.65,0.0,broken,0
1486,R1,3,8,25.65,0.0,broken,0
1486,R2,5,8,25.65,0.0,broken,0
1486,R3,7,8,25.65,0.0,broken,0
1486,R4,9,8,25.65,100.0,idle,0
1487,R0,1,8,25.6,0.0,broken,0
1487,R1,3,8,25.6,0.0,broken,0
1487,R2,5,8,25.6,0.0,broken,0
1487,R3,7,8,25.6,0.0,broken,0
1487,R4,9,8,25.6,100.0,idle,0
1488,R0,1,8,25.55,0.0,broken,0
1488,R1,3,8,25.55,0.0,broken,0
1488,R2,5,8,25.55,0.0,broken,0
1488,R3,7,8,25.55,0.0,broken,0
1488,R4,9,8,25.55,100.0,idle,0
1489,R0,1,8,25.5,0.0,broken,0
1489,R1,3,8,25.5,0.0,broken,0
1489,R2,5,8,25.5,0.0,broken,0
1489,R3,7,8,25.5,0.0,broken,0
1489,R4,9,8,25.5,100.0,idle,0
1490,R0,1,8,25.45,0.0,broken,0
1490,R1,3,8,25.45,0.0,broken,0
1490,R2,5,8,25.45,0.0,broken,0
1490,R3,7,8,25.45,0.0,broken,0
1490,R4,9,8,25.45,100.0,idle,0
1491,R0,1,8,25.4,0.0,broken,0
1491,R1,3,8,25.4,0.0,broken,0
1491,R2,5,8,25.4,0.0,broken,0
1491,R3,7,8,25.4,0.0,broken,0
1491,R4,9,8,25.4,100.0,idle,0
1492,R0,1,8,25.35,0.0,broken,0
1492,R1,3,8,25.35,0.0,broken,0
1492,R2,5,8,25.35,0.0,broken,0
1492,R3,7,8,25.35,0.0,broken,0
1492,R4,9,8,25.35,100.0,idle,0
1493,R0,1,8,25.3,0.0,broken,0
1493,R1,3,8,25.3,0.0,broken,0
1493,R2,5,8,25.3,0.0,broken,0
1493,R3,7,8,25.3,0.0,broken,0
1493,R4,9,8,25.3,100.0,idle,0
1494,R0,1,8,25.25,0.0,broken,0
1494,R1,3,8,25.25,0.0,broken,0
1494,R2,5,8,25.25,0.0,broken,0
1494,R3,7,8,25.25,0.0,broken,0
1494,R4,9,8,25.25,100.0,idle,0
1495,R0,1,8,25.2,0.0,broken,0
1495,R1,3,8,25.2,0.0,broken,0
1495,R2,5,8,25.2,0.0,broken,0
1495,R3,7,8,25.2,0.0,broken,0
1495,R4,9,8,25.2,100.0,idle,0
1496,R0,1,8,25.15,0.0,broken,0
1496,R1,3,8,25.15,0.0,broken,0
1496,R2,5,8,25.15,0.0,broken,0
1496,R3,7,8,25.15,0.0,broken,0
1496,R4,9,8,25.15,100.0,idle,0
1497,R0,1,8,25.1,0.0,broken,0
1497,R1,3,8,25.1,0.0,broken,0
1497,R2,5,8,25.1,0.0,broken,0
1497,R3,7,8,25.1,0.0,broken,0
1497,R4,9,8,25.1,100.0,idle,0
1498,R0,1,8,25.05,0.0,broken,0
1498,R1,3,8,25.05,0.0,broken,0
1498,R2,5,8,25.05,0.0,broken,0
1498,R3,7,8,25.05,0.0,broken,0
1498,R4,9,8,25.05,100.0,idle,0
1499,R0,1,8,25.0,0.0,broken,0
1499,R1,3,8,25.0,0.0,broken,0
1499,R2,5,8,25.0,0.0,broken,0
1499,R3,7,8,25.0,0.0,broken,0
1499,R4,9,8,25.0,100.0,idle,0
1500,R0,1,8,24.95,0.0,broken,0
1500,R1,3,8,24.95,0.0,broken,0
1500,R2,5,8,24.95,0.0,broken,0
1500,R3,7,8,24.95,0.0,broken,0
1500,R4,9,8,24.95,100.0,idle,0
1501,R0,1,8,24.9,0.0,broken,0
1501,R1,3,8,24.9,0.0,broken,0
1501,R2,5,8,24.9,0.0,broken,0
1501,R3,7,8,24.9,0.0,broken,0
1501,R4,9,8,24.9,100.0,idle,0
1502,R0,1,8,24.85,0.0,broken,0
1502,R1,3,8,24.85,0.0,broken,0
1502,R2,5,8,24.85,0.0,broken,0
1502,R3,7,8,24.85,0.0,broken,0
1502,R4,9,8,24.85,100.0,idle,0
1503,R0,1,8,24.8,0.0,broken,0
1503,R1,3,8,24.8,0.0,broken,0
1503,R2,5,8,24.8,0.0,broken,0
1503,R3,7,8,24.8,0.0,broken,0
1503,R4,9,8,24.8,100.0,idle,0
1504,R0,1,8,24.75,0.0,broken,0
1504,R1,3,8,24.75,0.0,broken,0
1504,R2,5,8,24.75,0.0,broken,0
1504,R3,7,8,24.75,0.0,broken,0
1504,R4,9,8,24.75,100.0,idle,0
1505,R0,1,8,24.7,0.0,broken,0
1505,R1,3,8,24.7,0.0,broken,0
1505,R2,5,8,24.7,0.0,broken,0
1505,R3,7,8,24.7,0.0,broken,0
1505,R4,9,8,24.7,100.0,idle,0
1506,R0,1,8,24.65,0.0,broken,0
1506,R1,3,8,24.65,0.0,broken,0
1506,R2,5,8,24.65,0.0,broken,0
1506,R3,7,8,24.65,0.0,broken,0
1506,R4,9,8,24.65,100.0,idle,0
1507,R0,1,8,24.6,0.0,broken,0
1507,R1,3,8,24.6,0.0,broken,0
1507,R2,5,8,24.6,0.0,broken,0
1507,R3,7,8,24.6,0.0,broken,0
1507,R4,9,8,24.6,100.0,idle,0
1508,R0,1,8,24.55,0.0,broken,0
1508,R1,3,8,24.55,0.0,broken,0
1508,R2,5,8,24.55,0.0,broken,0
1508,R3,7,8,24.55,0.0,broken,0
1508,R4,9,8,24.55,100.0,idle,0
1509,R0,1,8,24.5,0.0,broken,0
1509,R1,3,8,24.5,0.0,broken,0
1509,R2,5,8,24.5,0.0,broken,0
1509,R3,7,8,24.5,0.0,broken,0
1509,R4,9,8,24.5,100.0,idle,0
1510,R0,1,8,24.45,0.0,broken,0
1510,R1,3,8,24.45,0.0,broken,0
1510,R2,5,8,24.45,0.0,broken,0
1510,R3,7,8,24.45,0.0,broken,0
1510,R4,9,8,24.45,100.0,idle,0
1511,R0,1,8,24.4,0.0,broken,0
1511,R1,3,8,24.4,0.0,broken,0
1511,R2,5,8,24.4,0.0,broken,0
1511,R3,7,8,24.4,0.0,broken,0
1511,R4,9,8,24.4,100.0,idle,0
1512,R0,1,8,24.35,0.0,broken,0
1512,R1,3,8,24.35,0.0,broken,0
1512,R2,5,8,24.35,0.0,broken,0
1512,R3,7,8,24.35,0.0,broken,0
1512,R4,9,8,24.35,100.0,idle,0
1513,R0,1,8,24.3,0.0,broken,0
1513,R1,3,8,24.3,0.0,broken,0
1513,R2,5,8,24.3,0.0,broken,0
1513,R3,7,8,24.3,0.0,broken,0
1513,R4,9,8,24.3,100.0,idle,0
1514,R0,1,8,24.25,0.0,broken,0
1514,R1,3,8,24.25,0.0,broken,0
1514,R2,5,8,24.25,0.0,broken,0
1514,R3,7,8,24.25,0.0,broken,0
1514,R4,9,8,24.25,100.0,idle,0
1515,R0,1,8,24.2,0.0,broken,0
1515,R1,3,8,24.2,0.0,broken,0
1515,R2,5,8,24.2,0.0,broken,0
1515,R3,7,8,24.2,0.0,broken,0
1515,R4,9,8,24.2,100.0,idle,0
1516,R0,1,8,24.15,0.0,broken,0
1516,R1,3,8,24.15,0.0,broken,0
1516,R2,5,8,24.15,0.0,broken,0
1516,R3,7,8,24.15,0.0,broken,0
1516,R4,9,8,24.15,100.0,idle,0
1517,R0,1,8,24.1,0.0,broken,0
1517,R1,3,8,24.1,0.0,broken,0
1517,R2,5,8,24.1,0.0,broken,0
1517,R3,7,8,24.1,0.0,broken,0
1517,R4,9,8,24.1,100.0,idle,0
1518,R0,1,8,24.05,0.0,broken,0
1518,R1,3,8,24.05,0.0,broken,0
1518,R2,5,8,24.05,0.0,broken,0
1518,R3,7,8,24.05,0.0,broken,0
1518,R4,9,8,24.05,100.0,idle,0
1519,R0,1,8,24.0,0.0,broken,0
1519,R1,3,8,24.0,0.0,broken,0
1519,R2,5,8,24.0,0.0,broken,0
1519,R3,7,8,24.0,0.0,broken,0
1519,R4,9,8,24.0,100.0,idle,0
1520,R0,1,8,23.95,0.0,broken,0
1520,R1,3,8,23.95,0.0,broken,0
1520,R2,5,8,23.95,0.0,broken,0
1520,R3,7,8,23.95,0.0,broken,0
1520,R4,9,8,23.95,100.0,idle,0
1521,R0,1,8,23.9,0.0,broken,0
1521,R1,3,8,23.9,0.0,broken,0
1521,R2,5,8,23.9,0.0,broken,0
1521,R3,7,8,23.9,0.0,broken,0
1521,R4,9,8,23.9,100.0,idle,0
1522,R0,1,8,23.85,0.0,broken,0
1522,R1,3,8,23.85,0.0,broken,0
1522,R2,5,8,23.85,0.0,broken,0
1522,R3,7,8,23.85,0.0,broken,0
1522,R4,9,8,23.85,100.0,idle,0
1523,R0,1,8,23.8,0.0,broken,0
1523,R1,3,8,23.8,0.0,broken,0
1523,R2,5,8,23.8,0.0,broken,0
1523,R3,7,8,23.8,0.0,broken,0
1523,R4,9,8,23.8,100.0,idle,0
1524,R0,1,8,23.75,0.0,broken,0
1524,R1,3,8,23.75,0.0,broken,0
1524,R2,5,8,23.75,0.0,broken,0
1524,R3,7,8,23.75,0.0,broken,0
1524,R4,9,8,23.75,100.0,idle,0
1525,R0,1,8,23.7,0.0,broken,0
1525,R1,3,8,23.7,0.0,broken,0
1525,R2,5,8,23.7,0.0,broken,0
1525,R3,7,8,23.7,0.0,broken,0
1525,R4,9,8,23.7,100.0,idle,0
1526,R0,1,8,23.65,0.0,broken,0
1526,R1,3,8,23.65,0.0,broken,0
1526,R2,5,8,23.65,0.0,broken,0
1526,R3,7,8,23.65,0.0,broken,0
1526,R4,9,8,23.65,100.0,idle,0
1527,R0,1,8,23.6,0.0,broken,0
1527,R1,3,8,23.6,0.0,broken,0
1527,R2,5,8,23.6,0.0,broken,0
1527,R3,7,8,23.6,0.0,broken,0
1527,R4,9,8,23.6,100.0,idle,0
1528,R0,1,8,23.55,0.0,broken,0
1528,R1,3,8,23.55,0.0,broken,0
1528,R2,5,8,23.55,0.0,broken,0
1528,R3,7,8,23.55,0.0,broken,0
1528,R4,9,8,23.55,100.0,idle,0
1529,R0,1,8,23.5,0.0,broken,0
1529,R1,3,8,23.5,0.0,broken,0
1529,R2,5,8,23.5,0.0,broken,0
1529,R3,7,8,23.5,0.0,broken,0
1529,R4,9,8,23.5,100.0,idle,0
1530,R0,1,8,23.45,0.0,broken,0
1530,R1,3,8,23.45,0.0,broken,0
1530,R2,5,8,23.45,0.0,broken,0
1530,R3,7,8,23.45,0.0,broken,0
1530,R4,9,8,23.45,100.0,idle,0
1531,R0,1,8,23.4,0.0,broken,0
1531,R1,3,8,23.4,0.0,broken,0
1531,R2,5,8,23.4,0.0,broken,0
1531,R3,7,8,23.4,0.0,broken,0
1531,R4,9,8,23.4,0.0,broken,0
1532,R0,1,8,23.35,0.0,broken,0
1532,R1,3,8,23.35,0.0,broken,0
1532,R2,5,8,23.35,0.0,broken,0
1532,R3,7,8,23.35,0.0,broken,0
1532,R4,9,8,23.35,0.0,broken,0
1533,R0,1,8,23.3,0.0,broken,0
1533,R1,3,8,23.3,0.0,broken,0
1533,R2,5,8,23.3,0.0,broken,0
1533,R3,7,8,23.3,0.0,broken,0
1533,R4,9,8,23.3,0.0,broken,0
1534,R0,1,8,23.25,0.0,broken,0
1534,R1,3,8,23.25,0.0,broken,0
1534,R2,5,8,23.25,0.0,broken,0
1534,R3,7,8,23.25,0.0,broken,0
1534,R4,9,8,23.25,0.0,broken,0
1535,R0,1,8,23.2,0.0,broken,0
1535,R1,3,8,23.2,0.0,broken,0
1535,R2,5,8,23.2,0.0,broken,0
1535,R3,7,8,23.2,0.0,broken,0
1535,R4,9,8,23.2,0.0,broken,0
1536,R0,1,8,23.15,0.0,broken,0
1536,R1,3,8,23.15,0.0,broken,0
1536,R2,5,8,23.15,0.0,broken,0
1536,R3,7,8,23.15,0.0,broken,0
1536,R4,9,8,23.15,0.0,broken,0
1537,R0,1,8,23.1,0.0,broken,0
1537,R1,3,8,23.1,0.0,broken,0
1537,R2,5,8,23.1,0.0,broken,0
1537,R3,7,8,23.1,0.0,broken,0
1537,R4,9,8,23.1,0.0,broken,0
1538,R0,1,8,23.05,0.0,broken,0
1538,R1,3,8,23.05,0.0,broken,0
1538,R2,5,8,23.05,0.0,broken,0
1538,R3,7,8,23.05,0.0,broken,0
1538,R4,9,8,23.05,0.0,broken,0
1539,R0,1,8,23.0,0.0,broken,0
1539,R1,3,8,23.0,0.0,broken,0
1539,R2,5,8,23.0,0.0,broken,0
1539,R3,7,8,23.0,0.0,broken,0
1539,R4,9,8,23.0,0.0,broken,0
1540,R0,1,8,22.95,0.0,broken,0
1540,R1,3,8,22.95,0.0,broken,0
1540,R2,5,8,22.95,0.0,broken,0
1540,R3,7,8,22.95,0.0,broken,0
1540,R4,9,8,22.95,0.0,broken,0
1541,R0,1,8,22.9,0.0,broken,0
1541,R1,3,8,22.9,0.0,broken,0
1541,R2,5,8,22.9,0.0,broken,0
1541,R3,7,8,22.9,0.0,broken,0
1541,R4,9,8,22.9,0.0,broken,0
1542,R0,1,8,22.85,0.0,broken,0
1542,R1,3,8,22.85,0.0,broken,0
1542,R2,5,8,22.85,0.0,broken,0
1542,R3,7,8,22.85,0.0,broken,0
1542,R4,9,8,22.85,0.0,broken,0
1543,R0,1,8,22.8,0.0,broken,0
1543,R1,3,8,22.8,0.0,broken,0
1543,R2,5,8,22.8,0.0,broken,0
1543,R3,7,8,22.8,0.0,broken,0
1543,R4,9,8,22.8,0.0,broken,0
1544,R0,1,8,22.75,0.0,broken,0
1544,R1,3,8,22.75,0.0,broken,0
1544,R2,5,8,22.75,0.0,broken,0
1544,R3,7,8,22.75,0.0,broken,0
1544,R4,9,8,22.75,0.0,broken,0
1545,R0,1,8,22.7,0.0,broken,0
1545,R1,3,8,22.7,0.0,broken,0
1545,R2,5,8,22.7,0.0,broken,0
1545,R3,7,8,22.7,0.0,broken,0
1545,R4,9,8,22.7,0.0,broken,0
1546,R0,1,8,22.65,0.0,broken,0
1546,R1,3,8,22.65,0.0,broken,0
1546,R2,5,8,22.65,0.0,broken,0
1546,R3,7,8,22.65,0.0,broken,0
1546,R4,9,8,22.65,0.0,broken,0
1547,R0,1,8,22.6,0.0,broken,0
1547,R1,3,8,22.6,0.0,broken,0
1547,R2,5,8,22.6,0.0,broken,0
1547,R3,7,8,22.6,0.0,broken,0
1547,R4,9,8,22.6,0.0,broken,0
1548,R0,1,8,22.55,0.0,broken,0
1548,R1,3,8,22.55,0.0,broken,0
1548,R2,5,8,22.55,0.0,broken,0
1548,R3,7,8,22.55,0.0,broken,0
1548,R4,9,8,22.55,0.0,broken,0
1549,R0,1,8,22.5,0.0,broken,0
1549,R1,3,8,22.5,0.0,broken,0
1549,R2,5,8,22.5,0.0,broken,0
1549,R3,7,8,22.5,0.0,broken,0
1549,R4,9,8,22.5,0.0,broken,0
1550,R0,1,8,22.45,0.0,broken,0
1550,R1,3,8,22.45,0.0,broken,0
1550,R2,5,8,22.45,0.0,broken,0
1550,R3,7,8,22.45,0.0,broken,0
1550,R4,9,8,22.45,0.0,broken,0
1551,R0,1,8,22.4,0.0,broken,0
1551,R1,3,8,22.4,0.0,broken,0
1551,R2,5,8,22.4,0.0,broken,0
1551,R3,7,8,22.4,0.0,broken,0
1551,R4,9,8,22.4,0.0,broken,0
1552,R0,1,8,22.35,0.0,broken,0
1552,R1,3,8,22.35,0.0,broken,0
1552,R2,5,8,22.35,0.0,broken,0
1552,R3,7,8,22.35,0.0,broken,0
1552,R4,9,8,22.35,0.0,broken,0
1553,R0,1,8,22.3,0.0,broken,0
1553,R1,3,8,22.3,0.0,broken,0
1553,R2,5,8,22.3,0.0,broken,0
1553,R3,7,8,22.3,0.0,broken,0
1553,R4,9,8,22.3,0.0,broken,0
1554,R0,1,8,22.25,0.0,broken,0
1554,R1,3,8,22.25,0.0,broken,0
1554,R2,5,8,22.25,0.0,broken,0
1554,R3,7,8,22.25,0.0,broken,0
1554,R4,9,8,22.25,0.0,broken,0
1555,R0,1,8,22.2,0.0,broken,0
1555,R1,3,8,22.2,0.0,broken,0
1555,R2,5,8,22.2,0.0,broken,0
1555,R3,7,8,22.2,0.0,broken,0
1555,R4,9,8,22.2,0.0,broken,0
1556,R0,1,8,22.15,0.0,broken,0
1556,R1,3,8,22.15,0.0,broken,0
1556,R2,5,8,22.15,0.0,broken,0
1556,R3,7,8,22.15,0.0,broken,0
1556,R4,9,8,22.15,0.0,broken,0
1557,R0,1,8,22.1,0.0,broken,0
1557,R1,3,8,22.1,0.0,broken,0
1557,R2,5,8,22.1,0.0,broken,0
1557,R3,7,8,22.1,0.0,broken,0
1557,R4,9,8,22.1,0.0,broken,0
1558,R0,1,8,22.05,0.0,broken,0
1558,R1,3,8,22.05,0.0,broken,0
1558,R2,5,8,22.05,0.0,broken,0
1558,R3,7,8,22.05,0.0,broken,0
1558,R4,9,8,22.05,0.0,broken,0
1559,R0,1,8,22.0,0.0,broken,0
1559,R1,3,8,22.0,0.0,broken,0
1559,R2,5,8,22.0,0.0,broken,0
1559,R3,7,8,22.0,0.0,broken,0
1559,R4,9,8,22.0,0.0,broken,0
1560,R0,1,8,21.95,0.0,broken,0
1560,R1,3,8,21.95,0.0,broken,0
1560,R2,5,8,21.95,0.0,broken,0
1560,R3,7,8,21.95,0.0,broken,0
1560,R4,9,8,21.95,0.0,broken,0
1561,R0,1,8,21.9,0.0,broken,0
1561,R1,3,8,21.9,0.0,broken,0
1561,R2,5,8,21.9,0.0,broken,0
1561,R3,7,8,21.9,0.0,broken,0
1561,R4,9,8,21.9,0.0,broken,0
1562,R0,1,8,21.85,0.0,broken,0
1562,R1,3,8,21.85,0.0,broken,0
1562,R2,5,8,21.85,0.0,broken,0
1562,R3,7,8,21.85,0.0,broken,0
1562,R4,9,8,21.85,0.0,broken,0
1563,R0,1,8,21.8,0.0,broken,0
1563,R1,3,8,21.8,0.0,broken,0
1563,R2,5,8,21.8,0.0,broken,0
1563,R3,7,8,21.8,0.0,broken,0
1563,R4,9,8,21.8,0.0,broken,0
1564,R0,1,8,21.75,0.0,broken,0
1564,R1,3,8,21.75,0.0,broken,0
1564,R2,5,8,21.75,0.0,broken,0
1564,R3,7,8,21.75,0.0,broken,0
1564,R4,9,8,21.75,0.0,broken,0
1565,R0,1,8,21.7,0.0,broken,0
1565,R1,3,8,21.7,0.0,broken,0
1565,R2,5,8,21.7,0.0,broken,0
1565,R3,7,8,21.7,0.0,broken,0
1565,R4,9,8,21.7,0.0,broken,0
1566,R0,1,8,21.65,0.0,broken,0
1566,R1,3,8,21.65,0.0,broken,0
1566,R2,5,8,21.65,0.0,broken,0
1566,R3,7,8,21.65,0.0,broken,0
1566,R4,9,8,21.65,0.0,broken,0
1567,R0,1,8,21.6,0.0,broken,0
1567,R1,3,8,21.6,0.0,broken,0
1567,R2,5,8,21.6,0.0,broken,0
1567,R3,7,8,21.6,0.0,broken,0
1567,R4,9,8,21.6,0.0,broken,0
1568,R0,1,8,21.55,0.0,broken,0
1568,R1,3,8,21.55,0.0,broken,0
1568,R2,5,8,21.55,0.0,broken,0
1568,R3,7,8,21.55,0.0,broken,0
1568,R4,9,8,21.55,0.0,broken,0
1569,R0,1,8,21.5,0.0,broken,0
1569,R1,3,8,21.5,0.0,broken,0
1569,R2,5,8,21.5,0.0,broken,0
1569,R3,7,8,21.5,0.0,broken,0
1569,R4,9,8,21.5,0.0,broken,0
1570,R0,1,8,21.45,0.0,broken,0
1570,R1,3,8,21.45,0.0,broken,0
1570,R2,5,8,21.45,0.0,broken,0
1570,R3,7,8,21.45,0.0,broken,0
1570,R4,9,8,21.45,0.0,broken,0
1571,R0,1,8,21.4,0.0,broken,0
1571,R1,3,8,21.4,0.0,broken,0
1571,R2,5,8,21.4,0.0,broken,0
1571,R3,7,8,21.4,0.0,broken,0
1571,R4,9,8,21.4,0.0,broken,0
1572,R0,1,8,21.35,0.0,broken,0
1572,R1,3,8,21.35,0.0,broken,0
1572,R2,5,8,21.35,0.0,broken,0
1572,R3,7,8,21.35,0.0,broken,0
1572,R4,9,8,21.35,0.0,broken,0
1573,R0,1,8,21.3,0.0,broken,0
1573,R1,3,8,21.3,0.0,broken,0
1573,R2,5,8,21.3,0.0,broken,0
1573,R3,7,8,21.3,0.0,broken,0
1573,R4,9,8,21.3,0.0,broken,0
1574,R0,1,8,21.25,0.0,broken,0
1574,R1,3,8,21.25,0.0,broken,0
1574,R2,5,8,21.25,0.0,broken,0
1574,R3,7,8,21.25,0.0,broken,0
1574,R4,9,8,21.25,0.0,broken,0
1575,R0,1,8,21.2,0.0,broken,0
1575,R1,3,8,21.2,0.0,broken,0
1575,R2,5,8,21.2,0.0,broken,0
1575,R3,7,8,21.2,0.0,broken,0
1575,R4,9,8,21.2,0.0,broken,0
1576,R0,1,8,21.15,0.0,broken,0
1576,R1,3,8,21.15,0.0,broken,0
1576,R2,5,8,21.15,0.0,broken,0
1576,R3,7,8,21.15,0.0,broken,0
1576,R4,9,8,21.15,0.0,broken,0
1577,R0,1,8,21.1,0.0,broken,0
1577,R1,3,8,21.1,0.0,broken,0
1577,R2,5,8,21.1,0.0,broken,0
1577,R3,7,8,21.1,0.0,broken,0
1577,R4,9,8,21.1,0.0,broken,0
1578,R0,1,8,21.05,0.0,broken,0
1578,R1,3,8,21.05,0.0,broken,0
1578,R2,5,8,21.05,0.0,broken,0
1578,R3,7,8,21.05,0.0,broken,0
1578,R4,9,8,21.05,0.0,broken,0
1579,R0,1,8,21.0,0.0,broken,0
1579,R1,3,8,21.0,0.0,broken,0
1579,R2,5,8,21.0,0.0,broken,0
1579,R3,7,8,21.0,0.0,broken,0
1579,R4,9,8,21.0,0.0,broken,0
1580,R0,1,8,20.95,0.0,broken,0
1580,R1,3,8,20.95,0.0,broken,0
1580,R2,5,8,20.95,0.0,broken,0
1580,R3,7,8,20.95,0.0,broken,0
1580,R4,9,8,20.95,0.0,broken,0
1581,R0,1,8,20.9,0.0,broken,0
1581,R1,3,8,20.9,0.0,broken,0
1581,R2,5,8,20.9,0.0,broken,0
1581,R3,7,8,20.9,0.0,broken,0
1581,R4,9,8,20.9,0.0,broken,0
1582,R0,1,8,20.85,0.0,broken,0
1582,R1,3,8,20.85,0.0,broken,0
1582,R2,5,8,20.85,0.0,broken,0
1582,R3,7,8,20.85,0.0,broken,0
1582,R4,9,8,20.85,0.0,broken,0
1583,R0,1,8,20.8,0.0,broken,0
1583,R1,3,8,20.8,0.0,broken,0
1583,R2,5,8,20.8,0.0,broken,0
1583,R3,7,8,20.8,0.0,broken,0
1583,R4,9,8,20.8,0.0,broken,0
1584,R0,1,8,20.75,0.0,broken,0
1584,R1,3,8,20.75,0.0,broken,0
1584,R2,5,8,20.75,0.0,broken,0
1584,R3,7,8,20.75,0.0,broken,0
1584,R4,9,8,20.75,0.0,broken,0
1585,R0,1,8,20.7,0.0,broken,0
1585,R1,3,8,20.7,0.0,broken,0
1585,R2,5,8,20.7,0.0,broken,0
1585,R3,7,8,20.7,0.0,broken,0
1585,R4,9,8,20.7,0.0,broken,0
1586,R0,1,8,20.65,0.0,broken,0
1586,R1,3,8,20.65,0.0,broken,0
1586,R2,5,8,20.65,0.0,broken,0
1586,R3,7,8,20.65,0.0,broken,0
1586,R4,9,8,20.65,0.0,broken,0
1587,R0,1,8,20.6,0.0,broken,0
1587,R1,3,8,20.6,0.0,broken,0
1587,R2,5,8,20.6,0.0,broken,0
1587,R3,7,8,20.6,0.0,broken,0
1587,R4,9,8,20.6,0.0,broken,0
1588,R0,1,8,20.55,0.0,broken,0
1588,R1,3,8,20.55,0.0,broken,0
1588,R2,5,8,20.55,0.0,broken,0
1588,R3,7,8,20.55,0.0,broken,0
1588,R4,9,8,20.55,0.0,broken,0
1589,R0,1,8,20.5,0.0,broken,0
1589,R1,3,8,20.5,0.0,broken,0
1589,R2,5,8,20.5,0.0,broken,0
1589,R3,7,8,20.5,0.0,broken,0
1589,R4,9,8,20.5,0.0,broken,0
1590,R0,1,8,20.45,0.0,broken,0
1590,R1,3,8,20.45,0.0,broken,0
1590,R2,5,8,20.45,0.0,broken,0
1590,R3,7,8,20.45,0.0,broken,0
1590,R4,9,8,20.45,0.0,broken,0
1591,R0,1,8,20.4,0.0,broken,0
1591,R1,3,8,20.4,0.0,broken,0
1591,R2,5,8,20.4,0.0,broken,0
1591,R3,7,8,20.4,0.0,broken,0
1591,R4,9,8,20.4,0.0,broken,0
1592,R0,1,8,20.35,0.0,broken,0
1592,R1,3,8,20.35,0.0,broken,0
1592,R2,5,8,20.35,0.0,broken,0
1592,R3,7,8,20.35,0.0,broken,0
1592,R4,9,8,20.35,0.0,broken,0
1593,R0,1,8,20.3,0.0,broken,0
1593,R1,3,8,20.3,0.0,broken,0
1593,R2,5,8,20.3,0.0,broken,0
1593,R3,7,8,20.3,0.0,broken,0
1593,R4,9,8,20.3,0.0,broken,0
1594,R0,1,8,20.25,0.0,broken,0
1594,R1,3,8,20.25,0.0,broken,0
1594,R2,5,8,20.25,0.0,broken,0
1594,R3,7,8,20.25,0.0,broken,0
1594,R4,9,8,20.25,0.0,broken,0
1595,R0,1,8,20.2,0.0,broken,0
1595,R1,3,8,20.2,0.0,broken,0
1595,R2,5,8,20.2,0.0,broken,0
1595,R3,7,8,20.2,0.0,broken,0
1595,R4,9,8,20.2,0.0,broken,0
1596,R0,1,8,20.15,0.0,broken,0
1596,R1,3,8,20.15,0.0,broken,0
1596,R2,5,8,20.15,0.0,broken,0
1596,R3,7,8,20.15,0.0,broken,0
1596,R4,9,8,20.15,0.0,broken,0
1597,R0,1,8,20.1,0.0,broken,0
1597,R1,3,8,20.1,0.0,broken,0
1597,R2,5,8,20.1,0.0,broken,0
1597,R3,7,8,20.1,0.0,broken,0
1597,R4,9,8,20.1,0.0,broken,0
1598,R0,1,8,20.05,0.0,broken,0
1598,R1,3,8,20.05,0.0,broken,0
1598,R2,5,8,20.05,0.0,broken,0
1598,R3,7,8,20.05,0.0,broken,0
1598,R4,9,8,20.05,0.0,broken,0
1599,R0,1,8,20.0,0.0,broken,0
1599,R1,3,8,20.0,0.0,broken,0
1599,R2,5,8,20.0,0.0,broken,0
1599,R3,7,8,20.0,0.0,broken,0
1599,R4,9,8,20.0,0.0,broken,0
1600,R0,1,8,19.95,0.0,broken,0
1600,R1,3,8,19.95,0.0,broken,0
1600,R2,5,8,19.95,0.0,broken,0
1600,R3,7,8,19.95,0.0,broken,0
1600,R4,9,8,19.95,0.0,broken,0
1601,R0,1,8,19.9,0.0,broken,0
1601,R1,3,8,19.9,0.0,broken,0
1601,R2,5,8,19.9,0.0,broken,0
1601,R3,7,8,19.9,0.0,broken,0
1601,R4,9,8,19.9,0.0,broken,0
1602,R0,1,8,19.85,0.0,broken,0
1602,R1,3,8,19.85,0.0,broken,0
1602,R2,5,8,19.85,0.0,broken,0
1602,R3,7,8,19.85,0.0,broken,0
1602,R4,9,8,19.85,0.0,broken,0
1603,R0,1,8,19.8,0.0,broken,0
1603,R1,3,8,19.8,0.0,broken,0
1603,R2,5,8,19.8,0.0,broken,0
1603,R3,7,8,19.8,0.0,broken,0
1603,R4,9,8,19.8,0.0,broken,0
1604,R0,1,8,19.75,0.0,broken,0
1604,R1,3,8,19.75,0.0,broken,0
1604,R2,5,8,19.75,0.0,broken,0
1604,R3,7,8,19.75,0.0,broken,0
1604,R4,9,8,19.75,0.0,broken,0
1605,R0,1,8,19.7,0.0,broken,0
1605,R1,3,8,19.7,0.0,broken,0
1605,R2,5,8,19.7,0.0,broken,0
1605,R3,7,8,19.7,0.0,broken,0
1605,R4,9,8,19.7,0.0,broken,0
1606,R0,1,8,19.65,0.0,broken,0
1606,R1,3,8,19.65,0.0,broken,0
1606,R2,5,8,19.65,0.0,broken,0
1606,R3,7,8,19.65,0.0,broken,0
1606,R4,9,8,19.65,0.0,broken,0
1607,R0,1,8,19.6,0.0,broken,0
1607,R1,3,8,19.6,0.0,broken,0
1607,R2,5,8,19.6,0.0,broken,0
1607,R3,7,8,19.6,0.0,broken,0
1607,R4,9,8,19.6,0.0,broken,0
1608,R0,1,8,19.55,0.0,broken,0
1608,R1,3,8,19.55,0.0,broken,0
1608,R2,5,8,19.55,0.0,broken,0
1608,R3,7,8,19.55,0.0,broken,0
1608,R4,9,8,19.55,0.0,broken,0
1609,R0,1,8,19.5,0.0,broken,0
1609,R1,3,8,19.5,0.0,broken,0
1609,R2,5,8,19.5,0.0,broken,0
1609,R3,7,8,19.5,0.0,broken,0
1609,R4,9,8,19.5,0.0,broken,0
1610,R0,1,8,19.45,0.0,broken,0
1610,R1,3,8,19.45,0.0,broken,0
1610,R2,5,8,19.45,0.0,broken,0
1610,R3,7,8,19.45,0.0,broken,0
1610,R4,9,8,19.45,0.0,broken,0
1611,R0,1,8,19.4,0.0,broken,0
1611,R1,3,8,19.4,0.0,broken,0
1611,R2,5,8,19.4,0.0,broken,0
1611,R3,7,8,19.4,0.0,broken,0
1611,R4,9,8,19.4,0.0,broken,0
1612,R0,1,8,19.35,0.0,broken,0
1612,R1,3,8,19.35,0.0,broken,0
1612,R2,5,8,19.35,0.0,broken,0
1612,R3,7,8,19.35,0.0,broken,0
1612,R4,9,8,19.35,0.0,broken,0
1613,R0,1,8,19.3,0.0,broken,0
1613,R1,3,8,19.3,0.0,broken,0
1613,R2,5,8,19.3,0.0,broken,0
1613,R3,7,8,19.3,0.0,broken,0
1613,R4,9,8,19.3,0.0,broken,0
1614,R0,1,8,19.25,0.0,broken,0
1614,R1,3,8,19.25,0.0,broken,0
1614,R2,5,8,19.25,0.0,broken,0
1614,R3,7,8,19.25,0.0,broken,0
1614,R4,9,8,19.25,0.0,broken,0
1615,R0,1,8,19.2,0.0,broken,0
1615,R1,3,8,19.2,0.0,broken,0
1615,R2,5,8,19.2,0.0,broken,0
1615,R3,7,8,19.2,0.0,broken,0
1615,R4,9,8,19.2,0.0,broken,0
1616,R0,1,8,19.15,0.0,broken,0
1616,R1,3,8,19.15,0.0,broken,0
1616,R2,5,8,19.15,0.0,broken,0
1616,R3,7,8,19.15,0.0,broken,0
1616,R4,9,8,19.15,0.0,broken,0
1617,R0,1,8,19.1,0.0,broken,0
1617,R1,3,8,19.1,0.0,broken,0
1617,R2,5,8,19.1,0.0,broken,0
1617,R3,7,8,19.1,0.0,broken,0
1617,R4,9,8,19.1,0.0,broken,0
1618,R0,1,8,19.05,0.0,broken,0
1618,R1,3,8,19.05,0.0,broken,0
1618,R2,5,8,19.05,0.0,broken,0
1618,R3,7,8,19.05,0.0,broken,0
1618,R4,9,8,19.05,0.0,broken,0
1619,R0,1,8,19.0,0.0,broken,0
1619,R1,3,8,19.0,0.0,broken,0
1619,R2,5,8,19.0,0.0,broken,0
1619,R3,7,8,19.0,0.0,broken,0
1619,R4,9,8,19.0,0.0,broken,0
1620,R0,1,8,18.95,0.0,broken,0
1620,R1,3,8,18.95,0.0,broken,0
1620,R2,5,8,18.95,0.0,broken,0
1620,R3,7,8,18.95,0.0,broken,0
1620,R4,9,8,18.95,0.0,broken,0
1621,R0,1,8,18.9,0.0,broken,0
1621,R1,3,8,18.9,0.0,broken,0
1621,R2,5,8,18.9,0.0,broken,0
1621,R3,7,8,18.9,0.0,broken,0
1621,R4,9,8,18.9,0.0,broken,0
1622,R0,1,8,18.85,0.0,broken,0
1622,R1,3,8,18.85,0.0,broken,0
1622,R2,5,8,18.85,0.0,broken,0
1622,R3,7,8,18.85,0.0,broken,0
1622,R4,9,8,18.85,0.0,broken,0
1623,R0,1,8,18.8,0.0,broken,0
1623,R1,3,8,18.8,0.0,broken,0
1623,R2,5,8,18.8,0.0,broken,0
1623,R3,7,8,18.8,0.0,broken,0
1623,R4,9,8,18.8,0.0,broken,0
1624,R0,1,8,18.75,0.0,broken,0
1624,R1,3,8,18.75,0.0,broken,0
1624,R2,5,8,18.75,0.0,broken,0
1624,R3,7,8,18.75,0.0,broken,0
1624,R4,9,8,18.75,0.0,broken,0
1625,R0,1,8,18.7,0.0,broken,0
1625,R1,3,8,18.7,0.0,broken,0
1625,R2,5,8,18.7,0.0,broken,0
1625,R3,7,8,18.7,0.0,broken,0
1625,R4,9,8,18.7,0.0,broken,0
1626,R0,1,8,18.65,0.0,broken,0
1626,R1,3,8,18.65,0.0,broken,0
1626,R2,5,8,18.65,0.0,broken,0
1626,R3,7,8,18.65,0.0,broken,0
1626,R4,9,8,18.65,0.0,broken,0
1627,R0,1,8,18.6,0.0,broken,0
1627,R1,3,8,18.6,0.0,broken,0
1627,R2,5,8,18.6,0.0,broken,0
1627,R3,7,8,18.6,0.0,broken,0
1627,R4,9,8,18.6,0.0,broken,0
1628,R0,1,8,18.55,0.0,broken,0
1628,R1,3,8,18.55,0.0,broken,0
1628,R2,5,8,18.55,0.0,broken,0
1628,R3,7,8,18.55,0.0,broken,0
1628,R4,9,8,18.55,0.0,broken,0
1629,R0,1,8,18.5,0.0,broken,0
1629,R1,3,8,18.5,0.0,broken,0
1629,R2,5,8,18.5,0.0,broken,0
1629,R3,7,8,18.5,0.0,broken,0
1629,R4,9,8,18.5,0.0,broken,0
1630,R0,1,8,18.45,0.0,broken,0
1630,R1,3,8,18.45,0.0,broken,0
1630,R2,5,8,18.45,0.0,broken,0
1630,R3,7,8,18.45,0.0,broken,0
1630,R4,9,8,18.45,0.0,broken,0
1631,R0,1,8,18.4,0.0,broken,0
1631,R1,3,8,18.4,0.0,broken,0
1631,R2,5,8,18.4,0.0,broken,0
1631,R3,7,8,18.4,0.0,broken,0
1631,R4,9,8,18.4,0.0,broken,0
1632,R0,1,8,18.35,0.0,broken,0
1632,R1,3,8,18.35,0.0,broken,0
1632,R2,5,8,18.35,0.0,broken,0
1632,R3,7,8,18.35,0.0,broken,0
1632,R4,9,8,18.35,0.0,broken,0
1633,R0,1,8,18.3,0.0,broken,0
1633,R1,3,8,18.3,0.0,broken,0
1633,R2,5,8,18.3,0.0,broken,0
1633,R3,7,8,18.3,0.0,broken,0
1633,R4,9,8,18.3,0.0,broken,0
1634,R0,1,8,18.25,0.0,broken,0
1634,R1,3,8,18.25,0.0,broken,0
1634,R2,5,8,18.25,0.0,broken,0
1634,R3,7,8,18.25,0.0,broken,0
1634,R4,9,8,18.25,0.0,broken,0
1635,R0,1,8,18.2,0.0,broken,0
1635,R1,3,8,18.2,0.0,broken,0
1635,R2,5,8,18.2,0.0,broken,0
1635,R3,7,8,18.2,0.0,broken,0
1635,R4,9,8,18.2,0.0,broken,0
1636,R0,1,8,18.15,0.0,broken,0
1636,R1,3,8,18.15,0.0,broken,0
1636,R2,5,8,18.15,0.0,broken,0
1636,R3,7,8,18.15,0.0,broken,0
1636,R4,9,8,18.15,0.0,broken,0
1637,R0,1,8,18.1,0.0,broken,0
1637,R1,3,8,18.1,0.0,broken,0
1637,R2,5,8,18.1,0.0,broken,0
1637,R3,7,8,18.1,0.0,broken,0
1637,R4,9,8,18.1,0.0,broken,0
1638,R0,1,8,18.05,0.0,broken,0
1638,R1,3,8,18.05,0.0,broken,0
1638,R2,5,8,18.05,0.0,broken,0
1638,R3,7,8,18.05,0.0,broken,0
1638,R4,9,8,18.05,0.0,broken,0
1639,R0,1,8,18.0,0.0,broken,0
1639,R1,3,8,18.0,0.0,broken,0
1639,R2,5,8,18.0,0.0,broken,0
1639,R3,7,8,18.0,0.0,broken,0
1639,R4,9,8,18.0,0.0,broken,0
1640,R0,1,8,17.95,0.0,broken,0
1640,R1,3,8,17.95,0.0,broken,0
1640,R2,5,8,17.95,0.0,broken,0
1640,R3,7,8,17.95,0.0,broken,0
1640,R4,9,8,17.95,0.0,broken,0
1641,R0,1,8,17.9,0.0,broken,0
1641,R1,3,8,17.9,0.0,broken,0
1641,R2,5,8,17.9,0.0,broken,0
1641,R3,7,8,17.9,0.0,broken,0
1641,R4,9,8,17.9,0.0,broken,0
1642,R0,1,8,17.85,0.0,broken,0
1642,R1,3,8,17.85,0.0,broken,0
1642,R2,5,8,17.85,0.0,broken,0
1642,R3,7,8,17.85,0.0,broken,0
1642,R4,9,8,17.85,0.0,broken,0
1643,R0,1,8,17.8,0.0,broken,0
1643,R1,3,8,17.8,0.0,broken,0
1643,R2,5,8,17.8,0.0,broken,0
1643,R3,7,8,17.8,0.0,broken,0
1643,R4,9,8,17.8,0.0,broken,0
1644,R0,1,8,17.75,0.0,broken,0
1644,R1,3,8,17.75,0.0,broken,0
1644,R2,5,8,17.75,0.0,broken,0
1644,R3,7,8,17.75,0.0,broken,0
1644,R4,9,8,17.75,0.0,broken,0
1645,R0,1,8,17.7,0.0,broken,0
1645,R1,3,8,17.7,0.0,broken,0
1645,R2,5,8,17.7,0.0,broken,0
1645,R3,7,8,17.7,0.0,broken,0
1645,R4,9,8,17.7,0.0,broken,0
1646,R0,1,8,17.65,0.0,broken,0
1646,R1,3,8,17.65,0.0,broken,0
1646,R2,5,8,17.65,0.0,broken,0
1646,R3,7,8,17.65,0.0,broken,0
1646,R4,9,8,17.65,0.0,broken,0
1647,R0,1,8,17.6,0.0,broken,0
1647,R1,3,8,17.6,0.0,broken,0
1647,R2,5,8,17.6,0.0,broken,0
1647,R3,7,8,17.6,0.0,broken,0
1647,R4,9,8,17.6,0.0,broken,0
1648,R0,1,8,17.55,0.0,broken,0
1648,R1,3,8,17.55,0.0,broken,0
1648,R2,5,8,17.55,0.0,broken,0
1648,R3,7,8,17.55,0.0,broken,0
1648,R4,9,8,17.55,0.0,broken,0
1649,R0,1,8,17.5,0.0,broken,0
1649,R1,3,8,17.5,0.0,broken,0
1649,R2,5,8,17.5,0.0,broken,0
1649,R3,7,8,17.5,0.0,broken,0
1649,R4,9,8,17.5,0.0,broken,0
1650,R0,1,8,17.45,0.0,broken,0
1650,R1,3,8,17.45,0.0,broken,0
1650,R2,5,8,17.45,0.0,broken,0
1650,R3,7,8,17.45,0.0,broken,0
1650,R4,9,8,17.45,0.0,broken,0
1651,R0,1,8,17.4,0.0,broken,0
1651,R1,3,8,17.4,0.0,broken,0
1651,R2,5,8,17.4,0.0,broken,0
1651,R3,7,8,17.4,0.0,broken,0
1651,R4,9,8,17.4,0.0,broken,0
1652,R0,1,8,17.35,0.0,broken,0
1652,R1,3,8,17.35,0.0,broken,0
1652,R2,5,8,17.35,0.0,broken,0
1652,R3,7,8,17.35,0.0,broken,0
1652,R4,9,8,17.35,0.0,broken,0
1653,R0,1,8,17.3,0.0,broken,0
1653,R1,3,8,17.3,0.0,broken,0
1653,R2,5,8,17.3,0.0,broken,0
1653,R3,7,8,17.3,0.0,broken,0
1653,R4,9,8,17.3,0.0,broken,0
1654,R0,1,8,17.25,0.0,broken,0
1654,R1,3,8,17.25,0.0,broken,0
1654,R2,5,8,17.25,0.0,broken,0
1654,R3,7,8,17.25,0.0,broken,0
1654,R4,9,8,17.25,0.0,broken,0
1655,R0,1,8,17.2,0.0,broken,0
1655,R1,3,8,17.2,0.0,broken,0
1655,R2,5,8,17.2,0.0,broken,0
1655,R3,7,8,17.2,0.0,broken,0
1655,R4,9,8,17.2,0.0,broken,0
1656,R0,1,8,17.15,0.0,broken,0
1656,R1,3,8,17.15,0.0,broken,0
1656,R2,5,8,17.15,0.0,broken,0
1656,R3,7,8,17.15,0.0,broken,0
1656,R4,9,8,17.15,0.0,broken,0
1657,R0,1,8,17.1,0.0,broken,0
1657,R1,3,8,17.1,0.0,broken,0
1657,R2,5,8,17.1,0.0,broken,0
1657,R3,7,8,17.1,0.0,broken,0
1657,R4,9,8,17.1,0.0,broken,0
1658,R0,1,8,17.05,0.0,broken,0
1658,R1,3,8,17.05,0.0,broken,0
1658,R2,5,8,17.05,0.0,broken,0
1658,R3,7,8,17.05,0.0,broken,0
1658,R4,9,8,17.05,0.0,broken,0
1659,R0,1,8,17.0,0.0,broken,0
1659,R1,3,8,17.0,0.0,broken,0
1659,R2,5,8,17.0,0.0,broken,0
1659,R3,7,8,17.0,0.0,broken,0
1659,R4,9,8,17.0,0.0,broken,0
1660,R0,1,8,16.95,0.0,broken,0
1660,R1,3,8,16.95,0.0,broken,0
1660,R2,5,8,16.95,0.0,broken,0
1660,R3,7,8,16.95,0.0,broken,0
1660,R4,9,8,16.95,0.0,broken,0
1661,R0,1,8,16.9,0.0,broken,0
1661,R1,3,8,16.9,0.0,broken,0
1661,R2,5,8,16.9,0.0,broken,0
1661,R3,7,8,16.9,0.0,broken,0
1661,R4,9,8,16.9,0.0,broken,0
1662,R0,1,8,16.85,0.0,broken,0
1662,R1,3,8,16.85,0.0,broken,0
1662,R2,5,8,16.85,0.0,broken,0
1662,R3,7,8,16.85,0.0,broken,0
1662,R4,9,8,16.85,0.0,broken,0
1663,R0,1,8,16.8,0.0,broken,0
1663,R1,3,8,16.8,0.0,broken,0
1663,R2,5,8,16.8,0.0,broken,0
1663,R3,7,8,16.8,0.0,broken,0
1663,R4,9,8,16.8,0.0,broken,0
1664,R0,1,8,16.75,0.0,broken,0
1664,R1,3,8,16.75,0.0,broken,0
1664,R2,5,8,16.75,0.0,broken,0
1664,R3,7,8,16.75,0.0,broken,0
1664,R4,9,8,16.75,0.0,broken,0
1665,R0,1,8,16.7,0.0,broken,0
1665,R1,3,8,16.7,0.0,broken,0
1665,R2,5,8,16.7,0.0,broken,0
1665,R3,7,8,16.7,0.0,broken,0
1665,R4,9,8,16.7,0.0,broken,0
1666,R0,1,8,16.65,0.0,broken,0
1666,R1,3,8,16.65,0.0,broken,0
1666,R2,5,8,16.65,0.0,broken,0
1666,R3,7,8,16.65,0.0,broken,0
1666,R4,9,8,16.65,0.0,broken,0
1667,R0,1,8,16.6,0.0,broken,0
1667,R1,3,8,16.6,0.0,broken,0
1667,R2,5,8,16.6,0.0,broken,0
1667,R3,7,8,16.6,0.0,broken,0
1667,R4,9,8,16.6,0.0,broken,0
1668,R0,1,8,16.55,0.0,broken,0
1668,R1,3,8,16.55,0.0,broken,0
1668,R2,5,8,16.55,0.0,broken,0
1668,R3,7,8,16.55,0.0,broken,0
1668,R4,9,8,16.55,0.0,broken,0
1669,R0,1,8,16.5,0.0,broken,0
1669,R1,3,8,16.5,0.0,broken,0
1669,R2,5,8,16.5,0.0,broken,0
1669,R3,7,8,16.5,0.0,broken,0
1669,R4,9,8,16.5,0.0,broken,0
1670,R0,1,8,16.45,0.0,broken,0
1670,R1,3,8,16.45,0.0,broken,0
1670,R2,5,8,16.45,0.0,broken,0
1670,R3,7,8,16.45,0.0,broken,0
1670,R4,9,8,16.45,0.0,broken,0
1671,R0,1,8,16.4,0.0,broken,0
1671,R1,3,8,16.4,0.0,broken,0
1671,R2,5,8,16.4,0.0,broken,0
1671,R3,7,8,16.4,0.0,broken,0
1671,R4,9,8,16.4,0.0,broken,0
1672,R0,1,8,16.35,0.0,broken,0
1672,R1,3,8,16.35,0.0,broken,0
1672,R2,5,8,16.35,0.0,broken,0
1672,R3,7,8,16.35,0.0,broken,0
1672,R4,9,8,16.35,0.0,broken,0
1673,R0,1,8,16.3,0.0,broken,0
1673,R1,3,8,16.3,0.0,broken,0
1673,R2,5,8,16.3,0.0,broken,0
1673,R3,7,8,16.3,0.0,broken,0
1673,R4,9,8,16.3,0.0,broken,0
1674,R0,1,8,16.25,0.0,broken,0
1674,R1,3,8,16.25,0.0,broken,0
1674,R2,5,8,16.25,0.0,broken,0
1674,R3,7,8,16.25,0.0,broken,0
1674,R4,9,8,16.25,0.0,broken,0
1675,R0,1,8,16.2,0.0,broken,0
1675,R1,3,8,16.2,0.0,broken,0
1675,R2,5,8,16.2,0.0,broken,0
1675,R3,7,8,16.2,0.0,broken,0
1675,R4,9,8,16.2,0.0,broken,0
1676,R0,1,8,16.15,0.0,broken,0
1676,R1,3,8,16.15,0.0,broken,0
1676,R2,5,8,16.15,0.0,broken,0
1676,R3,7,8,16.15,0.0,broken,0
1676,R4,9,8,16.15,0.0,broken,0
1677,R0,1,8,16.1,0.0,broken,0
1677,R1,3,8,16.1,0.0,broken,0
1677,R2,5,8,16.1,0.0,broken,0
1677,R3,7,8,16.1,0.0,broken,0
1677,R4,9,8,16.1,0.0,broken,0
1678,R0,1,8,16.05,0.0,broken,0
1678,R1,3,8,16.05,0.0,broken,0
1678,R2,5,8,16.05,0.0,broken,0
1678,R3,7,8,16.05,0.0,broken,0
1678,R4,9,8,16.05,0.0,broken,0
1679,R0,1,8,16.0,0.0,broken,0
1679,R1,3,8,16.0,0.0,broken,0
1679,R2,5,8,16.0,0.0,broken,0
1679,R3,7,8,16.0,0.0,broken,0
1679,R4,9,8,16.0,0.0,broken,0
1680,R0,1,8,15.95,0.0,broken,0
1680,R1,3,8,15.95,0.0,broken,0
1680,R2,5,8,15.95,0.0,broken,0
1680,R3,7,8,15.95,0.0,broken,0
1680,R4,9,8,15.95,0.0,broken,0
1681,R0,1,8,15.9,0.0,broken,0
1681,R1,3,8,15.9,0.0,broken,0
1681,R2,5,8,15.9,0.0,broken,0
1681,R3,7,8,15.9,0.0,broken,0
1681,R4,9,8,15.9,0.0,broken,0
1682,R0,1,8,15.85,0.0,broken,0
1682,R1,3,8,15.85,0.0,broken,0
1682,R2,5,8,15.85,0.0,broken,0
1682,R3,7,8,15.85,0.0,broken,0
1682,R4,9,8,15.85,0.0,broken,0
1683,R0,1,8,15.8,0.0,broken,0
1683,R1,3,8,15.8,0.0,broken,0
1683,R2,5,8,15.8,0.0,broken,0
1683,R3,7,8,15.8,0.0,broken,0
1683,R4,9,8,15.8,0.0,broken,0
1684,R0,1,8,15.75,0.0,broken,0
1684,R1,3,8,15.75,0.0,broken,0
1684,R2,5,8,15.75,0.0,broken,0
1684,R3,7,8,15.75,0.0,broken,0
1684,R4,9,8,15.75,0.0,broken,0
1685,R0,1,8,15.7,0.0,broken,0
1685,R1,3,8,15.7,0.0,broken,0
1685,R2,5,8,15.7,0.0,broken,0
1685,R3,7,8,15.7,0.0,broken,0
1685,R4,9,8,15.7,0.0,broken,0
1686,R0,1,8,15.65,0.0,broken,0
1686,R1,3,8,15.65,0.0,broken,0
1686,R2,5,8,15.65,0.0,broken,0
1686,R3,7,8,15.65,0.0,broken,0
1686,R4,9,8,15.65,0.0,broken,0
1687,R0,1,8,15.6,0.0,broken,0
1687,R1,3,8,15.6,0.0,broken,0
1687,R2,5,8,15.6,0.0,broken,0
1687,R3,7,8,15.6,0.0,broken,0
1687,R4,9,8,15.6,0.0,broken,0
1688,R0,1,8,15.55,0.0,broken,0
1688,R1,3,8,15.55,0.0,broken,0
1688,R2,5,8,15.55,0.0,broken,0
1688,R3,7,8,15.55,0.0,broken,0
1688,R4,9,8,15.55,0.0,broken,0
1689,R0,1,8,15.5,0.0,broken,0
1689,R1,3,8,15.5,0.0,broken,0
1689,R2,5,8,15.5,0.0,broken,0
1689,R3,7,8,15.5,0.0,broken,0
1689,R4,9,8,15.5,0.0,broken,0
1690,R0,1,8,15.45,0.0,broken,0
1690,R1,3,8,15.45,0.0,broken,0
1690,R2,5,8,15.45,0.0,broken,0
1690,R3,7,8,15.45,0.0,broken,0
1690,R4,9,8,15.45,0.0,broken,0
1691,R0,1,8,15.4,0.0,broken,0
1691,R1,3,8,15.4,0.0,broken,0
1691,R2,5,8,15.4,0.0,broken,0
1691,R3,7,8,15.4,0.0,broken,0
1691,R4,9,8,15.4,0.0,broken,0
1692,R0,1,8,15.35,0.0,broken,0
1692,R1,3,8,15.35,0.0,broken,0
1692,R2,5,8,15.35,0.0,broken,0
1692,R3,7,8,15.35,0.0,broken,0
1692,R4,9,8,15.35,0.0,broken,0
1693,R0,1,8,15.3,0.0,broken,0
1693,R1,3,8,15.3,0.0,broken,0
1693,R2,5,8,15.3,0.0,broken,0
1693,R3,7,8,15.3,0.0,broken,0
1693,R4,9,8,15.3,0.0,broken,0
1694,R0,1,8,15.25,0.0,broken,0
1694,R1,3,8,15.25,0.0,broken,0
1694,R2,5,8,15.25,0.0,broken,0
1694,R3,7,8,15.25,0.0,broken,0
1694,R4,9,8,15.25,0.0,broken,0
1695,R0,1,8,15.2,0.0,broken,0
1695,R1,3,8,15.2,0.0,broken,0
1695,R2,5,8,15.2,0.0,broken,0
1695,R3,7,8,15.2,0.0,broken,0
1695,R4,9,8,15.2,0.0,broken,0
1696,R0,1,8,15.15,0.0,broken,0
1696,R1,3,8,15.15,0.0,broken,0
1696,R2,5,8,15.15,0.0,broken,0
1696,R3,7,8,15.15,0.0,broken,0
1696,R4,9,8,15.15,0.0,broken,0
1697,R0,1,8,15.1,0.0,broken,0
1697,R1,3,8,15.1,0.0,broken,0
1697,R2,5,8,15.1,0.0,broken,0
1697,R3,7,8,15.1,0.0,broken,0
1697,R4,9,8,15.1,0.0,broken,0
1698,R0,1,8,15.05,0.0,broken,0
1698,R1,3,8,15.05,0.0,broken,0
1698,R2,5,8,15.05,0.0,broken,0
1698,R3,7,8,15.05,0.0,broken,0
1698,R4,9,8,15.05,0.0,broken,0
1699,R0,1,8,15.0,0.0,broken,0
1699,R1,3,8,15.0,0.0,broken,0
1699,R2,5,8,15.0,0.0,broken,0
1699,R3,7,8,15.0,0.0,broken,0
1699,R4,9,8,15.0,0.0,broken,0
1700,R0,1,8,14.95,0.0,broken,0
1700,R1,3,8,14.95,0.0,broken,0
1700,R2,5,8,14.95,0.0,broken,0
1700,R3,7,8,14.95,0.0,broken,0
1700,R4,9,8,14.95,0.0,broken,0
1701,R0,1,8,14.9,0.0,broken,0
1701,R1,3,8,14.9,0.0,broken,0
1701,R2,5,8,14.9,0.0,broken,0
1701,R3,7,8,14.9,0.0,broken,0
1701,R4,9,8,14.9,0.0,broken,0
1702,R0,1,8,14.85,0.0,broken,0
1702,R1,3,8,14.85,0.0,broken,0
1702,R2,5,8,14.85,0.0,broken,0
1702,R3,7,8,14.85,0.0,broken,0
1702,R4,9,8,14.85,0.0,broken,0
1703,R0,1,8,14.8,0.0,broken,0
1703,R1,3,8,14.8,0.0,broken,0
1703,R2,5,8,14.8,0.0,broken,0
1703,R3,7,8,14.8,0.0,broken,0
1703,R4,9,8,14.8,0.0,broken,0
1704,R0,1,8,14.75,0.0,broken,0
1704,R1,3,8,14.75,0.0,broken,0
1704,R2,5,8,14.75,0.0,broken,0
1704,R3,7,8,14.75,0.0,broken,0
1704,R4,9,8,14.75,0.0,broken,0
1705,R0,1,8,14.7,0.0,broken,0
1705,R1,3,8,14.7,0.0,broken,0
1705,R2,5,8,14.7,0.0,broken,0
1705,R3,7,8,14.7,0.0,broken,0
1705,R4,9,8,14.7,0.0,broken,0
1706,R0,1,8,14.65,0.0,broken,0
1706,R1,3,8,14.65,0.0,broken,0
1706,R2,5,8,14.65,0.0,broken,0
1706,R3,7,8,14.65,0.0,broken,0
1706,R4,9,8,14.65,0.0,broken,0
1707,R0,1,8,14.6,0.0,broken,0
1707,R1,3,8,14.6,0.0,broken,0
1707,R2,5,8,14.6,0.0,broken,0
1707,R3,7,8,14.6,0.0,broken,0
1707,R4,9,8,14.6,0.0,broken,0
1708,R0,1,8,14.55,0.0,broken,0
1708,R1,3,8,14.55,0.0,broken,0
1708,R2,5,8,14.55,0.0,broken,0
1708,R3,7,8,14.55,0.0,broken,0
1708,R4,9,8,14.55,0.0,broken,0
1709,R0,1,8,14.5,0.0,broken,0
1709,R1,3,8,14.5,0.0,broken,0
1709,R2,5,8,14.5,0.0,broken,0
1709,R3,7,8,14.5,0.0,broken,0
1709,R4,9,8,14.5,0.0,broken,0
1710,R0,1,8,14.45,0.0,broken,0
1710,R1,3,8,14.45,0.0,broken,0
1710,R2,5,8,14.45,0.0,broken,0
1710,R3,7,8,14.45,0.0,broken,0
1710,R4,9,8,14.45,0.0,broken,0
1711,R0,1,8,14.4,0.0,broken,0
1711,R1,3,8,14.4,0.0,broken,0
1711,R2,5,8,14.4,0.0,broken,0
1711,R3,7,8,14.4,0.0,broken,0
1711,R4,9,8,14.4,0.0,broken,0
1712,R0,1,8,14.35,0.0,broken,0
1712,R1,3,8,14.35,0.0,broken,0
1712,R2,5,8,14.35,0.0,broken,0
1712,R3,7,8,14.35,0.0,broken,0
1712,R4,9,8,14.35,0.0,broken,0
1713,R0,1,8,14.3,0.0,broken,0
1713,R1,3,8,14.3,0.0,broken,0
1713,R2,5,8,14.3,0.0,broken,0
1713,R3,7,8,14.3,0.0,broken,0
1713,R4,9,8,14.3,0.0,broken,0
1714,R0,1,8,14.25,0.0,broken,0
1714,R1,3,8,14.25,0.0,broken,0
1714,R2,5,8,14.25,0.0,broken,0
1714,R3,7,8,14.25,0.0,broken,0
1714,R4,9,8,14.25,0.0,broken,0
1715,R0,1,8,14.2,0.0,broken,0
1715,R1,3,8,14.2,0.0,broken,0
1715,R2,5,8,14.2,0.0,broken,0
1715,R3,7,8,14.2,0.0,broken,0
1715,R4,9,8,14.2,0.0,broken,0
1716,R0,1,8,14.15,0.0,broken,0
1716,R1,3,8,14.15,0.0,broken,0
1716,R2,5,8,14.15,0.0,broken,0
1716,R3,7,8,14.15,0.0,broken,0
1716,R4,9,8,14.15,0.0,broken,0
1717,R0,1,8,14.1,0.0,broken,0
1717,R1,3,8,14.1,0.0,broken,0
1717,R2,5,8,14.1,0.0,broken,0
1717,R3,7,8,14.1,0.0,broken,0
1717,R4,9,8,14.1,0.0,broken,0
1718,R0,1,8,14.05,0.0,broken,0
1718,R1,3,8,14.05,0.0,broken,0
1718,R2,5,8,14.05,0.0,broken,0
1718,R3,7,8,14.05,0.0,broken,0
1718,R4,9,8,14.05,0.0,broken,0
1719,R0,1,8,14.0,0.0,broken,0
1719,R1,3,8,14.0,0.0,broken,0
1719,R2,5,8,14.0,0.0,broken,0
1719,R3,7,8,14.0,0.0,broken,0
1719,R4,9,8,14.0,0.0,broken,0
1720,R0,1,8,13.95,0.0,broken,0
1720,R1,3,8,13.95,0.0,broken,0
1720,R2,5,8,13.95,0.0,broken,0
1720,R3,7,8,13.95,0.0,broken,0
1720,R4,9,8,13.95,0.0,broken,0
1721,R0,1,8,13.9,0.0,broken,0
1721,R1,3,8,13.9,0.0,broken,0
1721,R2,5,8,13.9,0.0,broken,0
1721,R3,7,8,13.9,0.0,broken,0
1721,R4,9,8,13.9,0.0,broken,0
1722,R0,1,8,13.85,0.0,broken,0
1722,R1,3,8,13.85,0.0,broken,0
1722,R2,5,8,13.85,0.0,broken,0
1722,R3,7,8,13.85,0.0,broken,0
1722,R4,9,8,13.85,0.0,broken,0
1723,R0,1,8,13.8,0.0,broken,0
1723,R1,3,8,13.8,0.0,broken,0
1723,R2,5,8,13.8,0.0,broken,0
1723,R3,7,8,13.8,0.0,broken,0
1723,R4,9,8,13.8,0.0,broken,0
1724,R0,1,8,13.75,0.0,broken,0
1724,R1,3,8,13.75,0.0,broken,0
1724,R2,5,8,13.75,0.0,broken,0
1724,R3,7,8,13.75,0.0,broken,0
1724,R4,9,8,13.75,0.0,broken,0
1725,R0,1,8,13.7,0.0,broken,0
1725,R1,3,8,13.7,0.0,broken,0
1725,R2,5,8,13.7,0.0,broken,0
1725,R3,7,8,13.7,0.0,broken,0
1725,R4,9,8,13.7,0.0,broken,0
1726,R0,1,8,13.65,0.0,broken,0
1726,R1,3,8,13.65,0.0,broken,0
1726,R2,5,8,13.65,0.0,broken,0
1726,R3,7,8,13.65,0.0,broken,0
1726,R4,9,8,13.65,0.0,broken,0
1727,R0,1,8,13.6,0.0,broken,0
1727,R1,3,8,13.6,0.0,broken,0
1727,R2,5,8,13.6,0.0,broken,0
1727,R3,7,8,13.6,0.0,broken,0
1727,R4,9,8,13.6,0.0,broken,0
1728,R0,1,8,13.55,0.0,broken,0
1728,R1,3,8,13.55,0.0,broken,0
1728,R2,5,8,13.55,0.0,broken,0
1728,R3,7,8,13.55,0.0,broken,0
1728,R4,9,8,13.55,0.0,broken,0
1729,R0,1,8,13.5,0.0,broken,0
1729,R1,3,8,13.5,0.0,broken,0
1729,R2,5,8,13.5,0.0,broken,0
1729,R3,7,8,13.5,0.0,broken,0
1729,R4,9,8,13.5,0.0,broken,0
1730,R0,1,8,13.45,0.0,broken,0
1730,R1,3,8,13.45,0.0,broken,0
1730,R2,5,8,13.45,0.0,broken,0
1730,R3,7,8,13.45,0.0,broken,0
1730,R4,9,8,13.45,0.0,broken,0
1731,R0,1,8,13.4,0.0,broken,0
1731,R1,3,8,13.4,0.0,broken,0
1731,R2,5,8,13.4,0.0,broken,0
1731,R3,7,8,13.4,0.0,broken,0
1731,R4,9,8,13.4,0.0,broken,0
1732,R0,1,8,13.35,0.0,broken,0
1732,R1,3,8,13.35,0.0,broken,0
1732,R2,5,8,13.35,0.0,broken,0
1732,R3,7,8,13.35,0.0,broken,0
1732,R4,9,8,13.35,0.0,broken,0
1733,R0,1,8,13.3,0.0,broken,0
1733,R1,3,8,13.3,0.0,broken,0
1733,R2,5,8,13.3,0.0,broken,0
1733,R3,7,8,13.3,0.0,broken,0
1733,R4,9,8,13.3,0.0,broken,0
1734,R0,1,8,13.25,0.0,broken,0
1734,R1,3,8,13.25,0.0,broken,0
1734,R2,5,8,13.25,0.0,broken,0
1734,R3,7,8,13.25,0.0,broken,0
1734,R4,9,8,13.25,0.0,broken,0
1735,R0,1,8,13.2,0.0,broken,0
1735,R1,3,8,13.2,0.0,broken,0
1735,R2,5,8,13.2,0.0,broken,0
1735,R3,7,8,13.2,0.0,broken,0
1735,R4,9,8,13.2,0.0,broken,0
1736,R0,1,8,13.15,0.0,broken,0
1736,R1,3,8,13.15,0.0,broken,0
1736,R2,5,8,13.15,0.0,broken,0
1736,R3,7,8,13.15,0.0,broken,0
1736,R4,9,8,13.15,0.0,broken,0
1737,R0,1,8,13.1,0.0,broken,0
1737,R1,3,8,13.1,0.0,broken,0
1737,R2,5,8,13.1,0.0,broken,0
1737,R3,7,8,13.1,0.0,broken,0
1737,R4,9,8,13.1,0.0,broken,0
1738,R0,1,8,13.05,0.0,broken,0
1738,R1,3,8,13.05,0.0,broken,0
1738,R2,5,8,13.05,0.0,broken,0
1738,R3,7,8,13.05,0.0,broken,0
1738,R4,9,8,13.05,0.0,broken,0
1739,R0,1,8,13.0,0.0,broken,0
1739,R1,3,8,13.0,0.0,broken,0
1739,R2,5,8,13.0,0.0,broken,0
1739,R3,7,8,13.0,0.0,broken,0
1739,R4,9,8,13.0,0.0,broken,0
1740,R0,1,8,12.95,0.0,broken,0
1740,R1,3,8,12.95,0.0,broken,0
1740,R2,5,8,12.95,0.0,broken,0
1740,R3,7,8,12.95,0.0,broken,0
1740,R4,9,8,12.95,0.0,broken,0
1741,R0,1,8,12.9,0.0,broken,0
1741,R1,3,8,12.9,0.0,broken,0
1741,R2,5,8,12.9,0.0,broken,0
1741,R3,7,8,12.9,0.0,broken,0
1741,R4,9,8,12.9,0.0,broken,0
1742,R0,1,8,12.85,0.0,broken,0
1742,R1,3,8,12.85,0.0,broken,0
1742,R2,5,8,12.85,0.0,broken,0
1742,R3,7,8,12.85,0.0,broken,0
1742,R4,9,8,12.85,0.0,broken,0
1743,R0,1,8,12.8,0.0,broken,0
1743,R1,3,8,12.8,0.0,broken,0
1743,R2,5,8,12.8,0.0,broken,0
1743,R3,7,8,12.8,0.0,broken,0
1743,R4,9,8,12.8,0.0,broken,0
1744,R0,1,8,12.75,0.0,broken,0
1744,R1,3,8,12.75,0.0,broken,0
1744,R2,5,8,12.75,0.0,broken,0
1744,R3,7,8,12.75,0.0,broken,0
1744,R4,9,8,12.75,0.0,broken,0
1745,R0,1,8,12.7,0.0,broken,0
1745,R1,3,8,12.7,0.0,broken,0
1745,R2,5,8,12.7,0.0,broken,0
1745,R3,7,8,12.7,0.0,broken,0
1745,R4,9,8,12.7,0.0,broken,0
1746,R0,1,8,12.65,0.0,broken,0
1746,R1,3,8,12.65,0.0,broken,0
1746,R2,5,8,12.65,0.0,broken,0
1746,R3,7,8,12.65,0.0,broken,0
1746,R4,9,8,12.65,0.0,broken,0
1747,R0,1,8,12.6,0.0,broken,0
1747,R1,3,8,12.6,0.0,broken,0
1747,R2,5,8,12.6,0.0,broken,0
1747,R3,7,8,12.6,0.0,broken,0
1747,R4,9,8,12.6,0.0,broken,0
1748,R0,1,8,12.55,0.0,broken,0
1748,R1,3,8,12.55,0.0,broken,0
1748,R2,5,8,12.55,0.0,broken,0
1748,R3,7,8,12.55,0.0,broken,0
1748,R4,9,8,12.55,0.0,broken,0
1749,R0,1,8,12.5,0.0,broken,0
1749,R1,3,8,12.5,0.0,broken,0
1749,R2,5,8,12.5,0.0,broken,0
1749,R3,7,8,12.5,0.0,broken,0
1749,R4,9,8,12.5,0.0,broken,0
1750,R0,1,8,12.45,0.0,broken,0
1750,R1,3,8,12.45,0.0,broken,0
1750,R2,5,8,12.45,0.0,broken,0
1750,R3,7,8,12.45,0.0,broken,0
1750,R4,9,8,12.45,0.0,broken,0
1751,R0,1,8,12.4,0.0,broken,0
1751,R1,3,8,12.4,0.0,broken,0
1751,R2,5,8,12.4,0.0,broken,0
1751,R3,7,8,12.4,0.0,broken,0
1751,R4,9,8,12.4,0.0,broken,0
1752,R0,1,8,12.35,0.0,broken,0
1752,R1,3,8,12.35,0.0,broken,0
1752,R2,5,8,12.35,0.0,broken,0
1752,R3,7,8,12.35,0.0,broken,0
1752,R4,9,8,12.35,0.0,broken,0
1753,R0,1,8,12.3,0.0,broken,0
1753,R1,3,8,12.3,0.0,broken,0
1753,R2,5,8,12.3,0.0,broken,0
1753,R3,7,8,12.3,0.0,broken,0
1753,R4,9,8,12.3,0.0,broken,0
1754,R0,1,8,12.25,0.0,broken,0
1754,R1,3,8,12.25,0.0,broken,0
1754,R2,5,8,12.25,0.0,broken,0
1754,R3,7,8,12.25,0.0,broken,0
1754,R4,9,8,12.25,0.0,broken,0
1755,R0,1,8,12.2,0.0,broken,0
1755,R1,3,8,12.2,0.0,broken,0
1755,R2,5,8,12.2,0.0,broken,0
1755,R3,7,8,12.2,0.0,broken,0
1755,R4,9,8,12.2,0.0,broken,0
1756,R0,1,8,12.15,0.0,broken,0
1756,R1,3,8,12.15,0.0,broken,0
1756,R2,5,8,12.15,0.0,broken,0
1756,R3,7,8,12.15,0.0,broken,0
1756,R4,9,8,12.15,0.0,broken,0
1757,R0,1,8,12.1,0.0,broken,0
1757,R1,3,8,12.1,0.0,broken,0
1757,R2,5,8,12.1,0.0,broken,0
1757,R3,7,8,12.1,0.0,broken,0
1757,R4,9,8,12.1,0.0,broken,0
1758,R0,1,8,12.05,0.0,broken,0
1758,R1,3,8,12.05,0.0,broken,0
1758,R2,5,8,12.05,0.0,broken,0
1758,R3,7,8,12.05,0.0,broken,0
1758,R4,9,8,12.05,0.0,broken,0
1759,R0,1,8,12.0,0.0,broken,0
1759,R1,3,8,12.0,0.0,broken,0
1759,R2,5,8,12.0,0.0,broken,0
1759,R3,7,8,12.0,0.0,broken,0
1759,R4,9,8,12.0,0.0,broken,0
1760,R0,1,8,11.95,0.0,broken,0
1760,R1,3,8,11.95,0.0,broken,0
1760,R2,5,8,11.95,0.0,broken,0
1760,R3,7,8,11.95,0.0,broken,0
1760,R4,9,8,11.95,0.0,broken,0
1761,R0,1,8,11.9,0.0,broken,0
1761,R1,3,8,11.9,0.0,broken,0
1761,R2,5,8,11.9,0.0,broken,0
1761,R3,7,8,11.9,0.0,broken,0
1761,R4,9,8,11.9,0.0,broken,0
1762,R0,1,8,11.85,0.0,broken,0
1762,R1,3,8,11.85,0.0,broken,0
1762,R2,5,8,11.85,0.0,broken,0
1762,R3,7,8,11.85,0.0,broken,0
1762,R4,9,8,11.85,0.0,broken,0
1763,R0,1,8,11.8,0.0,broken,0
1763,R1,3,8,11.8,0.0,broken,0
1763,R2,5,8,11.8,0.0,broken,0
1763,R3,7,8,11.8,0.0,broken,0
1763,R4,9,8,11.8,0.0,broken,0
1764,R0,1,8,11.75,0.0,broken,0
1764,R1,3,8,11.75,0.0,broken,0
1764,R2,5,8,11.75,0.0,broken,0
1764,R3,7,8,11.75,0.0,broken,0
1764,R4,9,8,11.75,0.0,broken,0
1765,R0,1,8,11.7,0.0,broken,0
1765,R1,3,8,11.7,0.0,broken,0
1765,R2,5,8,11.7,0.0,broken,0
1765,R3,7,8,11.7,0.0,broken,0
1765,R4,9,8,11.7,0.0,broken,0
1766,R0,1,8,11.65,0.0,broken,0
1766,R1,3,8,11.65,0.0,broken,0
1766,R2,5,8,11.65,0.0,broken,0
1766,R3,7,8,11.65,0.0,broken,0
1766,R4,9,8,11.65,0.0,broken,0
1767,R0,1,8,11.6,0.0,broken,0
1767,R1,3,8,11.6,0.0,broken,0
1767,R2,5,8,11.6,0.0,broken,0
1767,R3,7,8,11.6,0.0,broken,0
1767,R4,9,8,11.6,0.0,broken,0
1768,R0,1,8,11.55,0.0,broken,0
1768,R1,3,8,11.55,0.0,broken,0
1768,R2,5,8,11.55,0.0,broken,0
1768,R3,7,8,11.55,0.0,broken,0
1768,R4,9,8,11.55,0.0,broken,0
1769,R0,1,8,11.5,0.0,broken,0
1769,R1,3,8,11.5,0.0,broken,0
1769,R2,5,8,11.5,0.0,broken,0
1769,R3,7,8,11.5,0.0,broken,0
1769,R4,9,8,11.5,0.0,broken,0
1770,R0,1,8,11.45,0.0,broken,0
1770,R1,3,8,11.45,0.0,broken,0
1770,R2,5,8,11.45,0.0,broken,0
1770,R3,7,8,11.45,0.0,broken,0
1770,R4,9,8,11.45,0.0,broken,0
1771,R0,1,8,11.4,0.0,broken,0
1771,R1,3,8,11.4,0.0,broken,0
1771,R2,5,8,11.4,0.0,broken,0
1771,R3,7,8,11.4,0.0,broken,0
1771,R4,9,8,11.4,0.0,broken,0
1772,R0,1,8,11.35,0.0,broken,0
1772,R1,3,8,11.35,0.0,broken,0
1772,R2,5,8,11.35,0.0,broken,0
1772,R3,7,8,11.35,0.0,broken,0
1772,R4,9,8,11.35,0.0,broken,0
1773,R0,1,8,11.3,0.0,broken,0
1773,R1,3,8,11.3,0.0,broken,0
1773,R2,5,8,11.3,0.0,broken,0
1773,R3,7,8,11.3,0.0,broken,0
1773,R4,9,8,11.3,0.0,broken,0
1774,R0,1,8,11.25,0.0,broken,0
1774,R1,3,8,11.25,0.0,broken,0
1774,R2,5,8,11.25,0.0,broken,0
1774,R3,7,8,11.25,0.0,broken,0
1774,R4,9,8,11.25,0.0,broken,0
1775,R0,1,8,11.2,0.0,broken,0
1775,R1,3,8,11.2,0.0,broken,0
1775,R2,5,8,11.2,0.0,broken,0
1775,R3,7,8,11.2,0.0,broken,0
1775,R4,9,8,11.2,0.0,broken,0
1776,R0,1,8,11.15,0.0,broken,0
1776,R1,3,8,11.15,0.0,broken,0
1776,R2,5,8,11.15,0.0,broken,0
1776,R3,7,8,11.15,0.0,broken,0
1776,R4,9,8,11.15,0.0,broken,0
1777,R0,1,8,11.1,0.0,broken,0
1777,R1,3,8,11.1,0.0,broken,0
1777,R2,5,8,11.1,0.0,broken,0
1777,R3,7,8,11.1,0.0,broken,0
1777,R4,9,8,11.1,0.0,broken,0
1778,R0,1,8,11.05,0.0,broken,0
1778,R1,3,8,11.05,0.0,broken,0
1778,R2,5,8,11.05,0.0,broken,0
1778,R3,7,8,11.05,0.0,broken,0
1778,R4,9,8,11.05,0.0,broken,0
1779,R0,1,8,11.0,0.0,broken,0
1779,R1,3,8,11.0,0.0,broken,0
1779,R2,5,8,11.0,0.0,broken,0
1779,R3,7,8,11.0,0.0,broken,0
1779,R4,9,8,11.0,0.0,broken,0
1780,R0,1,8,10.95,0.0,broken,0
1780,R1,3,8,10.95,0.0,broken,0
1780,R2,5,8,10.95,0.0,broken,0
1780,R3,7,8,10.95,0.0,broken,0
1780,R4,9,8,10.95,0.0,broken,0
1781,R0,1,8,10.9,0.0,broken,0
1781,R1,3,8,10.9,0.0,broken,0
1781,R2,5,8,10.9,0.0,broken,0
1781,R3,7,8,10.9,0.0,broken,0
1781,R4,9,8,10.9,0.0,broken,0
1782,R0,1,8,10.85,0.0,broken,0
1782,R1,3,8,10.85,0.0,broken,0
1782,R2,5,8,10.85,0.0,broken,0
1782,R3,7,8,10.85,0.0,broken,0
1782,R4,9,8,10.85,0.0,broken,0
1783,R0,1,8,10.8,0.0,broken,0
1783,R1,3,8,10.8,0.0,broken,0
1783,R2,5,8,10.8,0.0,broken,0
1783,R3,7,8,10.8,0.0,broken,0
1783,R4,9,8,10.8,0.0,broken,0
1784,R0,1,8,10.75,0.0,broken,0
1784,R1,3,8,10.75,0.0,broken,0
1784,R2,5,8,10.75,0.0,broken,0
1784,R3,7,8,10.75,0.0,broken,0
1784,R4,9,8,10.75,0.0,broken,0
1785,R0,1,8,10.7,0.0,broken,0
1785,R1,3,8,10.7,0.0,broken,0
1785,R2,5,8,10.7,0.0,broken,0
1785,R3,7,8,10.7,0.0,broken,0
1785,R4,9,8,10.7,0.0,broken,0
1786,R0,1,8,10.65,0.0,broken,0
1786,R1,3,8,10.65,0.0,broken,0
1786,R2,5,8,10.65,0.0,broken,0
1786,R3,7,8,10.65,0.0,broken,0
1786,R4,9,8,10.65,0.0,broken,0
1787,R0,1,8,10.6,0.0,broken,0
1787,R1,3,8,10.6,0.0,broken,0
1787,R2,5,8,10.6,0.0,broken,0
1787,R3,7,8,10.6,0.0,broken,0
1787,R4,9,8,10.6,0.0,broken,0
1788,R0,1,8,10.55,0.0,broken,0
1788,R1,3,8,10.55,0.0,broken,0
1788,R2,5,8,10.55,0.0,broken,0
1788,R3,7,8,10.55,0.0,broken,0
1788,R4,9,8,10.55,0.0,broken,0
1789,R0,1,8,10.5,0.0,broken,0
1789,R1,3,8,10.5,0.0,broken,0
1789,R2,5,8,10.5,0.0,broken,0
1789,R3,7,8,10.5,0.0,broken,0
1789,R4,9,8,10.5,0.0,broken,0
1790,R0,1,8,10.45,0.0,broken,0
1790,R1,3,8,10.45,0.0,broken,0
1790,R2,5,8,10.45,0.0,broken,0
1790,R3,7,8,10.45,0.0,broken,0
1790,R4,9,8,10.45,0.0,broken,0
1791,R0,1,8,10.4,0.0,broken,0
1791,R1,3,8,10.4,0.0,broken,0
1791,R2,5,8,10.4,0.0,broken,0
1791,R3,7,8,10.4,0.0,broken,0
1791,R4,9,8,10.4,0.0,broken,0
1792,R0,1,8,10.35,0.0,broken,0
1792,R1,3,8,10.35,0.0,broken,0
1792,R2,5,8,10.35,0.0,broken,0
1792,R3,7,8,10.35,0.0,broken,0
1792,R4,9,8,10.35,0.0,broken,0
1793,R0,1,8,10.3,0.0,broken,0
1793,R1,3,8,10.3,0.0,broken,0
1793,R2,5,8,10.3,0.0,broken,0
1793,R3,7,8,10.3,0.0,broken,0
1793,R4,9,8,10.3,0.0,broken,0
1794,R0,1,8,10.25,0.0,broken,0
1794,R1,3,8,10.25,0.0,broken,0
1794,R2,5,8,10.25,0.0,broken,0
1794,R3,7,8,10.25,0.0,broken,0
1794,R4,9,8,10.25,0.0,broken,0
1795,R0,1,8,10.2,0.0,broken,0
1795,R1,3,8,10.2,0.0,broken,0
1795,R2,5,8,10.2,0.0,broken,0
1795,R3,7,8,10.2,0.0,broken,0
1795,R4,9,8,10.2,0.0,broken,0
1796,R0,1,8,10.15,0.0,broken,0
1796,R1,3,8,10.15,0.0,broken,0
1796,R2,5,8,10.15,0.0,broken,0
1796,R3,7,8,10.15,0.0,broken,0
1796,R4,9,8,10.15,0.0,broken,0
1797,R0,1,8,10.1,0.0,broken,0
1797,R1,3,8,10.1,0.0,broken,0
1797,R2,5,8,10.1,0.0,broken,0
1797,R3,7,8,10.1,0.0,broken,0
1797,R4,9,8,10.1,0.0,broken,0
1798,R0,1,8,10.05,0.0,broken,0
1798,R1,3,8,10.05,0.0,broken,0
1798,R2,5,8,10.05,0.0,broken,0
1798,R3,7,8,10.05,0.0,broken,0
1798,R4,9,8,10.05,0.0,broken,0
1799,R0,1,8,10.0,0.0,broken,0
1799,R1,3,8,10.0,0.0,broken,0
1799,R2,5,8,10.0,0.0,broken,0
1799,R3,7,8,10.0,0.0,broken,0
1799,R4,9,8,10.0,0.0,broken,0
1800,R0,1,8,9.95,0.0,broken,0
1800,R1,3,8,9.95,0.0,broken,0
1800,R2,5,8,9.95,0.0,broken,0
1800,R3,7,8,9.95,0.0,broken,0
1800,R4,9,8,9.95,0.0,broken,0
1801,R0,1,8,9.9,0.0,broken,0
1801,R1,3,8,9.9,0.0,broken,0
1801,R2,5,8,9.9,0.0,broken,0
1801,R3,7,8,9.9,0.0,broken,0
1801,R4,9,8,9.9,0.0,broken,0
1802,R0,1,8,9.85,0.0,broken,0
1802,R1,3,8,9.85,0.0,broken,0
1802,R2,5,8,9.85,0.0,broken,0
1802,R3,7,8,9.85,0.0,broken,0
1802,R4,9,8,9.85,0.0,broken,0
1803,R0,1,8,9.8,0.0,broken,0
1803,R1,3,8,9.8,0.0,broken,0
1803,R2,5,8,9.8,0.0,broken,0
1803,R3,7,8,9.8,0.0,broken,0
1803,R4,9,8,9.8,0.0,broken,0
1804,R0,1,8,9.75,0.0,broken,0
1804,R1,3,8,9.75,0.0,broken,0
1804,R2,5,8,9.75,0.0,broken,0
1804,R3,7,8,9.75,0.0,broken,0
1804,R4,9,8,9.75,0.0,broken,0
1805,R0,1,8,9.7,0.0,broken,0
1805,R1,3,8,9.7,0.0,broken,0
1805,R2,5,8,9.7,0.0,broken,0
1805,R3,7,8,9.7,0.0,broken,0
1805,R4,9,8,9.7,0.0,broken,0
1806,R0,1,8,9.65,0.0,broken,0
1806,R1,3,8,9.65,0.0,broken,0
1806,R2,5,8,9.65,0.0,broken,0
1806,R3,7,8,9.65,0.0,broken,0
1806,R4,9,8,9.65,0.0,broken,0
1807,R0,1,8,9.6,0.0,broken,0
1807,R1,3,8,9.6,0.0,broken,0
1807,R2,5,8,9.6,0.0,broken,0
1807,R3,7,8,9.6,0.0,broken,0
1807,R4,9,8,9.6,0.0,broken,0
1808,R0,1,8,9.55,0.0,broken,0
1808,R1,3,8,9.55,0.0,broken,0
1808,R2,5,8,9.55,0.0,broken,0
1808,R3,7,8,9.55,0.0,broken,0
1808,R4,9,8,9.55,0.0,broken,0
1809,R0,1,8,9.5,0.0,broken,0
1809,R1,3,8,9.5,0.0,broken,0
1809,R2,5,8,9.5,0.0,broken,0
1809,R3,7,8,9.5,0.0,broken,0
1809,R4,9,8,9.5,0.0,broken,0
1810,R0,1,8,9.45,0.0,broken,0
1810,R1,3,8,9.45,0.0,broken,0
1810,R2,5,8,9.45,0.0,broken,0
1810,R3,7,8,9.45,0.0,broken,0
1810,R4,9,8,9.45,0.0,broken,0
1811,R0,1,8,9.4,0.0,broken,0
1811,R1,3,8,9.4,0.0,broken,0
1811,R2,5,8,9.4,0.0,broken,0
1811,R3,7,8,9.4,0.0,broken,0
1811,R4,9,8,9.4,0.0,broken,0
1812,R0,1,8,9.35,0.0,broken,0
1812,R1,3,8,9.35,0.0,broken,0
1812,R2,5,8,9.35,0.0,broken,0
1812,R3,7,8,9.35,0.0,broken,0
1812,R4,9,8,9.35,0.0,broken,0
1813,R0,1,8,9.3,0.0,broken,0
1813,R1,3,8,9.3,0.0,broken,0
1813,R2,5,8,9.3,0.0,broken,0
1813,R3,7,8,9.3,0.0,broken,0
1813,R4,9,8,9.3,0.0,broken,0
1814,R0,1,8,9.25,0.0,broken,0
1814,R1,3,8,9.25,0.0,broken,0
1814,R2,5,8,9.25,0.0,broken,0
1814,R3,7,8,9.25,0.0,broken,0
1814,R4,9,8,9.25,0.0,broken,0
1815,R0,1,8,9.2,0.0,broken,0
1815,R1,3,8,9.2,0.0,broken,0
1815,R2,5,8,9.2,0.0,broken,0
1815,R3,7,8,9.2,0.0,broken,0
1815,R4,9,8,9.2,0.0,broken,0
1816,R0,1,8,9.15,0.0,broken,0
1816,R1,3,8,9.15,0.0,broken,0
1816,R2,5,8,9.15,0.0,broken,0
1816,R3,7,8,9.15,0.0,broken,0
1816,R4,9,8,9.15,0.0,broken,0
1817,R0,1,8,9.1,0.0,broken,0
1817,R1,3,8,9.1,0.0,broken,0
1817,R2,5,8,9.1,0.0,broken,0
1817,R3,7,8,9.1,0.0,broken,0
1817,R4,9,8,9.1,0.0,broken,0
1818,R0,1,8,9.05,0.0,broken,0
1818,R1,3,8,9.05,0.0,broken,0
1818,R2,5,8,9.05,0.0,broken,0
1818,R3,7,8,9.05,0.0,broken,0
1818,R4,9,8,9.05,0.0,broken,0
1819,R0,1,8,9.0,0.0,broken,0
1819,R1,3,8,9.0,0.0,broken,0
1819,R2,5,8,9.0,0.0,broken,0
1819,R3,7,8,9.0,0.0,broken,0
1819,R4,9,8,9.0,0.0,broken,0
1820,R0,1,8,8.95,0.0,broken,0
1820,R1,3,8,8.95,0.0,broken,0
1820,R2,5,8,8.95,0.0,broken,0
1820,R3,7,8,8.95,0.0,broken,0
1820,R4,9,8,8.95,0.0,broken,0
1821,R0,1,8,8.9,0.0,broken,0
1821,R1,3,8,8.9,0.0,broken,0
1821,R2,5,8,8.9,0.0,broken,0
1821,R3,7,8,8.9,0.0,broken,0
1821,R4,9,8,8.9,0.0,broken,0
1822,R0,1,8,8.85,0.0,broken,0
1822,R1,3,8,8.85,0.0,broken,0
1822,R2,5,8,8.85,0.0,broken,0
1822,R3,7,8,8.85,0.0,broken,0
1822,R4,9,8,8.85,0.0,broken,0
1823,R0,1,8,8.8,0.0,broken,0
1823,R1,3,8,8.8,0.0,broken,0
1823,R2,5,8,8.8,0.0,broken,0
1823,R3,7,8,8.8,0.0,broken,0
1823,R4,9,8,8.8,0.0,broken,0
1824,R0,1,8,8.75,0.0,broken,0
1824,R1,3,8,8.75,0.0,broken,0
1824,R2,5,8,8.75,0.0,broken,0
1824,R3,7,8,8.75,0.0,broken,0
1824,R4,9,8,8.75,0.0,broken,0
1825,R0,1,8,8.7,0.0,broken,0
1825,R1,3,8,8.7,0.0,broken,0
1825,R2,5,8,8.7,0.0,broken,0
1825,R3,7,8,8.7,0.0,broken,0
1825,R4,9,8,8.7,0.0,broken,0
1826,R0,1,8,8.65,0.0,broken,0
1826,R1,3,8,8.65,0.0,broken,0
1826,R2,5,8,8.65,0.0,broken,0
1826,R3,7,8,8.65,0.0,broken,0
1826,R4,9,8,8.65,0.0,broken,0
1827,R0,1,8,8.6,0.0,broken,0
1827,R1,3,8,8.6,0.0,broken,0
1827,R2,5,8,8.6,0.0,broken,0
1827,R3,7,8,8.6,0.0,broken,0
1827,R4,9,8,8.6,0.0,broken,0
1828,R0,1,8,8.55,0.0,broken,0
1828,R1,3,8,8.55,0.0,broken,0
1828,R2,5,8,8.55,0.0,broken,0
1828,R3,7,8,8.55,0.0,broken,0
1828,R4,9,8,8.55,0.0,broken,0
1829,R0,1,8,8.5,0.0,broken,0
1829,R1,3,8,8.5,0.0,broken,0
1829,R2,5,8,8.5,0.0,broken,0
1829,R3,7,8,8.5,0.0,broken,0
1829,R4,9,8,8.5,0.0,broken,0
1830,R0,1,8,8.45,0.0,broken,0
1830,R1,3,8,8.45,0.0,broken,0
1830,R2,5,8,8.45,0.0,broken,0
1830,R3,7,8,8.45,0.0,broken,0
1830,R4,9,8,8.45,0.0,broken,0
1831,R0,1,8,8.4,0.0,broken,0
1831,R1,3,8,8.4,0.0,broken,0
1831,R2,5,8,8.4,0.0,broken,0
1831,R3,7,8,8.4,0.0,broken,0
1831,R4,9,8,8.4,0.0,broken,0
1832,R0,1,8,8.35,0.0,broken,0
1832,R1,3,8,8.35,0.0,broken,0
1832,R2,5,8,8.35,0.0,broken,0
1832,R3,7,8,8.35,0.0,broken,0
1832,R4,9,8,8.35,0.0,broken,0
1833,R0,1,8,8.3,0.0,broken,0
1833,R1,3,8,8.3,0.0,broken,0
1833,R2,5,8,8.3,0.0,broken,0
1833,R3,7,8,8.3,0.0,broken,0
1833,R4,9,8,8.3,0.0,broken,0
1834,R0,1,8,8.25,0.0,broken,0
1834,R1,3,8,8.25,0.0,broken,0
1834,R2,5,8,8.25,0.0,broken,0
1834,R3,7,8,8.25,0.0,broken,0
1834,R4,9,8,8.25,0.0,broken,0
1835,R0,1,8,8.2,0.0,broken,0
1835,R1,3,8,8.2,0.0,broken,0
1835,R2,5,8,8.2,0.0,broken,0
1835,R3,7,8,8.2,0.0,broken,0
1835,R4,9,8,8.2,0.0,broken,0
1836,R0,1,8,8.15,0.0,broken,0
1836,R1,3,8,8.15,0.0,broken,0
1836,R2,5,8,8.15,0.0,broken,0
1836,R3,7,8,8.15,0.0,broken,0
1836,R4,9,8,8.15,0.0,broken,0
1837,R0,1,8,8.1,0.0,broken,0
1837,R1,3,8,8.1,0.0,broken,0
1837,R2,5,8,8.1,0.0,broken,0
1837,R3,7,8,8.1,0.0,broken,0
1837,R4,9,8,8.1,0.0,broken,0
1838,R0,1,8,8.05,0.0,broken,0
1838,R1,3,8,8.05,0.0,broken,0
1838,R2,5,8,8.05,0.0,broken,0
1838,R3,7,8,8.05,0.0,broken,0
1838,R4,9,8,8.05,0.0,broken,0
1839,R0,1,8,8.0,0.0,broken,0
1839,R1,3,8,8.0,0.0,broken,0
1839,R2,5,8,8.0,0.0,broken,0
1839,R3,7,8,8.0,0.0,broken,0
1839,R4,9,8,8.0,0.0,broken,0
1840,R0,1,8,7.95,0.0,broken,0
1840,R1,3,8,7.95,0.0,broken,0
1840,R2,5,8,7.95,0.0,broken,0
1840,R3,7,8,7.95,0.0,broken,0
1840,R4,9,8,7.95,0.0,broken,0
1841,R0,1,8,7.9,0.0,broken,0
1841,R1,3,8,7.9,0.0,broken,0
1841,R2,5,8,7.9,0.0,broken,0
1841,R3,7,8,7.9,0.0,broken,0
1841,R4,9,8,7.9,0.0,broken,0
1842,R0,1,8,7.85,0.0,broken,0
1842,R1,3,8,7.85,0.0,broken,0
1842,R2,5,8,7.85,0.0,broken,0
1842,R3,7,8,7.85,0.0,broken,0
1842,R4,9,8,7.85,0.0,broken,0
1843,R0,1,8,7.8,0.0,broken,0
1843,R1,3,8,7.8,0.0,broken,0
1843,R2,5,8,7.8,0.0,broken,0
1843,R3,7,8,7.8,0.0,broken,0
1843,R4,9,8,7.8,0.0,broken,0
1844,R0,1,8,7.75,0.0,broken,0
1844,R1,3,8,7.75,0.0,broken,0
1844,R2,5,8,7.75,0.0,broken,0
1844,R3,7,8,7.75,0.0,broken,0
1844,R4,9,8,7.75,0.0,broken,0
1845,R0,1,8,7.7,0.0,broken,0
1845,R1,3,8,7.7,0.0,broken,0
1845,R2,5,8,7.7,0.0,broken,0
1845,R3,7,8,7.7,0.0,broken,0
1845,R4,9,8,7.7,0.0,broken,0
1846,R0,1,8,7.65,0.0,broken,0
1846,R1,3,8,7.65,0.0,broken,0
1846,R2,5,8,7.65,0.0,broken,0
1846,R3,7,8,7.65,0.0,broken,0
1846,R4,9,8,7.65,0.0,broken,0
1847,R0,1,8,7.6,0.0,broken,0
1847,R1,3,8,7.6,0.0,broken,0
1847,R2,5,8,7.6,0.0,broken,0
1847,R3,7,8,7.6,0.0,broken,0
1847,R4,9,8,7.6,0.0,broken,0
1848,R0,1,8,7.55,0.0,broken,0
1848,R1,3,8,7.55,0.0,broken,0
1848,R2,5,8,7.55,0.0,broken,0
1848,R3,7,8,7.55,0.0,broken,0
1848,R4,9,8,7.55,0.0,broken,0
1849,R0,1,8,7.5,0.0,broken,0
1849,R1,3,8,7.5,0.0,broken,0
1849,R2,5,8,7.5,0.0,broken,0
1849,R3,7,8,7.5,0.0,broken,0
1849,R4,9,8,7.5,0.0,broken,0
1850,R0,1,8,7.45,0.0,broken,0
1850,R1,3,8,7.45,0.0,broken,0
1850,R2,5,8,7.45,0.0,broken,0
1850,R3,7,8,7.45,0.0,broken,0
1850,R4,9,8,7.45,0.0,broken,0
1851,R0,1,8,7.4,0.0,broken,0
1851,R1,3,8,7.4,0.0,broken,0
1851,R2,5,8,7.4,0.0,broken,0
1851,R3,7,8,7.4,0.0,broken,0
1851,R4,9,8,7.4,0.0,broken,0
1852,R0,1,8,7.35,0.0,broken,0
1852,R1,3,8,7.35,0.0,broken,0
1852,R2,5,8,7.35,0.0,broken,0
1852,R3,7,8,7.35,0.0,broken,0
1852,R4,9,8,7.35,0.0,broken,0
1853,R0,1,8,7.3,0.0,broken,0
1853,R1,3,8,7.3,0.0,broken,0
1853,R2,5,8,7.3,0.0,broken,0
1853,R3,7,8,7.3,0.0,broken,0
1853,R4,9,8,7.3,0.0,broken,0
1854,R0,1,8,7.25,0.0,broken,0
1854,R1,3,8,7.25,0.0,broken,0
1854,R2,5,8,7.25,0.0,broken,0
1854,R3,7,8,7.25,0.0,broken,0
1854,R4,9,8,7.25,0.0,broken,0
1855,R0,1,8,7.2,0.0,broken,0
1855,R1,3,8,7.2,0.0,broken,0
1855,R2,5,8,7.2,0.0,broken,0
1855,R3,7,8,7.2,0.0,broken,0
1855,R4,9,8,7.2,0.0,broken,0
1856,R0,1,8,7.15,0.0,broken,0
1856,R1,3,8,7.15,0.0,broken,0
1856,R2,5,8,7.15,0.0,broken,0
1856,R3,7,8,7.15,0.0,broken,0
1856,R4,9,8,7.15,0.0,broken,0
1857,R0,1,8,7.1,0.0,broken,0
1857,R1,3,8,7.1,0.0,broken,0
1857,R2,5,8,7.1,0.0,broken,0
1857,R3,7,8,7.1,0.0,broken,0
1857,R4,9,8,7.1,0.0,broken,0
1858,R0,1,8,7.05,0.0,broken,0
1858,R1,3,8,7.05,0.0,broken,0
1858,R2,5,8,7.05,0.0,broken,0
1858,R3,7,8,7.05,0.0,broken,0
1858,R4,9,8,7.05,0.0,broken,0
1859,R0,1,8,7.0,0.0,broken,0
1859,R1,3,8,7.0,0.0,broken,0
1859,R2,5,8,7.0,0.0,broken,0
1859,R3,7,8,7.0,0.0,broken,0
1859,R4,9,8,7.0,0.0,broken,0
1860,R0,1,8,6.95,0.0,broken,0
1860,R1,3,8,6.95,0.0,broken,0
1860,R2,5,8,6.95,0.0,broken,0
1860,R3,7,8,6.95,0.0,broken,0
1860,R4,9,8,6.95,0.0,broken,0
1861,R0,1,8,6.9,0.0,broken,0
1861,R1,3,8,6.9,0.0,broken,0
1861,R2,5,8,6.9,0.0,broken,0
1861,R3,7,8,6.9,0.0,broken,0
1861,R4,9,8,6.9,0.0,broken,0
1862,R0,1,8,6.85,0.0,broken,0
1862,R1,3,8,6.85,0.0,broken,0
1862,R2,5,8,6.85,0.0,broken,0
1862,R3,7,8,6.85,0.0,broken,0
1862,R4,9,8,6.85,0.0,broken,0
1863,R0,1,8,6.8,0.0,broken,0
1863,R1,3,8,6.8,0.0,broken,0
1863,R2,5,8,6.8,0.0,broken,0
1863,R3,7,8,6.8,0.0,broken,0
1863,R4,9,8,6.8,0.0,broken,0
1864,R0,1,8,6.75,0.0,broken,0
1864,R1,3,8,6.75,0.0,broken,0
1864,R2,5,8,6.75,0.0,broken,0
1864,R3,7,8,6.75,0.0,broken,0
1864,R4,9,8,6.75,0.0,broken,0
1865,R0,1,8,6.7,0.0,broken,0
1865,R1,3,8,6.7,0.0,broken,0
1865,R2,5,8,6.7,0.0,broken,0
1865,R3,7,8,6.7,0.0,broken,0
1865,R4,9,8,6.7,0.0,broken,0
1866,R0,1,8,6.65,0.0,broken,0
1866,R1,3,8,6.65,0.0,broken,0
1866,R2,5,8,6.65,0.0,broken,0
1866,R3,7,8,6.65,0.0,broken,0
1866,R4,9,8,6.65,0.0,broken,0
1867,R0,1,8,6.6,0.0,broken,0
1867,R1,3,8,6.6,0.0,broken,0
1867,R2,5,8,6.6,0.0,broken,0
1867,R3,7,8,6.6,0.0,broken,0
1867,R4,9,8,6.6,0.0,broken,0
1868,R0,1,8,6.55,0.0,broken,0
1868,R1,3,8,6.55,0.0,broken,0
1868,R2,5,8,6.55,0.0,broken,0
1868,R3,7,8,6.55,0.0,broken,0
1868,R4,9,8,6.55,0.0,broken,0
1869,R0,1,8,6.5,0.0,broken,0
1869,R1,3,8,6.5,0.0,broken,0
1869,R2,5,8,6.5,0.0,broken,0
1869,R3,7,8,6.5,0.0,broken,0
1869,R4,9,8,6.5,0.0,broken,0
1870,R0,1,8,6.45,0.0,broken,0
1870,R1,3,8,6.45,0.0,broken,0
1870,R2,5,8,6.45,0.0,broken,0
1870,R3,7,8,6.45,0.0,broken,0
1870,R4,9,8,6.45,0.0,broken,0
1871,R0,1,8,6.4,0.0,broken,0
1871,R1,3,8,6.4,0.0,broken,0
1871,R2,5,8,6.4,0.0,broken,0
1871,R3,7,8,6.4,0.0,broken,0
1871,R4,9,8,6.4,0.0,broken,0
1872,R0,1,8,6.35,0.0,broken,0
1872,R1,3,8,6.35,0.0,broken,0
1872,R2,5,8,6.35,0.0,broken,0
1872,R3,7,8,6.35,0.0,broken,0
1872,R4,9,8,6.35,0.0,broken,0
1873,R0,1,8,6.3,0.0,broken,0
1873,R1,3,8,6.3,0.0,broken,0
1873,R2,5,8,6.3,0.0,broken,0
1873,R3,7,8,6.3,0.0,broken,0
1873,R4,9,8,6.3,0.0,broken,0
1874,R0,1,8,6.25,0.0,broken,0
1874,R1,3,8,6.25,0.0,broken,0
1874,R2,5,8,6.25,0.0,broken,0
1874,R3,7,8,6.25,0.0,broken,0
1874,R4,9,8,6.25,0.0,broken,0
1875,R0,1,8,6.2,0.0,broken,0
1875,R1,3,8,6.2,0.0,broken,0
1875,R2,5,8,6.2,0.0,broken,0
1875,R3,7,8,6.2,0.0,broken,0
1875,R4,9,8,6.2,0.0,broken,0
1876,R0,1,8,6.15,0.0,broken,0
1876,R1,3,8,6.15,0.0,broken,0
1876,R2,5,8,6.15,0.0,broken,0
1876,R3,7,8,6.15,0.0,broken,0
1876,R4,9,8,6.15,0.0,broken,0
1877,R0,1,8,6.1,0.0,broken,0
1877,R1,3,8,6.1,0.0,broken,0
1877,R2,5,8,6.1,0.0,broken,0
1877,R3,7,8,6.1,0.0,broken,0
1877,R4,9,8,6.1,0.0,broken,0
1878,R0,1,8,6.05,0.0,broken,0
1878,R1,3,8,6.05,0.0,broken,0
1878,R2,5,8,6.05,0.0,broken,0
1878,R3,7,8,6.05,0.0,broken,0
1878,R4,9,8,6.05,0.0,broken,0
1879,R0,1,8,6.0,0.0,broken,0
1879,R1,3,8,6.0,0.0,broken,0
1879,R2,5,8,6.0,0.0,broken,0
1879,R3,7,8,6.0,0.0,broken,0
1879,R4,9,8,6.0,0.0,broken,0
1880,R0,1,8,5.95,0.0,broken,0
1880,R1,3,8,5.95,0.0,broken,0
1880,R2,5,8,5.95,0.0,broken,0
1880,R3,7,8,5.95,0.0,broken,0
1880,R4,9,8,5.95,0.0,broken,0
1881,R0,1,8,5.9,0.0,broken,0
1881,R1,3,8,5.9,0.0,broken,0
1881,R2,5,8,5.9,0.0,broken,0
1881,R3,7,8,5.9,0.0,broken,0
1881,R4,9,8,5.9,0.0,broken,0
1882,R0,1,8,5.85,0.0,broken,0
1882,R1,3,8,5.85,0.0,broken,0
1882,R2,5,8,5.85,0.0,broken,0
1882,R3,7,8,5.85,0.0,broken,0
1882,R4,9,8,5.85,0.0,broken,0
1883,R0,1,8,5.8,0.0,broken,0
1883,R1,3,8,5.8,0.0,broken,0
1883,R2,5,8,5.8,0.0,broken,0
1883,R3,7,8,5.8,0.0,broken,0
1883,R4,9,8,5.8,0.0,broken,0
1884,R0,1,8,5.75,0.0,broken,0
1884,R1,3,8,5.75,0.0,broken,0
1884,R2,5,8,5.75,0.0,broken,0
1884,R3,7,8,5.75,0.0,broken,0
1884,R4,9,8,5.75,0.0,broken,0
1885,R0,1,8,5.7,0.0,broken,0
1885,R1,3,8,5.7,0.0,broken,0
1885,R2,5,8,5.7,0.0,broken,0
1885,R3,7,8,5.7,0.0,broken,0
1885,R4,9,8,5.7,0.0,broken,0
1886,R0,1,8,5.65,0.0,broken,0
1886,R1,3,8,5.65,0.0,broken,0
1886,R2,5,8,5.65,0.0,broken,0
1886,R3,7,8,5.65,0.0,broken,0
1886,R4,9,8,5.65,0.0,broken,0
1887,R0,1,8,5.6,0.0,broken,0
1887,R1,3,8,5.6,0.0,broken,0
1887,R2,5,8,5.6,0.0,broken,0
1887,R3,7,8,5.6,0.0,broken,0
1887,R4,9,8,5.6,0.0,broken,0
1888,R0,1,8,5.55,0.0,broken,0
1888,R1,3,8,5.55,0.0,broken,0
1888,R2,5,8,5.55,0.0,broken,0
1888,R3,7,8,5.55,0.0,broken,0
1888,R4,9,8,5.55,0.0,broken,0
1889,R0,1,8,5.5,0.0,broken,0
1889,R1,3,8,5.5,0.0,broken,0
1889,R2,5,8,5.5,0.0,broken,0
1889,R3,7,8,5.5,0.0,broken,0
1889,R4,9,8,5.5,0.0,broken,0
1890,R0,1,8,5.45,0.0,broken,0
1890,R1,3,8,5.45,0.0,broken,0
1890,R2,5,8,5.45,0.0,broken,0
1890,R3,7,8,5.45,0.0,broken,0
1890,R4,9,8,5.45,0.0,broken,0
1891,R0,1,8,5.4,0.0,broken,0
1891,R1,3,8,5.4,0.0,broken,0
1891,R2,5,8,5.4,0.0,broken,0
1891,R3,7,8,5.4,0.0,broken,0
1891,R4,9,8,5.4,0.0,broken,0
1892,R0,1,8,5.35,0.0,broken,0
1892,R1,3,8,5.35,0.0,broken,0
1892,R2,5,8,5.35,0.0,broken,0
1892,R3,7,8,5.35,0.0,broken,0
1892,R4,9,8,5.35,0.0,broken,0
1893,R0,1,8,5.3,0.0,broken,0
1893,R1,3,8,5.3,0.0,broken,0
1893,R2,5,8,5.3,0.0,broken,0
1893,R3,7,8,5.3,0.0,broken,0
1893,R4,9,8,5.3,0.0,broken,0
1894,R0,1,8,5.25,0.0,broken,0
1894,R1,3,8,5.25,0.0,broken,0
1894,R2,5,8,5.25,0.0,broken,0
1894,R3,7,8,5.25,0.0,broken,0
1894,R4,9,8,5.25,0.0,broken,0
1895,R0,1,8,5.2,0.0,broken,0
1895,R1,3,8,5.2,0.0,broken,0
1895,R2,5,8,5.2,0.0,broken,0
1895,R3,7,8,5.2,0.0,broken,0
1895,R4,9,8,5.2,0.0,broken,0
1896,R0,1,8,5.15,0.0,broken,0
1896,R1,3,8,5.15,0.0,broken,0
1896,R2,5,8,5.15,0.0,broken,0
1896,R3,7,8,5.15,0.0,broken,0
1896,R4,9,8,5.15,0.0,broken,0
1897,R0,1,8,5.1,0.0,broken,0
1897,R1,3,8,5.1,0.0,broken,0
1897,R2,5,8,5.1,0.0,broken,0
1897,R3,7,8,5.1,0.0,broken,0
1897,R4,9,8,5.1,0.0,broken,0
1898,R0,1,8,5.05,0.0,broken,0
1898,R1,3,8,5.05,0.0,broken,0
1898,R2,5,8,5.05,0.0,broken,0
1898,R3,7,8,5.05,0.0,broken,0
1898,R4,9,8,5.05,0.0,broken,0
1899,R0,1,8,5.0,0.0,broken,0
1899,R1,3,8,5.0,0.0,broken,0
1899,R2,5,8,5.0,0.0,broken,0
1899,R3,7,8,5.0,0.0,broken,0
1899,R4,9,8,5.0,0.0,broken,0
1900,R0,1,8,4.95,0.0,broken,0
1900,R1,3,8,4.95,0.0,broken,0
1900,R2,5,8,4.95,0.0,broken,0
1900,R3,7,8,4.95,0.0,broken,0
1900,R4,9,8,4.95,0.0,broken,0
1901,R0,1,8,4.9,0.0,broken,0
1901,R1,3,8,4.9,0.0,broken,0
1901,R2,5,8,4.9,0.0,broken,0
1901,R3,7,8,4.9,0.0,broken,0
1901,R4,9,8,4.9,0.0,broken,0
1902,R0,1,8,4.85,0.0,broken,0
1902,R1,3,8,4.85,0.0,broken,0
1902,R2,5,8,4.85,0.0,broken,0
1902,R3,7,8,4.85,0.0,broken,0
1902,R4,9,8,4.85,0.0,broken,0
1903,R0,1,8,4.8,0.0,broken,0
1903,R1,3,8,4.8,0.0,broken,0
1903,R2,5,8,4.8,0.0,broken,0
1903,R3,7,8,4.8,0.0,broken,0
1903,R4,9,8,4.8,0.0,broken,0
1904,R0,1,8,4.75,0.0,broken,0
1904,R1,3,8,4.75,0.0,broken,0
1904,R2,5,8,4.75,0.0,broken,0
1904,R3,7,8,4.75,0.0,broken,0
1904,R4,9,8,4.75,0.0,broken,0
1905,R0,1,8,4.7,0.0,broken,0
1905,R1,3,8,4.7,0.0,broken,0
1905,R2,5,8,4.7,0.0,broken,0
1905,R3,7,8,4.7,0.0,broken,0
1905,R4,9,8,4.7,0.0,broken,0
1906,R0,1,8,4.65,0.0,broken,0
1906,R1,3,8,4.65,0.0,broken,0
1906,R2,5,8,4.65,0.0,broken,0
1906,R3,7,8,4.65,0.0,broken,0
1906,R4,9,8,4.65,0.0,broken,0
1907,R0,1,8,4.6,0.0,broken,0
1907,R1,3,8,4.6,0.0,broken,0
1907,R2,5,8,4.6,0.0,broken,0
1907,R3,7,8,4.6,0.0,broken,0
1907,R4,9,8,4.6,0.0,broken,0
1908,R0,1,8,4.55,0.0,broken,0
1908,R1,3,8,4.55,0.0,broken,0
1908,R2,5,8,4.55,0.0,broken,0
1908,R3,7,8,4.55,0.0,broken,0
1908,R4,9,8,4.55,0.0,broken,0
1909,R0,1,8,4.5,0.0,broken,0
1909,R1,3,8,4.5,0.0,broken,0
1909,R2,5,8,4.5,0.0,broken,0
1909,R3,7,8,4.5,0.0,broken,0
1909,R4,9,8,4.5,0.0,broken,0
1910,R0,1,8,4.45,0.0,broken,0
1910,R1,3,8,4.45,0.0,broken,0
1910,R2,5,8,4.45,0.0,broken,0
1910,R3,7,8,4.45,0.0,broken,0
1910,R4,9,8,4.45,0.0,broken,0
1911,R0,1,8,4.4,0.0,broken,0
1911,R1,3,8,4.4,0.0,broken,0
1911,R2,5,8,4.4,0.0,broken,0
1911,R3,7,8,4.4,0.0,broken,0
1911,R4,9,8,4.4,0.0,broken,0
1912,R0,1,8,4.35,0.0,broken,0
1912,R1,3,8,4.35,0.0,broken,0
1912,R2,5,8,4.35,0.0,broken,0
1912,R3,7,8,4.35,0.0,broken,0
1912,R4,9,8,4.35,0.0,broken,0
1913,R0,1,8,4.3,0.0,broken,0
1913,R1,3,8,4.3,0.0,broken,0
1913,R2,5,8,4.3,0.0,broken,0
1913,R3,7,8,4.3,0.0,broken,0
1913,R4,9,8,4.3,0.0,broken,0
1914,R0,1,8,4.25,0.0,broken,0
1914,R1,3,8,4.25,0.0,broken,0
1914,R2,5,8,4.25,0.0,broken,0
1914,R3,7,8,4.25,0.0,broken,0
1914,R4,9,8,4.25,0.0,broken,0
1915,R0,1,8,4.2,0.0,broken,0
1915,R1,3,8,4.2,0.0,broken,0
1915,R2,5,8,4.2,0.0,broken,0
1915,R3,7,8,4.2,0.0,broken,0
1915,R4,9,8,4.2,0.0,broken,0
1916,R0,1,8,4.15,0.0,broken,0
1916,R1,3,8,4.15,0.0,broken,0
1916,R2,5,8,4.15,0.0,broken,0
1916,R3,7,8,4.15,0.0,broken,0
1916,R4,9,8,4.15,0.0,broken,0
1917,R0,1,8,4.1,0.0,broken,0
1917,R1,3,8,4.1,0.0,broken,0
1917,R2,5,8,4.1,0.0,broken,0
1917,R3,7,8,4.1,0.0,broken,0
1917,R4,9,8,4.1,0.0,broken,0
1918,R0,1,8,4.05,0.0,broken,0
1918,R1,3,8,4.05,0.0,broken,0
1918,R2,5,8,4.05,0.0,broken,0
1918,R3,7,8,4.05,0.0,broken,0
1918,R4,9,8,4.05,0.0,broken,0
1919,R0,1,8,4.0,0.0,broken,0
1919,R1,3,8,4.0,0.0,broken,0
1919,R2,5,8,4.0,0.0,broken,0
1919,R3,7,8,4.0,0.0,broken,0
1919,R4,9,8,4.0,0.0,broken,0
1920,R0,1,8,3.95,0.0,broken,0
1920,R1,3,8,3.95,0.0,broken,0
1920,R2,5,8,3.95,0.0,broken,0
1920,R3,7,8,3.95,0.0,broken,0
1920,R4,9,8,3.95,0.0,broken,0
1921,R0,1,8,3.9,0.0,broken,0
1921,R1,3,8,3.9,0.0,broken,0
1921,R2,5,8,3.9,0.0,broken,0
1921,R3,7,8,3.9,0.0,broken,0
1921,R4,9,8,3.9,0.0,broken,0
1922,R0,1,8,3.85,0.0,broken,0
1922,R1,3,8,3.85,0.0,broken,0
1922,R2,5,8,3.85,0.0,broken,0
1922,R3,7,8,3.85,0.0,broken,0
1922,R4,9,8,3.85,0.0,broken,0
1923,R0,1,8,3.8,0.0,broken,0
1923,R1,3,8,3.8,0.0,broken,0
1923,R2,5,8,3.8,0.0,broken,0
1923,R3,7,8,3.8,0.0,broken,0
1923,R4,9,8,3.8,0.0,broken,0
1924,R0,1,8,3.75,0.0,broken,0
1924,R1,3,8,3.75,0.0,broken,0
1924,R2,5,8,3.75,0.0,broken,0
1924,R3,7,8,3.75,0.0,broken,0
1924,R4,9,8,3.75,0.0,broken,0
1925,R0,1,8,3.7,0.0,broken,0
1925,R1,3,8,3.7,0.0,broken,0
1925,R2,5,8,3.7,0.0,broken,0
1925,R3,7,8,3.7,0.0,broken,0
1925,R4,9,8,3.7,0.0,broken,0
1926,R0,1,8,3.65,0.0,broken,0
1926,R1,3,8,3.65,0.0,broken,0
1926,R2,5,8,3.65,0.0,broken,0
1926,R3,7,8,3.65,0.0,broken,0
1926,R4,9,8,3.65,0.0,broken,0
1927,R0,1,8,3.6,0.0,broken,0
1927,R1,3,8,3.6,0.0,broken,0
1927,R2,5,8,3.6,0.0,broken,0
1927,R3,7,8,3.6,0.0,broken,0
1927,R4,9,8,3.6,0.0,broken,0
1928,R0,1,8,3.55,0.0,broken,0
1928,R1,3,8,3.55,0.0,broken,0
1928,R2,5,8,3.55,0.0,broken,0
1928,R3,7,8,3.55,0.0,broken,0
1928,R4,9,8,3.55,0.0,broken,0
1929,R0,1,8,3.5,0.0,broken,0
1929,R1,3,8,3.5,0.0,broken,0
1929,R2,5,8,3.5,0.0,broken,0
1929,R3,7,8,3.5,0.0,broken,0
1929,R4,9,8,3.5,0.0,broken,0
1930,R0,1,8,3.45,0.0,broken,0
1930,R1,3,8,3.45,0.0,broken,0
1930,R2,5,8,3.45,0.0,broken,0
1930,R3,7,8,3.45,0.0,broken,0
1930,R4,9,8,3.45,0.0,broken,0
1931,R0,1,8,3.4,0.0,broken,0
1931,R1,3,8,3.4,0.0,broken,0
1931,R2,5,8,3.4,0.0,broken,0
1931,R3,7,8,3.4,0.0,broken,0
1931,R4,9,8,3.4,0.0,broken,0
1932,R0,1,8,3.35,0.0,broken,0
1932,R1,3,8,3.35,0.0,broken,0
1932,R2,5,8,3.35,0.0,broken,0
1932,R3,7,8,3.35,0.0,broken,0
1932,R4,9,8,3.35,0.0,broken,0
1933,R0,1,8,3.3,0.0,broken,0
1933,R1,3,8,3.3,0.0,broken,0
1933,R2,5,8,3.3,0.0,broken,0
1933,R3,7,8,3.3,0.0,broken,0
1933,R4,9,8,3.3,0.0,broken,0
1934,R0,1,8,3.25,0.0,broken,0
1934,R1,3,8,3.25,0.0,broken,0
1934,R2,5,8,3.25,0.0,broken,0
1934,R3,7,8,3.25,0.0,broken,0
1934,R4,9,8,3.25,0.0,broken,0
1935,R0,1,8,3.2,0.0,broken,0
1935,R1,3,8,3.2,0.0,broken,0
1935,R2,5,8,3.2,0.0,broken,0
1935,R3,7,8,3.2,0.0,broken,0
1935,R4,9,8,3.2,0.0,broken,0
1936,R0,1,8,3.15,0.0,broken,0
1936,R1,3,8,3.15,0.0,broken,0
1936,R2,5,8,3.15,0.0,broken,0
1936,R3,7,8,3.15,0.0,broken,0
1936,R4,9,8,3.15,0.0,broken,0
1937,R0,1,8,3.1,0.0,broken,0
1937,R1,3,8,3.1,0.0,broken,0
1937,R2,5,8,3.1,0.0,broken,0
1937,R3,7,8,3.1,0.0,broken,0
1937,R4,9,8,3.1,0.0,broken,0
1938,R0,1,8,3.05,0.0,broken,0
1938,R1,3,8,3.05,0.0,broken,0
1938,R2,5,8,3.05,0.0,broken,0
1938,R3,7,8,3.05,0.0,broken,0
1938,R4,9,8,3.05,0.0,broken,0
1939,R0,1,8,3.0,0.0,broken,0
1939,R1,3,8,3.0,0.0,broken,0
1939,R2,5,8,3.0,0.0,broken,0
1939,R3,7,8,3.0,0.0,broken,0
1939,R4,9,8,3.0,0.0,broken,0
1940,R0,1,8,2.95,0.0,broken,0
1940,R1,3,8,2.95,0.0,broken,0
1940,R2,5,8,2.95,0.0,broken,0
1940,R3,7,8,2.95,0.0,broken,0
1940,R4,9,8,2.95,0.0,broken,0
1941,R0,1,8,2.9,0.0,broken,0
1941,R1,3,8,2.9,0.0,broken,0
1941,R2,5,8,2.9,0.0,broken,0
1941,R3,7,8,2.9,0.0,broken,0
1941,R4,9,8,2.9,0.0,broken,0
1942,R0,1,8,2.85,0.0,broken,0
1942,R1,3,8,2.85,0.0,broken,0
1942,R2,5,8,2.85,0.0,broken,0
1942,R3,7,8,2.85,0.0,broken,0
1942,R4,9,8,2.85,0.0,broken,0
1943,R0,1,8,2.8,0.0,broken,0
1943,R1,3,8,2.8,0.0,broken,0
1943,R2,5,8,2.8,0.0,broken,0
1943,R3,7,8,2.8,0.0,broken,0
1943,R4,9,8,2.8,0.0,broken,0
1944,R0,1,8,2.75,0.0,broken,0
1944,R1,3,8,2.75,0.0,broken,0
1944,R2,5,8,2.75,0.0,broken,0
1944,R3,7,8,2.75,0.0,broken,0
1944,R4,9,8,2.75,0.0,broken,0
1945,R0,1,8,2.7,0.0,broken,0
1945,R1,3,8,2.7,0.0,broken,0
1945,R2,5,8,2.7,0.0,broken,0
1945,R3,7,8,2.7,0.0,broken,0
1945,R4,9,8,2.7,0.0,broken,0
1946,R0,1,8,2.65,0.0,broken,0
1946,R1,3,8,2.65,0.0,broken,0
1946,R2,5,8,2.65,0.0,broken,0
1946,R3,7,8,2.65,0.0,broken,0
1946,R4,9,8,2.65,0.0,broken,0
1947,R0,1,8,2.6,0.0,broken,0
1947,R1,3,8,2.6,0.0,broken,0
1947,R2,5,8,2.6,0.0,broken,0
1947,R3,7,8,2.6,0.0,broken,0
1947,R4,9,8,2.6,0.0,broken,0
1948,R0,1,8,2.55,0.0,broken,0
1948,R1,3,8,2.55,0.0,broken,0
1948,R2,5,8,2.55,0.0,broken,0
1948,R3,7,8,2.55,0.0,broken,0
1948,R4,9,8,2.55,0.0,broken,0
1949,R0,1,8,2.5,0.0,broken,0
1949,R1,3,8,2.5,0.0,broken,0
1949,R2,5,8,2.5,0.0,broken,0
1949,R3,7,8,2.5,0.0,broken,0
1949,R4,9,8,2.5,0.0,broken,0
1950,R0,1,8,2.45,0.0,broken,0
1950,R1,3,8,2.45,0.0,broken,0
1950,R2,5,8,2.45,0.0,broken,0
1950,R3,7,8,2.45,0.0,broken,0
1950,R4,9,8,2.45,0.0,broken,0
1951,R0,1,8,2.4,0.0,broken,0
1951,R1,3,8,2.4,0.0,broken,0
1951,R2,5,8,2.4,0.0,broken,0
1951,R3,7,8,2.4,0.0,broken,0
1951,R4,9,8,2.4,0.0,broken,0
1952,R0,1,8,2.35,0.0,broken,0
1952,R1,3,8,2.35,0.0,broken,0
1952,R2,5,8,2.35,0.0,broken,0
1952,R3,7,8,2.35,0.0,broken,0
1952,R4,9,8,2.35,0.0,broken,0
1953,R0,1,8,2.3,0.0,broken,0
1953,R1,3,8,2.3,0.0,broken,0
1953,R2,5,8,2.3,0.0,broken,0
1953,R3,7,8,2.3,0.0,broken,0
1953,R4,9,8,2.3,0.0,broken,0
1954,R0,1,8,2.25,0.0,broken,0
1954,R1,3,8,2.25,0.0,broken,0
1954,R2,5,8,2.25,0.0,broken,0
1954,R3,7,8,2.25,0.0,broken,0
1954,R4,9,8,2.25,0.0,broken,0
1955,R0,1,8,2.2,0.0,broken,0
1955,R1,3,8,2.2,0.0,broken,0
1955,R2,5,8,2.2,0.0,broken,0
1955,R3,7,8,2.2,0.0,broken,0
1955,R4,9,8,2.2,0.0,broken,0
1956,R0,1,8,2.15,0.0,broken,0
1956,R1,3,8,2.15,0.0,broken,0
1956,R2,5,8,2.15,0.0,broken,0
1956,R3,7,8,2.15,0.0,broken,0
1956,R4,9,8,2.15,0.0,broken,0
1957,R0,1,8,2.1,0.0,broken,0
1957,R1,3,8,2.1,0.0,broken,0
1957,R2,5,8,2.1,0.0,broken,0
1957,R3,7,8,2.1,0.0,broken,0
1957,R4,9,8,2.1,0.0,broken,0
1958,R0,1,8,2.05,0.0,broken,0
1958,R1,3,8,2.05,0.0,broken,0
1958,R2,5,8,2.05,0.0,broken,0
1958,R3,7,8,2.05,0.0,broken,0
1958,R4,9,8,2.05,0.0,broken,0
1959,R0,1,8,2.0,0.0,broken,0
1959,R1,3,8,2.0,0.0,broken,0
1959,R2,5,8,2.0,0.0,broken,0
1959,R3,7,8,2.0,0.0,broken,0
1959,R4,9,8,2.0,0.0,broken,0
1960,R0,1,8,1.95,0.0,broken,0
1960,R1,3,8,1.95,0.0,broken,0
1960,R2,5,8,1.95,0.0,broken,0
1960,R3,7,8,1.95,0.0,broken,0
1960,R4,9,8,1.95,0.0,broken,0
1961,R0,1,8,1.9,0.0,broken,0
1961,R1,3,8,1.9,0.0,broken,0
1961,R2,5,8,1.9,0.0,broken,0
1961,R3,7,8,1.9,0.0,broken,0
1961,R4,9,8,1.9,0.0,broken,0
1962,R0,1,8,1.85,0.0,broken,0
1962,R1,3,8,1.85,0.0,broken,0
1962,R2,5,8,1.85,0.0,broken,0
1962,R3,7,8,1.85,0.0,broken,0
1962,R4,9,8,1.85,0.0,broken,0
1963,R0,1,8,1.8,0.0,broken,0
1963,R1,3,8,1.8,0.0,broken,0
1963,R2,5,8,1.8,0.0,broken,0
1963,R3,7,8,1.8,0.0,broken,0
1963,R4,9,8,1.8,0.0,broken,0
1964,R0,1,8,1.75,0.0,broken,0
1964,R1,3,8,1.75,0.0,broken,0
1964,R2,5,8,1.75,0.0,broken,0
1964,R3,7,8,1.75,0.0,broken,0
1964,R4,9,8,1.75,0.0,broken,0
1965,R0,1,8,1.7,0.0,broken,0
1965,R1,3,8,1.7,0.0,broken,0
1965,R2,5,8,1.7,0.0,broken,0
1965,R3,7,8,1.7,0.0,broken,0
1965,R4,9,8,1.7,0.0,broken,0
1966,R0,1,8,1.65,0.0,broken,0
1966,R1,3,8,1.65,0.0,broken,0
1966,R2,5,8,1.65,0.0,broken,0
1966,R3,7,8,1.65,0.0,broken,0
1966,R4,9,8,1.65,0.0,broken,0
1967,R0,1,8,1.6,0.0,broken,0
1967,R1,3,8,1.6,0.0,broken,0
1967,R2,5,8,1.6,0.0,broken,0
1967,R3,7,8,1.6,0.0,broken,0
1967,R4,9,8,1.6,0.0,broken,0
1968,R0,1,8,1.55,0.0,broken,0
1968,R1,3,8,1.55,0.0,broken,0
1968,R2,5,8,1.55,0.0,broken,0
1968,R3,7,8,1.55,0.0,broken,0
1968,R4,9,8,1.55,0.0,broken,0
1969,R0,1,8,1.5,0.0,broken,0
1969,R1,3,8,1.5,0.0,broken,0
1969,R2,5,8,1.5,0.0,broken,0
1969,R3,7,8,1.5,0.0,broken,0
1969,R4,9,8,1.5,0.0,broken,0
1970,R0,1,8,1.45,0.0,broken,0
1970,R1,3,8,1.45,0.0,broken,0
1970,R2,5,8,1.45,0.0,broken,0
1970,R3,7,8,1.45,0.0,broken,0
1970,R4,9,8,1.45,0.0,broken,0
1971,R0,1,8,1.4,0.0,broken,0
1971,R1,3,8,1.4,0.0,broken,0
1971,R2,5,8,1.4,0.0,broken,0
1971,R3,7,8,1.4,0.0,broken,0
1971,R4,9,8,1.4,0.0,broken,0
1972,R0,1,8,1.35,0.0,broken,0
1972,R1,3,8,1.35,0.0,broken,0
1972,R2,5,8,1.35,0.0,broken,0
1972,R3,7,8,1.35,0.0,broken,0
1972,R4,9,8,1.35,0.0,broken,0
1973,R0,1,8,1.3,0.0,broken,0
1973,R1,3,8,1.3,0.0,broken,0
1973,R2,5,8,1.3,0.0,broken,0
1973,R3,7,8,1.3,0.0,broken,0
1973,R4,9,8,1.3,0.0,broken,0
1974,R0,1,8,1.25,0.0,broken,0
1974,R1,3,8,1.25,0.0,broken,0
1974,R2,5,8,1.25,0.0,broken,0
1974,R3,7,8,1.25,0.0,broken,0
1974,R4,9,8,1.25,0.0,broken,0
1975,R0,1,8,1.2,0.0,broken,0
1975,R1,3,8,1.2,0.0,broken,0
1975,R2,5,8,1.2,0.0,broken,0
1975,R3,7,8,1.2,0.0,broken,0
1975,R4,9,8,1.2,0.0,broken,0
1976,R0,1,8,1.15,0.0,broken,0
1976,R1,3,8,1.15,0.0,broken,0
1976,R2,5,8,1.15,0.0,broken,0
1976,R3,7,8,1.15,0.0,broken,0
1976,R4,9,8,1.15,0.0,broken,0
1977,R0,1,8,1.1,0.0,broken,0
1977,R1,3,8,1.1,0.0,broken,0
1977,R2,5,8,1.1,0.0,broken,0
1977,R3,7,8,1.1,0.0,broken,0
1977,R4,9,8,1.1,0.0,broken,0
1978,R0,1,8,1.05,0.0,broken,0
1978,R1,3,8,1.05,0.0,broken,0
1978,R2,5,8,1.05,0.0,broken,0
1978,R3,7,8,1.05,0.0,broken,0
1978,R4,9,8,1.05,0.0,broken,0
1979,R0,1,8,1.0,0.0,broken,0
1979,R1,3,8,1.0,0.0,broken,0
1979,R2,5,8,1.0,0.0,broken,0
1979,R3,7,8,1.0,0.0,broken,0
1979,R4,9,8,1.0,0.0,broken,0
1980,R0,1,8,0.95,0.0,broken,0
1980,R1,3,8,0.95,0.0,broken,0
1980,R2,5,8,0.95,0.0,broken,0
1980,R3,7,8,0.95,0.0,broken,0
1980,R4,9,8,0.95,0.0,broken,0
1981,R0,1,8,0.9,0.0,broken,0
1981,R1,3,8,0.9,0.0,broken,0
1981,R2,5,8,0.9,0.0,broken,0
1981,R3,7,8,0.9,0.0,broken,0
1981,R4,9,8,0.9,0.0,broken,0
1982,R0,1,8,0.85,0.0,broken,0
1982,R1,3,8,0.85,0.0,broken,0
1982,R2,5,8,0.85,0.0,broken,0
1982,R3,7,8,0.85,0.0,broken,0
1982,R4,9,8,0.85,0.0,broken,0
1983,R0,1,8,0.8,0.0,broken,0
1983,R1,3,8,0.8,0.0,broken,0
1983,R2,5,8,0.8,0.0,broken,0
1983,R3,7,8,0.8,0.0,broken,0
1983,R4,9,8,0.8,0.0,broken,0
1984,R0,1,8,0.75,0.0,broken,0
1984,R1,3,8,0.75,0.0,broken,0
1984,R2,5,8,0.75,0.0,broken,0
1984,R3,7,8,0.75,0.0,broken,0
1984,R4,9,8,0.75,0.0,broken,0
1985,R0,1,8,0.7,0.0,broken,0
1985,R1,3,8,0.7,0.0,broken,0
1985,R2,5,8,0.7,0.0,broken,0
1985,R3,7,8,0.7,0.0,broken,0
1985,R4,9,8,0.7,0.0,broken,0
1986,R0,1,8,0.65,0.0,broken,0
1986,R1,3,8,0.65,0.0,broken,0
1986,R2,5,8,0.65,0.0,broken,0
1986,R3,7,8,0.65,0.0,broken,0
1986,R4,9,8,0.65,0.0,broken,0
1987,R0,1,8,0.6,0.0,broken,0
1987,R1,3,8,0.6,0.0,broken,0
1987,R2,5,8,0.6,0.0,broken,0
1987,R3,7,8,0.6,0.0,broken,0
1987,R4,9,8,0.6,0.0,broken,0
1988,R0,1,8,0.55,0.0,broken,0
1988,R1,3,8,0.55,0.0,broken,0
1988,R2,5,8,0.55,0.0,broken,0
1988,R3,7,8,0.55,0.0,broken,0
1988,R4,9,8,0.55,0.0,broken,0
1989,R0,1,8,0.5,0.0,broken,0
1989,R1,3,8,0.5,0.0,broken,0
1989,R2,5,8,0.5,0.0,broken,0
1989,R3,7,8,0.5,0.0,broken,0
1989,R4,9,8,0.5,0.0,broken,0
1990,R0,1,8,0.45,0.0,broken,0
1990,R1,3,8,0.45,0.0,broken,0
1990,R2,5,8,0.45,0.0,broken,0
1990,R3,7,8,0.45,0.0,broken,0
1990,R4,9,8,0.45,0.0,broken,0
1991,R0,1,8,0.4,0.0,broken,0
1991,R1,3,8,0.4,0.0,broken,0
1991,R2,5,8,0.4,0.0,broken,0
1991,R3,7,8,0.4,0.0,broken,0
1991,R4,9,8,0.4,0.0,broken,0
1992,R0,1,8,0.35,0.0,broken,0
1992,R1,3,8,0.35,0.0,broken,0
1992,R2,5,8,0.35,0.0,broken,0
1992,R3,7,8,0.35,0.0,broken,0
1992,R4,9,8,0.35,0.0,broken,0
1993,R0,1,8,0.3,0.0,broken,0
1993,R1,3,8,0.3,0.0,broken,0
1993,R2,5,8,0.3,0.0,broken,0
1993,R3,7,8,0.3,0.0,broken,0
1993,R4,9,8,0.3,0.0,broken,0
1994,R0,1,8,0.25,0.0,broken,0
1994,R1,3,8,0.25,0.0,broken,0
1994,R2,5,8,0.25,0.0,broken,0
1994,R3,7,8,0.25,0.0,broken,0
1994,R4,9,8,0.25,0.0,broken,0
1995,R0,1,8,0.2,0.0,broken,0
1995,R1,3,8,0.2,0.0,broken,0
1995,R2,5,8,0.2,0.0,broken,0
1995,R3,7,8,0.2,0.0,broken,0
1995,R4,9,8,0.2,0.0,broken,0
1996,R0,1,8,0.15,0.0,broken,0
1996,R1,3,8,0.15,0.0,broken,0
1996,R2,5,8,0.15,0.0,broken,0
1996,R3,7,8,0.15,0.0,broken,0
1996,R4,9,8,0.15,0.0,broken,0
1997,R0,1,8,0.1,0.0,broken,0
1997,R1,3,8,0.1,0.0,broken,0
1997,R2,5,8,0.1,0.0,broken,0
1997,R3,7,8,0.1,0.0,broken,0
1997,R4,9,8,0.1,0.0,broken,0
1998,R0,1,8,0.05,0.0,broken,0
1998,R1,3,8,0.05,0.0,broken,0
1998,R2,5,8,0.05,0.0,broken,0
1998,R3,7,8,0.05,0.0,broken,0
1998,R4,9,8,0.05,0.0,broken,0
1999,R0,1,8,0.0,0.0,broken,0
1999,R1,3,8,0.0,0.0,broken,0
1999,R2,5,8,0.0,0.0,broken,0
1999,R3,7,8,0.0,0.0,broken,0
1999,R4,9,8,0.0,0.0,broken,0
